d2a828c714188902f2e29da68bf137c3f82de014:flink-runtime/src/main/java/org/apache/flink/runtime/jobmanager/StandaloneSubmittedJobGraphStore.java|flink-runtime/src/main/java/org/apache/flink/runtime/jobmanager/ZooKeeperSubmittedJobGraphStore.java
a8aae336fe0b4ffd1b1edefbfc3b1dedb6343d7e:flink-core/src/main/java/org/apache/flink/api/common/typeinfo/NothingTypeInfo.java|flink-core/src/main/java/org/apache/flink/api/common/typeinfo/TypeInformation.java|flink-queryable-state/flink-queryable-state-client-java/src/main/java/org/apache/flink/queryablestate/client/VoidNamespaceTypeInfo.java|flink-runtime/src/main/java/org/apache/flink/runtime/state/VoidNamespaceTypeInfo.java
c9d6607b017f871e292650caab3802175a5b7b4a:flink-libraries/flink-python/src/main/java/org/apache/flink/python/api/PythonPlanBinder.java
bffa613da377e6ac9880157ac55ff13fc175e885:flink-yarn/src/main/java/org/apache/flink/yarn/AbstractYarnClusterDescriptor.java
ecdd6baeb56681e4bd038291adbb89bd92f14a2e:flink-runtime-web/src/main/java/org/apache/flink/runtime/webmonitor/handlers/JarListHandler.java
1a852ecfeb077a5bee6ccb4f7af7ac1303421742:flink-clients/src/main/java/org/apache/flink/client/program/PackagedProgram.java
8fa60ec20e45c311afc30eb6658ee6edddc65a64:flink-connectors/flink-connector-kafka-base/src/main/java/org/apache/flink/streaming/connectors/kafka/KafkaTableSource.java
021266719f2a7699e355d16462c255de54c1546a:flink-clients/src/main/java/org/apache/flink/client/CliFrontend.java
93818fc163b0617cfa4428493bbb2cb9be5d94b3:flink-core/src/main/java/org/apache/flink/core/fs/LimitedConnectionsFileSystem.java
89d021ae2fb0e0ea5b0edb003df5bd6c3f2180d7:flink-runtime/src/main/java/org/apache/flink/runtime/metrics/groups/ComponentMetricGroup.java
cb081fc5e8418a55e8ed1a0eb3687fdf9ff6ad29:flink-connectors/flink-connector-kafka-base/src/main/java/org/apache/flink/streaming/connectors/kafka/internals/AbstractFetcher.java
611ead023ff0be995a4cebb42d579e7e39442c3c:flink-streaming-java/src/main/java/org/apache/flink/streaming/api/datastream/SingleOutputStreamOperator.java|flink-streaming-java/src/main/java/org/apache/flink/streaming/api/graph/StreamGraphGenerator.java|flink-streaming-java/src/main/java/org/apache/flink/streaming/api/transformations/StreamTransformation.java
eff3628e5917298fcf7372d8837877ad888335ec:flink-streaming-java/src/main/java/org/apache/flink/streaming/runtime/tasks/StreamTask.java
9b59e6ff5adeeef63a696c2837a47b77f4741a57:flink-streaming-java/src/main/java/org/apache/flink/streaming/api/graph/JSONGenerator.java
896797be71e920110aa270402d031969126221bb:flink-connectors/flink-connector-filesystem/src/main/java/org/apache/flink/streaming/connectors/fs/RollingSink.java|flink-connectors/flink-connector-filesystem/src/main/java/org/apache/flink/streaming/connectors/fs/bucketing/BucketingSink.java
b4a886149cc5432fdb58c8785047399728846527:flink-connectors/flink-connector-filesystem/src/main/java/org/apache/flink/streaming/connectors/fs/bucketing/BucketingSink.java
ba8d72ab5cdb04779ef0298cc6244b21d4d243ef:flink-core/src/main/java/org/apache/flink/api/java/typeutils/runtime/kryo/KryoSerializer.java
e76b10d07c657bcf3250ca08b5649c6a242bb01f:flink-runtime/src/main/java/org/apache/flink/runtime/io/network/netty/NettyClient.java
492dcb1765e86f1e7d66ee08db714992e7a31f4e:flink-optimizer/src/main/java/org/apache/flink/optimizer/traversals/GraphCreatingVisitor.java
8b1376b1808d302574073ce180dc561244adc6f5:flink-yarn/src/main/java/org/apache/flink/yarn/Utils.java
64db78c68368b22eff087eb4e74b62063420bc63:flink-connectors/flink-connector-kafka-0.8/src/main/java/org/apache/flink/streaming/connectors/kafka/internals/Kafka08Fetcher.java|flink-connectors/flink-connector-kafka-base/src/main/java/org/apache/flink/streaming/connectors/kafka/FlinkKafkaConsumerBase.java
d57d4e0af0c28c85d880a8261aac90e4a07eda32:flink-runtime/src/main/java/org/apache/flink/runtime/taskmanager/Task.java
64adf4bcfa387047036534059cfe361977439cca:flink-runtime/src/main/java/org/apache/flink/runtime/checkpoint/ZooKeeperCompletedCheckpointStore.java
901cd47395c1e9a440b03d40c6d28b8b1788f983:flink-runtime/src/main/java/org/apache/flink/runtime/checkpoint/ZooKeeperCompletedCheckpointStore.java
93f823fff7b1517cc3f2484fa0091ebdc9e546d0:flink-core/src/main/java/org/apache/flink/api/java/typeutils/runtime/TupleSerializerConfigSnapshot.java
b74c705157fef3e0d305fdd5bf1a006ae0a98666:flink-connectors/flink-connector-filesystem/src/main/java/org/apache/flink/streaming/connectors/fs/AvroKeyValueSinkWriter.java
a0193f10af66c9efa0d9abbe975853f8447c4bf5:flink-connectors/flink-connector-kafka-base/src/main/java/org/apache/flink/streaming/connectors/kafka/FlinkKafkaConsumerBase.java
cb6a8a68c4f8fc34ca00ebc90b40640e441e7552:flink-examples/flink-examples-streaming/src/main/java/org/apache/flink/streaming/examples/kafka/Kafka010Example.java
054af9974638bb4f1b994622bb0ade6cf35468ac:flink-connectors/flink-connector-cassandra/src/main/java/org/apache/flink/streaming/connectors/cassandra/CassandraSinkBase.java
bafb91eeb50a2821771a852919b2358fb43622f2:flink-streaming-java/src/main/java/org/apache/flink/streaming/runtime/tasks/OperatorChain.java
82f3957811d2e5bcefabaa42326d3d4476e45df0:flink-yarn/src/main/java/org/apache/flink/yarn/YarnTaskManagerRunner.java
20146652baff31c3824f7ae31506b8c481cdf56c:flink-runtime/src/main/java/org/apache/flink/runtime/security/SecurityUtils.java|flink-yarn/src/main/java/org/apache/flink/yarn/YarnApplicationMasterRunner.java|flink-yarn/src/main/java/org/apache/flink/yarn/YarnTaskManagerRunner.java
71d682eb7fef37481669f2ad07f891411223c0f0:flink-streaming-java/src/main/java/org/apache/flink/streaming/api/operators/AbstractStreamOperator.java|flink-streaming-java/src/main/java/org/apache/flink/streaming/api/operators/HeapInternalTimerService.java|flink-streaming-java/src/main/java/org/apache/flink/streaming/api/operators/InternalTimeServiceManager.java
319d510174f7862d71a3081f5a9d71eb3ae1de00:flink-core/src/main/java/org/apache/flink/api/common/typeutils/TypeSerializerSerializationUtil.java|flink-core/src/main/java/org/apache/flink/util/InstantiationUtil.java|flink-runtime/src/main/java/org/apache/flink/runtime/state/OperatorBackendStateMetaInfoSnapshotReaderWriters.java
7884a4f749b8e7ba7b831963cf2a3be12df877b7:flink-connectors/flink-connector-kinesis/src/main/java/org/apache/flink/streaming/connectors/kinesis/FlinkKinesisConsumer.java
6922e4c6b6d6ffe455d550a9f9a7c9a38fe8b8d1:flink-connectors/flink-connector-kinesis/src/main/java/org/apache/flink/streaming/connectors/kinesis/internals/KinesisDataFetcher.java
432273aa963f46dc032c5007389a1a681b5188e6:flink-connectors/flink-connector-kafka-base/src/main/java/org/apache/flink/streaming/connectors/kafka/internals/AbstractFetcher.java
e5ac4b08f75e785f257d0fe5010377000e5a0185:flink-connectors/flink-connector-kafka-0.10/src/main/java/org/apache/flink/streaming/connectors/kafka/FlinkKafkaConsumer010.java|flink-connectors/flink-connector-kafka-0.10/src/main/java/org/apache/flink/streaming/connectors/kafka/internal/Kafka010Fetcher.java|flink-connectors/flink-connector-kafka-0.8/src/main/java/org/apache/flink/streaming/connectors/kafka/FlinkKafkaConsumer08.java|flink-connectors/flink-connector-kafka-0.8/src/main/java/org/apache/flink/streaming/connectors/kafka/internals/Kafka08Fetcher.java|flink-connectors/flink-connector-kafka-0.9/src/main/java/org/apache/flink/streaming/connectors/kafka/FlinkKafkaConsumer09.java|flink-connectors/flink-connector-kafka-0.9/src/main/java/org/apache/flink/streaming/connectors/kafka/internal/Kafka09Fetcher.java|flink-connectors/flink-connector-kafka-0.9/src/main/java/org/apache/flink/streaming/connectors/kafka/internal/KafkaConsumerThread.java|flink-connectors/flink-connector-kafka-base/src/main/java/org/apache/flink/streaming/connectors/kafka/FlinkKafkaConsumerBase.java|flink-connectors/flink-connector-kafka-base/src/main/java/org/apache/flink/streaming/connectors/kafka/internals/AbstractFetcher.java
08163009e443d00379696f9f84b3ccb0af6a25b6:flink-connectors/flink-connector-kafka-0.9/src/main/java/org/apache/flink/streaming/connectors/kafka/internal/KafkaConsumerThread.java
c9322661ea7770a2119f51f19bcfd58dc481b4d4:flink-contrib/flink-statebackend-rocksdb/src/main/java/org/apache/flink/contrib/streaming/state/RocksDBKeyedStateBackend.java
19fcd5ebadabdebc4d56716920937f229f06f5d3:flink-connectors/flink-orc/src/main/java/org/apache/flink/orc/OrcTableSource.java
110b86dd20e84b8d820f1cf288e825bfd03b842a:flink-connectors/flink-orc/src/main/java/org/apache/flink/orc/OrcRowInputFormat.java|flink-connectors/flink-orc/src/main/java/org/apache/flink/orc/OrcTableSource.java|flink-connectors/flink-orc/src/main/java/org/apache/flink/orc/OrcUtils.java
0cc0572c441ac1653edbd3a1e9acb3e07af461c2:flink-runtime/src/main/java/org/apache/flink/runtime/metrics/util/MetricUtils.java
09edf6a62822941e8a2f0e6179b85c6fce8fd8c9:flink-runtime/src/main/java/org/apache/flink/runtime/client/JobSubmissionClientActor.java
a2198b04712b8ec6105999414f33781c6efcf4a9:flink-streaming-java/src/main/java/org/apache/flink/streaming/api/operators/async/AsyncWaitOperator.java
eb6380901e0c62c57eb300b730548c8ad9ec15e0:flink-connectors/flink-connector-filesystem/src/main/java/org/apache/flink/streaming/connectors/fs/bucketing/BucketingSink.java
4d1ba45e78fa4ed6cd5af0405c7988ffaa6dee13:flink-runtime/src/main/java/org/apache/flink/runtime/executiongraph/AccessExecutionGraph.java|flink-runtime/src/main/java/org/apache/flink/runtime/executiongraph/ArchivedExecutionGraph.java|flink-runtime/src/main/java/org/apache/flink/runtime/executiongraph/ErrorInfo.java|flink-runtime/src/main/java/org/apache/flink/runtime/executiongraph/ExecutionGraph.java|flink-runtime/src/main/java/org/apache/flink/runtime/rest/handler/job/JobExceptionsHandler.java|flink-runtime/src/main/java/org/apache/flink/runtime/rest/handler/legacy/JobExceptionsHandler.java
b32ac3aaf9dd7732f4c7f0ed43b6467d17c08444:flink-libraries/flink-cep/src/main/java/org/apache/flink/cep/nfa/SharedBuffer.java
71ede3992afe8f6907dd3c6c1e232c5b745048b4:flink-runtime/src/main/java/org/apache/flink/runtime/io/network/partition/PipelinedSubpartition.java|flink-runtime/src/main/java/org/apache/flink/runtime/io/network/partition/SpillableSubpartition.java
1e637c54c2ad1b9a8d9ad6d3f9c8aa55605d7e8e:flink-streaming-java/src/main/java/org/apache/flink/streaming/api/functions/source/SourceFunction.java
6884ce98f3936248a534e259789b9adde1ff9514:flink-streaming-java/src/main/java/org/apache/flink/streaming/api/functions/source/SourceFunction.java
1c7a7fa706e9b373bbe395398507378a61759190:flink-core/src/main/java/org/apache/flink/types/parser/BooleanParser.java|flink-core/src/main/java/org/apache/flink/types/parser/FieldParser.java|flink-core/src/main/java/org/apache/flink/types/parser/IntParser.java|flink-core/src/main/java/org/apache/flink/types/parser/StringParser.java|flink-core/src/main/java/org/apache/flink/types/parser/StringValueParser.java
96051e516bdc114b04c5a3cbb75874c420e27e7b:flink-libraries/flink-gelly/src/main/java/org/apache/flink/graph/library/CommunityDetection.java
415b74ce17cb1ebfa968d158accf32aa8f56230d:flink-clients/src/main/java/org/apache/flink/client/program/rest/RestClusterClient.java|flink-mesos/src/main/java/org/apache/flink/mesos/runtime/clusterframework/MesosApplicationMasterRunner.java|flink-queryable-state/flink-queryable-state-client-java/src/main/java/org/apache/flink/queryablestate/network/AbstractServerBase.java|flink-queryable-state/flink-queryable-state-client-java/src/main/java/org/apache/flink/queryablestate/network/AbstractServerHandler.java|flink-queryable-state/flink-queryable-state-runtime/src/main/java/org/apache/flink/queryablestate/client/proxy/KvStateClientProxyHandler.java|flink-queryable-state/flink-queryable-state-runtime/src/main/java/org/apache/flink/queryablestate/client/proxy/KvStateClientProxyImpl.java|flink-queryable-state/flink-queryable-state-runtime/src/main/java/org/apache/flink/queryablestate/server/KvStateServerHandler.java|flink-queryable-state/flink-queryable-state-runtime/src/main/java/org/apache/flink/queryablestate/server/KvStateServerImpl.java|flink-runtime/src/main/java/org/apache/flink/runtime/concurrent/Executors.java|flink-runtime/src/main/java/org/apache/flink/runtime/taskexecutor/TaskManagerRunner.java|flink-yarn/src/main/java/org/apache/flink/yarn/YarnApplicationMasterRunner.java
68b5a61aab56cc88645383bd12c479d5ab4d92f2:flink-queryable-state/flink-queryable-state-client-java/src/main/java/org/apache/flink/queryablestate/client/QueryableStateClient.java|flink-queryable-state/flink-queryable-state-client-java/src/main/java/org/apache/flink/queryablestate/network/Client.java