3e46d76beafd9a9ff5e05f774d39f2d296069a37:ambari-server/src/main/java/org/apache/ambari/server/events/listeners/alerts/AlertReceivedListener.java|ambari-server/src/main/java/org/apache/ambari/server/orm/dao/AlertsDAO.java
8ddc968f56a96c72449e4f704fa6f1460b4cdce2:ambari-server/src/main/java/org/apache/ambari/server/state/ConfigHelper.java
c0bef351b416d0b0cbdd0ceffa8d8cea7372a8c9:contrib/views/files/src/main/java/org/apache/ambari/view/filebrowser/DownloadService.java
36e5735bfa84efe8b34e7f509e5deef2f3bddd4b:ambari-server/src/main/java/org/apache/ambari/server/events/listeners/upgrade/HostVersionOutOfSyncListener.java
4fd9938a469398fc270b89d5f84133ccab2a4eb0:ambari-metrics/ambari-metrics-common/src/main/java/org/apache/hadoop/metrics2/sink/timeline/AbstractTimelineMetricsSink.java
d8eed413d7329aba624cc6b5d35f3c677d68964a:ambari-server/src/main/java/org/apache/ambari/server/controller/spi/Resource.java
ed7bc49b657f7f9cb7f420c4a5f242e3dbe1c092:ambari-server/src/main/java/org/apache/ambari/server/orm/entities/HostStateEntity.java
7723770f0118f6fb996553a60d389615b4780f0b:ambari-agent/src/main/java/org/apache/ambari/tools/zk/ZkConnection.java|ambari-metrics/ambari-metrics-hadoop-sink/src/main/java/org/apache/hadoop/metrics2/sink/timeline/HadoopTimelineMetricsSink.java|ambari-metrics/ambari-metrics-host-aggregator/src/main/java/org/apache/hadoop/metrics2/host/aggregator/AggregatorApplication.java|ambari-metrics/ambari-metrics-kafka-sink/src/main/java/org/apache/hadoop/metrics2/sink/kafka/KafkaTimelineMetricsReporter.java|ambari-metrics/ambari-metrics-timelineservice/src/main/java/org/apache/ambari/metrics/core/timeline/TimelineMetricStoreWatcher.java|ambari-metrics/ambari-metrics-timelineservice/src/main/java/org/apache/ambari/metrics/core/timeline/upgrade/core/MetricsDataMigrationLauncher.java|ambari-server/src/main/java/org/apache/ambari/server/checks/AtlasMigrationPropertyCheck.java|ambari-server/src/main/java/org/apache/ambari/server/security/authorization/AmbariLdapBindAuthenticator.java|ambari-server/src/main/java/org/apache/ambari/server/security/authorization/Users.java|ambari-server/src/main/java/org/apache/ambari/server/utils/ScheduledExecutorCompletionService.java
a10880a63e6fbef44662ba9f37e87082e9985c64:ambari-server/src/main/java/org/apache/ambari/server/controller/AmbariServer.java
bdb06b1299be0a5fafaf9c3f8eece70b002a6920:ambari-server/src/main/java/org/apache/ambari/server/controller/internal/AmbariPrivilegeResourceProvider.java
c878c67129e7868ce8eb0d08e0393d72769a50c3:ambari-server/src/main/java/org/apache/ambari/server/controller/AmbariManagementControllerImpl.java|ambari-server/src/main/java/org/apache/ambari/server/controller/internal/VersionDefinitionResourceProvider.java
7388dedff41910021cb400a771ec25a8f7bd747e:ambari-server/src/main/java/org/apache/ambari/server/agent/HeartBeatHandler.java
1376c77800da34c5750c9f5337c6e0e49381b1d0:ambari-server/src/main/java/org/apache/ambari/server/controller/internal/URLStreamProvider.java
17dc5fd5610e0037e197934ceb27b61e087c8d57:ambari-server/src/main/java/org/apache/ambari/server/configuration/Configuration.java|ambari-server/src/main/java/org/apache/ambari/server/controller/KerberosHelper.java|ambari-server/src/main/java/org/apache/ambari/server/controller/KerberosHelperImpl.java|ambari-server/src/main/java/org/apache/ambari/server/controller/internal/HostKerberosIdentityResourceProvider.java|ambari-server/src/main/java/org/apache/ambari/server/orm/dao/KerberosKeytabDAO.java|ambari-server/src/main/java/org/apache/ambari/server/orm/dao/KerberosKeytabPrincipalDAO.java|ambari-server/src/main/java/org/apache/ambari/server/orm/dao/KerberosPrincipalDAO.java|ambari-server/src/main/java/org/apache/ambari/server/orm/entities/KerberosKeytabEntity.java|ambari-server/src/main/java/org/apache/ambari/server/orm/entities/KerberosKeytabPrincipalEntity.java|ambari-server/src/main/java/org/apache/ambari/server/serveraction/kerberos/ConfigureAmbariIdentitiesServerAction.java|ambari-server/src/main/java/org/apache/ambari/server/serveraction/kerberos/CreateKeytabFilesServerAction.java|ambari-server/src/main/java/org/apache/ambari/server/serveraction/kerberos/CreatePrincipalsServerAction.java|ambari-server/src/main/java/org/apache/ambari/server/serveraction/kerberos/FinalizeKerberosServerAction.java|ambari-server/src/main/java/org/apache/ambari/server/serveraction/kerberos/stageutils/KerberosKeytabController.java
9e1a5384dead5c7e54276bed90a34376b6571144:ambari-metrics/ambari-metrics-common/src/main/java/org/apache/hadoop/metrics2/sink/timeline/AbstractTimelineMetricsSink.java
447b5e3349fa0615d242b8c4a2103163717e8678:ambari-server/src/main/java/org/apache/ambari/server/orm/entities/HostComponentDesiredStateEntity.java|ambari-server/src/main/java/org/apache/ambari/server/orm/entities/HostComponentStateEntity.java|ambari-server/src/main/java/org/apache/ambari/server/state/stack/upgrade/ConfigurationCondition.java|ambari-server/src/main/java/org/apache/ambari/server/state/stack/upgrade/Grouping.java|ambari-server/src/main/java/org/apache/ambari/server/state/stack/upgrade/HostOrderItem.java|ambari-server/src/main/java/org/apache/ambari/server/upgrade/UpgradeCatalog270.java
ee5a90c4aedbf3caca65586108583741c10f159c:ambari-server/src/main/java/org/apache/ambari/server/controller/ControllerModule.java|ambari-server/src/main/java/org/apache/ambari/server/controller/internal/ClusterResourceProvider.java
ca6e6956e794df34c5f43ec5512f0286da10c57a:ambari-server/src/main/java/org/apache/ambari/server/agent/stomp/TopologyHolder.java|ambari-server/src/main/java/org/apache/ambari/server/agent/stomp/dto/TopologyCluster.java|ambari-server/src/main/java/org/apache/ambari/server/agent/stomp/dto/TopologyComponent.java|ambari-server/src/main/java/org/apache/ambari/server/agent/stomp/dto/TopologyHost.java|ambari-server/src/main/java/org/apache/ambari/server/api/services/stackadvisor/StackAdvisorBlueprintProcessor.java|ambari-server/src/main/java/org/apache/ambari/server/api/services/stackadvisor/StackAdvisorHelper.java|ambari-server/src/main/java/org/apache/ambari/server/api/services/stackadvisor/StackAdvisorRequest.java|ambari-server/src/main/java/org/apache/ambari/server/api/services/stackadvisor/commands/ComponentLayoutRecommendationCommand.java|ambari-server/src/main/java/org/apache/ambari/server/api/services/stackadvisor/commands/ConfigurationRecommendationCommand.java|ambari-server/src/main/java/org/apache/ambari/server/api/services/stackadvisor/commands/StackAdvisorCommand.java|ambari-server/src/main/java/org/apache/ambari/server/controller/AmbariManagementControllerImpl.java|ambari-server/src/main/java/org/apache/ambari/server/controller/AmbariServer.java|ambari-server/src/main/java/org/apache/ambari/server/controller/internal/HostResourceProvider.java|ambari-server/src/main/java/org/apache/ambari/server/controller/internal/RecommendationResourceProvider.java|ambari-server/src/main/java/org/apache/ambari/server/controller/internal/StackAdvisorResourceProvider.java|ambari-server/src/main/java/org/apache/ambari/server/events/listeners/hosts/HostUpdateListener.java|ambari-server/src/main/java/org/apache/ambari/server/state/cluster/ClusterImpl.java|ambari-server/src/main/java/org/apache/ambari/server/state/host/HostImpl.java
177dd195f6248c54e94104bb25476e42ae9da72d:ambari-server/src/main/java/org/apache/ambari/server/orm/entities/ViewInstanceEntity.java|ambari-server/src/main/java/org/apache/ambari/server/security/authorization/AmbariLdapBindAuthenticator.java|ambari-server/src/main/java/org/apache/ambari/server/security/authorization/AuthorizationHelper.java
55c4c880ad7295abfa9d1bed5ca79902955f5428:contrib/views/capacity-scheduler/src/main/java/org/apache/ambari/view/capacityscheduler/ConfigurationService.java
16a1ca4363e4237a087172b0bf52c00269c5ba18:ambari-server/src/main/java/org/apache/ambari/server/configuration/spring/AgentStompConfig.java|ambari-server/src/main/java/org/apache/ambari/server/events/DefaultMessageEmitter.java|ambari-server/src/main/java/org/apache/ambari/server/events/listeners/tasks/TaskStatusListener.java
913ab5862e00669808e6776a23123b2d2f03ce24:ambari-server/src/main/java/org/apache/ambari/server/controller/AmbariManagementController.java|ambari-server/src/main/java/org/apache/ambari/server/controller/AmbariManagementControllerImpl.java|ambari-server/src/main/java/org/apache/ambari/server/state/ConfigFactory.java|ambari-server/src/main/java/org/apache/ambari/server/state/ConfigImpl.java|ambari-server/src/main/java/org/apache/ambari/server/state/cluster/ClusterImpl.java|ambari-server/src/main/java/org/apache/ambari/server/state/configgroup/ConfigGroupImpl.java|ambari-server/src/main/java/org/apache/ambari/server/topology/AmbariContext.java
ca4a712f8747227ca68575687596d704fd92e8f8:ambari-server/src/main/java/org/apache/ambari/server/serveraction/kerberos/CreatePrincipalsServerAction.java|ambari-server/src/main/java/org/apache/ambari/server/serveraction/kerberos/KerberosServerAction.java
3d6676581379198e4c17f11afd2c344a73dfc1a9:ambari-server/src/main/java/org/apache/ambari/server/state/services/RetryUpgradeActionService.java
d5d9afa4a16f3c7654b1c20052ea0aa7d25a4bf5:ambari-server/src/main/java/org/apache/ambari/server/controller/KerberosHelperImpl.java
f2063984190b932e5a77220c4a80f4665e0617fa:ambari-metrics/ambari-metrics-timelineservice/src/main/java/org/apache/ambari/metrics/core/timeline/discovery/TimelineMetricMetadataManager.java|ambari-metrics/ambari-metrics-timelineservice/src/main/java/org/apache/ambari/metrics/core/timeline/query/TransientMetricCondition.java
230188512eee49a04011e3772a313188c3802ff3:ambari-logsearch/ambari-logsearch-server/src/main/java/org/apache/ambari/logsearch/conf/LogSearchConfigApiConfig.java|ambari-logsearch/ambari-logsearch-server/src/main/java/org/apache/ambari/logsearch/conf/SecurityConfig.java|ambari-logsearch/ambari-logsearch-server/src/main/java/org/apache/ambari/logsearch/conf/SolrConfig.java
a610a154c59b4eaf46137761ae7a89ffc79ff6c6:ambari-server/src/main/java/org/apache/ambari/server/api/services/stackadvisor/StackAdvisorRunner.java|ambari-server/src/main/java/org/apache/ambari/server/api/services/stackadvisor/commands/StackAdvisorCommand.java|ambari-server/src/main/java/org/apache/ambari/server/bootstrap/BSHostStatusCollector.java|ambari-server/src/main/java/org/apache/ambari/server/bootstrap/BSRunner.java|ambari-server/src/main/java/org/apache/ambari/server/configuration/Configuration.java|ambari-server/src/main/java/org/apache/ambari/server/security/CertificateManager.java|ambari-server/src/main/java/org/apache/ambari/server/security/encryption/CertificateUtils.java|ambari-server/src/main/java/org/apache/ambari/server/serveraction/kerberos/ConfigureAmbariIdentitiesServerAction.java|ambari-server/src/main/java/org/apache/ambari/server/stack/ConfigurationDirectory.java
04fed34467cfcb1b970f8cca0ff1d691106e69a0:ambari-server/src/main/java/org/apache/ambari/server/controller/metrics/MetricsDataTransferMethodFactory.java
e46711740859232679bd3e8a48fe6c27c31e8f19:ambari-server/src/main/java/org/apache/ambari/server/upgrade/SchemaUpgradeHelper.java
57f13ae1a21c623eaec8a7727ca01bd74cdef7d3:ambari-server/src/main/java/org/apache/ambari/server/bootstrap/BSRunner.java|ambari-server/src/main/java/org/apache/ambari/server/controller/AmbariManagementControllerImpl.java|ambari-server/src/main/java/org/apache/ambari/server/controller/ClusterRequest.java|ambari-server/src/main/java/org/apache/ambari/server/controller/internal/HostResourceProvider.java
7407f75dbf9522d9dcb9a0168edec5ce351dc89e:ambari-metrics/ambari-metrics-hadoop-sink/src/main/java/org/apache/hadoop/metrics2/sink/timeline/HadoopTimelineMetricsSink.java
a2514a5bac549f0d853f03b5eac6a5a4ae185cb9:ambari-server/src/main/java/org/apache/ambari/server/controller/internal/AlertTargetResourceProvider.java
41a9c6fa1771327062aa6425209e6ee863f18730:ambari-server/src/main/java/org/apache/ambari/server/serveraction/kerberos/IPAKerberosOperationHandler.java
ffd89ff5262f2b54329805e6900c6e815b54ca1c:ambari-server/src/main/java/org/apache/ambari/server/api/services/views/ViewUrlsService.java
e7602a087ef4ca759f6aed7b8f37e5ef3a20dcd5:ambari-logsearch/ambari-logsearch-logfeeder/src/main/java/org/apache/ambari/logfeeder/input/file/FileCheckInHelper.java|ambari-logsearch/ambari-logsearch-logfeeder/src/main/java/org/apache/ambari/logfeeder/input/file/ResumeLineNumberHelper.java
182304c6b481cc8a88d27e2aae658108195fa745:contrib/views/utils/src/main/java/org/apache/ambari/view/utils/hdfs/HdfsApi.java
fb64138a7159a837aec846777a33169109fba9cf:ambari-server/src/main/java/org/apache/ambari/server/controller/ActionExecutionContext.java|ambari-server/src/main/java/org/apache/ambari/server/controller/AmbariCustomCommandExecutionHelper.java|ambari-server/src/main/java/org/apache/ambari/server/controller/internal/ClusterStackVersionResourceProvider.java|ambari-server/src/main/java/org/apache/ambari/server/controller/internal/HostStackVersionResourceProvider.java|ambari-server/src/main/java/org/apache/ambari/server/controller/internal/UpgradeResourceProvider.java|ambari-server/src/main/java/org/apache/ambari/server/customactions/ActionDefinition.java|ambari-server/src/main/java/org/apache/ambari/server/customactions/ActionDefinitionManager.java|ambari-server/src/main/java/org/apache/ambari/server/state/stack/upgrade/StageWrapper.java
296a13713d757a555a79e1cb597d0a9461d40037:ambari-server/src/main/java/org/apache/ambari/server/state/stack/upgrade/Grouping.java
db7b17937328b6aa1f860efb4b01539a31913639:ambari-server/src/main/java/org/apache/ambari/server/api/services/ResultStatus.java
14a6f80382c577deaec33b3ca574e07b77af5ecf:ambari-logsearch/ambari-logsearch-logfeeder/src/main/java/org/apache/ambari/logfeeder/loglevelfilter/LogLevelFilterHandler.java
8c1c665c41f39bf63877c1bc96d511fde0a4ed70:ambari-server/src/main/java/org/apache/ambari/server/audit/event/request/AddRepositoryVersionRequestAuditEvent.java|ambari-server/src/main/java/org/apache/ambari/server/audit/event/request/ChangeRepositoryVersionRequestAuditEvent.java
b0030ed6d8a1a1f123b29d6b36088be8d49ff6f9:ambari-server/src/main/java/org/apache/ambari/server/audit/event/LoginAuditEvent.java|ambari-server/src/main/java/org/apache/ambari/server/audit/event/request/ClusterPrivilegeChangeRequestAuditEvent.java|ambari-server/src/main/java/org/apache/ambari/server/audit/event/request/ViewPrivilegeChangeRequestAuditEvent.java
1d58a2ad29cd9ee2ffb1a7c0cc2beda7c13effd1:ambari-server/src/main/java/org/apache/ambari/server/security/authorization/Users.java
adc9d02ebef3ecf48618b8bf3e1d9a39d9c7c3ab:ambari-server/src/main/java/org/apache/ambari/server/security/authentication/AmbariAuthenticationEventHandlerImpl.java
2a98cea0baadcaaa1b653f8209ca308c739853fb:contrib/fast-hdfs-resource/src/main/java/org/apache/ambari/fast_hdfs_resource/Runner.java
63902d68996b43795718dd39b4a20ba2d3490281:ambari-server/src/main/java/org/apache/ambari/server/checks/ServicesMapReduceDistributedCacheCheck.java|ambari-server/src/main/java/org/apache/ambari/server/checks/ServicesTezDistributedCacheCheck.java
e4e6cd5842191c6b89e6cb0b2a006fbe19069e7b:ambari-server/src/main/java/org/apache/ambari/server/api/services/views/ViewInstanceService.java
ef51fd9e8ec8f7bb90687ff7abb04d233504e191:ambari-server/src/main/java/org/apache/ambari/server/checks/DatabaseConsistencyCheckHelper.java
ba58df239c1ee196661c67f309e294d43f93506b:ambari-server/src/main/java/org/apache/ambari/server/audit/event/LoginAuditEvent.java|ambari-server/src/main/java/org/apache/ambari/server/audit/event/request/AddRepositoryVersionRequestAuditEvent.java|ambari-server/src/main/java/org/apache/ambari/server/audit/event/request/ChangeRepositoryVersionRequestAuditEvent.java|ambari-server/src/main/java/org/apache/ambari/server/audit/event/request/ClusterPrivilegeChangeRequestAuditEvent.java|ambari-server/src/main/java/org/apache/ambari/server/audit/event/request/ViewPrivilegeChangeRequestAuditEvent.java
055103e237f99ee583cdd2a90a77624ac93f4b87:ambari-metrics/ambari-metrics-timelineservice/src/main/java/org/apache/ambari/metrics/core/timeline/discovery/TimelineMetricMetadataManager.java
009bd76df27cf411d06940e6618dedc5a9e14866:ambari-server/src/main/java/org/apache/ambari/server/stack/UpdateActiveRepoVersionOnStartup.java
97c84a7205c23a5efd17c2f0cab4e223d832b6c3:ambari-server/src/main/java/org/apache/ambari/server/topology/TopologyManager.java
ed80f7add8a4cc02192671647d7cda2c8f938797:ambari-server/src/main/java/org/apache/ambari/server/orm/DBAccessorImpl.java
d7248a3177bebbba66f7df9004ee85cb548e643b:ambari-server/src/main/java/org/apache/ambari/server/controller/internal/UserPrivilegeResourceProvider.java
ca79b6d2c634db2eb392af66ad8e2e767497eea7:ambari-server/src/main/java/org/apache/ambari/server/controller/KerberosHelperImpl.java
42a46e961d3ea2ce53328aa8f2fa41998e4379c3:ambari-logsearch/ambari-logsearch-logfeeder/src/main/java/org/apache/ambari/logfeeder/LogFeeder.java|ambari-logsearch/ambari-logsearch-server/src/main/java/org/apache/ambari/logsearch/LogSearch.java|ambari-logsearch/ambari-logsearch-server/src/main/java/org/apache/ambari/logsearch/conf/LogSearchHttpConfig.java|ambari-logsearch/ambari-logsearch-server/src/main/java/org/apache/ambari/logsearch/conf/LogSearchServletConfig.java|ambari-logsearch/ambari-logsearch-server/src/main/java/org/apache/ambari/logsearch/conf/SecurityConfig.java|ambari-logsearch/ambari-logsearch-server/src/main/java/org/apache/ambari/logsearch/conf/SolrConfig.java|ambari-logsearch/ambari-logsearch-server/src/main/java/org/apache/ambari/logsearch/dao/UserDao.java|ambari-logsearch/ambari-logsearch-server/src/main/java/org/apache/ambari/logsearch/util/CommonUtil.java|ambari-logsearch/ambari-logsearch-server/src/main/java/org/apache/ambari/logsearch/web/filters/LogsearchSecurityContextFormationFilter.java|ambari-logsearch/ambari-logsearch-server/src/main/java/org/apache/ambari/logsearch/web/filters/NoServletContext.java|ambari-logsearch/ambari-logsearch-server/src/main/java/org/apache/ambari/logsearch/web/security/LogsearchFileAuthenticationProvider.java
77faf73ecff7dfd1fc9d06f34eff48fdd697d7f8:ambari-server/src/main/java/org/apache/ambari/server/events/publishers/BufferedUpdateEventPublisher.java|ambari-server/src/main/java/org/apache/ambari/server/events/publishers/HostComponentUpdateEventPublisher.java|ambari-server/src/main/java/org/apache/ambari/server/events/publishers/RequestUpdateEventPublisher.java|ambari-server/src/main/java/org/apache/ambari/server/events/publishers/STOMPUpdatePublisher.java|ambari-server/src/main/java/org/apache/ambari/server/events/publishers/ServiceUpdateEventPublisher.java
a6d911681e87e6869c11b9f70a077934b619026a:ambari-server/src/main/java/org/apache/ambari/server/controller/AmbariServer.java
a05bb201067f0ae10d40f180bb6216d098f9447f:ambari-server/src/main/java/org/apache/ambari/server/utils/PasswordUtils.java
4d9d123320df7f829a4f4175ef7dbb2a2d4b05b3:ambari-server/src/main/java/org/apache/ambari/server/events/publishers/AgentCommandsPublisher.java|ambari-server/src/main/java/org/apache/ambari/server/orm/dao/KerberosKeytabPrincipalDAO.java|ambari-server/src/main/java/org/apache/ambari/server/serveraction/kerberos/KerberosServerAction.java|ambari-server/src/main/java/org/apache/ambari/server/serveraction/kerberos/stageutils/KerberosKeytabController.java
bb89801e4cc4d3f7b21aa2a78b4df66b282357b2:ambari-logsearch/ambari-logsearch-server/src/main/java/org/apache/ambari/logsearch/common/ExternalServerClient.java
ec2072e9e905aaa060452300b68c6a5f272b7d7b:ambari-logsearch/ambari-logsearch-server/src/main/java/org/apache/ambari/logsearch/converter/AbstractDateRangeFacetQueryConverter.java|ambari-logsearch/ambari-logsearch-server/src/main/java/org/apache/ambari/logsearch/converter/AbstractOperationHolderConverter.java
1956283dd9a4a33d565d264592af7c562502cd25:ambari-server/src/main/java/org/apache/ambari/server/security/authorization/AmbariLdapAuthenticationProvider.java
95bc266a0c4853234ecfd62cd7a7b9e6076447ed:ambari-server/src/main/java/org/apache/ambari/server/agent/HeartbeatMonitor.java|ambari-server/src/main/java/org/apache/ambari/server/orm/entities/HostComponentStateEntity.java|ambari-server/src/main/java/org/apache/ambari/server/state/ServiceComponentHost.java|ambari-server/src/main/java/org/apache/ambari/server/state/host/HostImpl.java|ambari-server/src/main/java/org/apache/ambari/server/state/svccomphost/ServiceComponentHostImpl.java|ambari-server/src/main/java/org/apache/ambari/server/upgrade/UpgradeCatalog270.java
0d343757add5e64cdff171ee05bc46044a0ecaf6:ambari-server/src/main/java/org/apache/ambari/server/events/ServiceUpdateEvent.java|ambari-server/src/main/java/org/apache/ambari/server/events/listeners/services/ServiceUpdateListener.java|ambari-server/src/main/java/org/apache/ambari/server/events/publishers/BufferedUpdateEventPublisher.java|ambari-server/src/main/java/org/apache/ambari/server/events/publishers/HostComponentUpdateEventPublisher.java|ambari-server/src/main/java/org/apache/ambari/server/events/publishers/RequestUpdateEventPublisher.java|ambari-server/src/main/java/org/apache/ambari/server/events/publishers/ServiceUpdateEventPublisher.java
9719e54fa944f48f04fa401c9c8a9669bf94b620:ambari-server/src/main/java/org/apache/ambari/server/actionmanager/Stage.java|ambari-server/src/main/java/org/apache/ambari/server/controller/AmbariManagementControllerImpl.java|ambari-server/src/main/java/org/apache/ambari/server/events/listeners/hostcomponents/HostComponentsUpdateListener.java|ambari-server/src/main/java/org/apache/ambari/server/events/listeners/requests/STOMPUpdateListener.java|ambari-server/src/main/java/org/apache/ambari/server/events/listeners/services/ServiceUpdateListener.java|ambari-server/src/main/java/org/apache/ambari/server/events/listeners/upgrade/UpgradeUpdateListener.java|ambari-server/src/main/java/org/apache/ambari/server/events/publishers/STOMPUpdatePublisher.java|ambari-server/src/main/java/org/apache/ambari/server/metrics/system/impl/MetricsServiceImpl.java|ambari-server/src/main/java/org/apache/ambari/server/state/svccomphost/ServiceComponentHostImpl.java
65d35cae920a7ee2834dd1af3200535a64c5f161:ambari-metrics/ambari-metrics-timelineservice/src/main/java/org/apache/ambari/metrics/core/timeline/discovery/TimelineMetricMetadataManager.java
604b682442ae58d9f5f1ed0196ff10a5c7bc4ad0:contrib/views/utils/src/main/java/org/apache/ambari/view/utils/hdfs/ConfigurationBuilder.java
ebdb05297b22a21fe575aa90be962b1afea0ad79:ambari-server/src/main/java/org/apache/ambari/server/controller/DeleteIdentityHandler.java|ambari-server/src/main/java/org/apache/ambari/server/controller/KerberosHelperImpl.java|ambari-server/src/main/java/org/apache/ambari/server/controller/utilities/KerberosIdentityCleaner.java|ambari-server/src/main/java/org/apache/ambari/server/controller/utilities/RemovableIdentities.java|ambari-server/src/main/java/org/apache/ambari/server/events/publishers/AgentCommandsPublisher.java|ambari-server/src/main/java/org/apache/ambari/server/orm/dao/KerberosKeytabDAO.java|ambari-server/src/main/java/org/apache/ambari/server/orm/dao/KerberosKeytabPrincipalDAO.java|ambari-server/src/main/java/org/apache/ambari/server/orm/dao/KerberosPrincipalDAO.java|ambari-server/src/main/java/org/apache/ambari/server/orm/entities/KerberosKeytabPrincipalEntity.java|ambari-server/src/main/java/org/apache/ambari/server/serveraction/kerberos/CleanupServerAction.java|ambari-server/src/main/java/org/apache/ambari/server/serveraction/kerberos/ConfigureAmbariIdentitiesServerAction.java|ambari-server/src/main/java/org/apache/ambari/server/serveraction/kerberos/DestroyPrincipalsServerAction.java|ambari-server/src/main/java/org/apache/ambari/server/serveraction/kerberos/KerberosServerAction.java|ambari-server/src/main/java/org/apache/ambari/server/serveraction/kerberos/stageutils/KerberosKeytabController.java
08be81d899f12102e3eabff5693776f2f98c06cc:ambari-logsearch/ambari-logsearch-server/src/main/java/org/apache/ambari/logsearch/common/LabelFallbackHandler.java|ambari-logsearch/ambari-logsearch-server/src/main/java/org/apache/ambari/logsearch/common/LogSearchConstants.java|ambari-logsearch/ambari-logsearch-server/src/main/java/org/apache/ambari/logsearch/conf/UIMappingConfig.java|ambari-logsearch/ambari-logsearch-server/src/main/java/org/apache/ambari/logsearch/manager/AuditLogsManager.java|ambari-logsearch/ambari-logsearch-server/src/main/java/org/apache/ambari/logsearch/manager/ServiceLogsManager.java
6919dd70f7cc97e695ab2d6c791b3e8562d6878f:ambari-server/src/main/java/org/apache/ambari/server/api/services/AmbariMetaInfo.java|ambari-server/src/main/java/org/apache/ambari/server/controller/internal/AlertDefinitionResourceProvider.java|ambari-server/src/main/java/org/apache/ambari/server/events/AlertDefinitionDisabledEvent.java
d96bfd326d186955dee564e03e27488ab1da8df2:ambari-server/src/main/java/org/apache/ambari/server/controller/internal/WidgetResourceProvider.java
68bf0f42df2addcec48be18dfc4d4ab9176afc37:ambari-server/src/main/java/org/apache/ambari/server/security/credential/PrincipalKeyCredential.java
8e08a25c592cce345aaa8b9df914bfb32d02ade1:ambari-server/src/main/java/org/apache/ambari/server/agent/stomp/HostLevelParamsHolder.java|ambari-server/src/main/java/org/apache/ambari/server/agent/stomp/dto/HostLevelParamsCluster.java|ambari-server/src/main/java/org/apache/ambari/server/controller/AmbariManagementControllerImpl.java|ambari-server/src/main/java/org/apache/ambari/server/topology/AmbariContext.java
9cecd2a04db2103d057e09eab42b90a5218f9478:ambari-server/src/main/java/org/apache/ambari/server/controller/internal/BlueprintConfigurationProcessor.java
0c3812bbb563b1d05d916e7af46ac9bc6cab31ea:ambari-server/src/main/java/org/apache/ambari/server/controller/internal/RequestResourceProvider.java
df55794d96ff830cbfe06602a50e6796d454d798:ambari-server/src/main/java/org/apache/ambari/server/configuration/AmbariServerConfigurationKey.java
77d348c6dd8173b01f3319a61ca757e4fd9d0182:ambari-server/src/main/java/org/apache/ambari/server/view/ViewExtractor.java|ambari-server/src/main/java/org/apache/ambari/server/view/ViewRegistry.java
2e91c2f525547c935dd3386720144fd9269a6466:ambari-server/src/main/java/org/apache/ambari/server/security/ldap/AmbariLdapDataPopulator.java
f87c68a5c129c941b73ad14d280e286cb531ef6f:ambari-server/src/main/java/org/apache/ambari/server/api/AmbariErrorHandler.java
50d771e30216e3a4b48cf9081bc79c8c86de7e69:ambari-server/src/main/java/org/apache/ambari/server/serveraction/kerberos/IPAKerberosOperationHandler.java|ambari-server/src/main/java/org/apache/ambari/server/serveraction/kerberos/KDCKerberosOperationHandler.java|ambari-server/src/main/java/org/apache/ambari/server/serveraction/kerberos/MITKerberosOperationHandler.java
6d2d53dde88aab5975bcfb842ae5ce1d5db0b223:ambari-server/src/main/java/org/apache/ambari/server/controller/utilities/state/HDFSServiceCalculatedState.java
2d455f306c43524417de556db971dc44f4c7518a:contrib/views/utils/src/main/java/org/apache/ambari/view/utils/hdfs/HdfsApi.java
ec968edf78a11921d0555e3e481c0ce9763d80f1:ambari-server/src/main/java/org/apache/ambari/server/actionmanager/ActionDBAccessorImpl.java|ambari-server/src/main/java/org/apache/ambari/server/events/listeners/tasks/TaskStatusListener.java
3f362cd09418dfe7fcc25891ff28a1e090a64c85:ambari-server/src/main/java/org/apache/ambari/server/controller/internal/BlueprintConfigurationProcessor.java
542475f62c1a77997fe38dcc7f5d404891b198e3:ambari-server/src/main/java/org/apache/ambari/server/upgrade/UpgradeCatalog270.java
9ffd67ff3b39a8d4bdeb9a9428ae7196a3fffd48:ambari-server/src/main/java/org/apache/ambari/server/ldap/service/ads/DefaultLdapConfigurationService.java
45ac4476c4d467eeb8df2d63419ceb59acd41387:ambari-server/src/main/java/org/apache/ambari/server/upgrade/UpgradeCatalog270.java
7fad78f717ef29183bdbabafa226f5bc1ee61272:ambari-server/src/main/java/org/apache/ambari/server/security/authorization/Users.java
d54e08a220ebb00c6d867c2f320d9bf5fd414b95:ambari-server/src/main/java/org/apache/ambari/server/controller/AmbariServer.java
69cd83e9f577779430ddaee2e1d3f84dc673d20e:ambari-server/src/main/java/org/apache/ambari/server/controller/KerberosHelperImpl.java
a6c6a25ffdd38c5927f491d82bfdf8eba2bc6925:ambari-logsearch/ambari-logsearch-config-zookeeper/src/main/java/org/apache/ambari/logsearch/config/zookeeper/LogSearchConfigLogFeederZK.java|ambari-logsearch/ambari-logsearch-config-zookeeper/src/main/java/org/apache/ambari/logsearch/config/zookeeper/LogSearchConfigServerZK.java|ambari-logsearch/ambari-logsearch-config-zookeeper/src/main/java/org/apache/ambari/logsearch/config/zookeeper/LogSearchConfigZK.java|ambari-logsearch/ambari-logsearch-logfeeder/src/main/java/org/apache/ambari/logfeeder/loglevelfilter/LogLevelFilterHandler.java|ambari-logsearch/ambari-logsearch-server/src/main/java/org/apache/ambari/logsearch/common/ACLPropertiesSplitter.java|ambari-logsearch/ambari-logsearch-server/src/main/java/org/apache/ambari/logsearch/conf/SecurityConfig.java
d662de940e1d7b53bafb5f639d189126ac612221:ambari-server/src/main/java/org/apache/ambari/server/controller/internal/BlueprintConfigurationProcessor.java
2df042144662f26faf256484e30f2059d2ab89ce:ambari-server/src/main/java/org/apache/ambari/server/security/InternalSSLSocketFactory.java
5e3d86b92fc5cc95275e384c94d98940ac973c17:ambari-metrics/ambari-metrics-timelineservice/src/main/java/org/apache/ambari/metrics/core/timeline/aggregators/TimelineMetricClusterAggregator.java|ambari-metrics/ambari-metrics-timelineservice/src/main/java/org/apache/ambari/metrics/core/timeline/discovery/TimelineMetricMetadataManager.java
0786da646c0f226277f1de4774502c58eadbeef8:ambari-server/src/main/java/org/apache/ambari/server/controller/KerberosHelperImpl.java
2955926dfbd9b3a1b493ef378b006195e673042f:ambari-server/src/main/java/org/apache/ambari/server/controller/internal/BlueprintConfigurationProcessor.java
88e7148b192a37a131b0a11343b06de8cb5d8095:ambari-server/src/main/java/org/apache/ambari/server/agent/AgentReport.java|ambari-server/src/main/java/org/apache/ambari/server/agent/AgentReportsProcessor.java|ambari-server/src/main/java/org/apache/ambari/server/agent/HeartbeatProcessor.java|ambari-server/src/main/java/org/apache/ambari/server/agent/stomp/AgentReportsController.java
cd75cf8003684bde4d7783db28446571a3ebd10f:ambari-server/src/main/java/org/apache/ambari/server/state/ServiceInfo.java
1661b4e07ba0c37c608f8ef2c5f0e4e8028824a9:ambari-server/src/main/java/org/apache/ambari/server/serveraction/upgrades/AbstractUpgradeServerAction.java
b2b729c10d757bfa9cdfb0cf27d2429d5e5f455a:ambari-server/src/main/java/org/apache/ambari/server/controller/KerberosHelperImpl.java
de31cb0cc6c0bd74b9861547d944d671f2d4d0ce:ambari-logsearch/ambari-logsearch-logfeeder/src/main/java/org/apache/ambari/logfeeder/common/LogEntryParseTester.java
1372f03a0b19457467002c8eea5f900b9fbb1e86:ambari-server/src/main/java/org/apache/ambari/server/controller/ServiceResponse.java|ambari-server/src/main/java/org/apache/ambari/server/state/ServiceImpl.java
ec9ac6670be53c77920ae9c40948ad6596f6f78b:ambari-server/src/main/java/org/apache/ambari/server/controller/DeleteIdentityHandler.java|ambari-server/src/main/java/org/apache/ambari/server/serveraction/kerberos/AbstractPrepareKerberosServerAction.java|ambari-server/src/main/java/org/apache/ambari/server/serveraction/kerberos/ConfigureAmbariIdentitiesServerAction.java|ambari-server/src/main/java/org/apache/ambari/server/serveraction/kerberos/CreateKeytabFilesServerAction.java|ambari-server/src/main/java/org/apache/ambari/server/serveraction/kerberos/CreatePrincipalsServerAction.java|ambari-server/src/main/java/org/apache/ambari/server/serveraction/kerberos/DestroyPrincipalsServerAction.java|ambari-server/src/main/java/org/apache/ambari/server/serveraction/kerberos/KerberosServerAction.java|ambari-server/src/main/java/org/apache/ambari/server/serveraction/kerberos/PrepareEnableKerberosServerAction.java
b82ea02c7623d15ca7146e411513c2b17de28d33:ambari-server/src/main/java/org/apache/ambari/server/controller/KerberosHelperImpl.java|ambari-server/src/main/java/org/apache/ambari/server/state/ServiceImpl.java|ambari-server/src/main/java/org/apache/ambari/server/state/SingleSignOnInfo.java
146eca02451b4d2bf92596cdf312c9d7dde9dd47:ambari-server/src/main/java/org/apache/ambari/server/controller/ServiceResponse.java|ambari-server/src/main/java/org/apache/ambari/server/controller/internal/StackServiceResourceProvider.java|ambari-server/src/main/java/org/apache/ambari/server/state/ServiceImpl.java|ambari-server/src/main/java/org/apache/ambari/server/state/ServiceInfo.java|ambari-server/src/main/java/org/apache/ambari/server/state/SingleSignOnInfo.java
f82827b98faa9746abb9ea5feca8e390778843e4:ambari-logsearch/ambari-logsearch-logfeeder/src/main/java/org/apache/ambari/logfeeder/output/OutputManagerImpl.java|ambari-logsearch/ambari-logsearch-logfeeder/src/main/java/org/apache/ambari/logfeeder/output/OutputSolr.java
ee68d7cf49a50942cfc7685a5d3219a046da1157:ambari-server/src/main/java/org/apache/ambari/server/controller/KerberosHelperImpl.java|ambari-server/src/main/java/org/apache/ambari/server/serveraction/kerberos/KerberosServerAction.java
1a67af59eb948f0d3c129a3691084806a132a803:ambari-server/src/main/java/org/apache/ambari/server/controller/internal/ViewURLResourceProvider.java|ambari-server/src/main/java/org/apache/ambari/server/orm/dao/ViewURLDAO.java|ambari-server/src/main/java/org/apache/ambari/server/orm/entities/ViewURLEntity.java
aa726aa7f999d5ed00f46b18da189aa406f95738:ambari-metrics/ambari-metrics-timelineservice/src/main/java/org/apache/ambari/metrics/core/timeline/upgrade/core/MetricsDataMigrationLauncher.java
9f489cda9bc2ec474351a1719a8894886dd3005e:ambari-metrics/ambari-metrics-timelineservice/src/main/java/org/apache/ambari/metrics/core/timeline/HBaseTimelineMetricsService.java|ambari-metrics/ambari-metrics-timelineservice/src/main/java/org/apache/ambari/metrics/core/timeline/aggregators/TimelineMetricClusterAggregatorSecond.java|ambari-server/src/main/java/org/apache/ambari/server/controller/internal/AbstractProviderModule.java|ambari-server/src/main/java/org/apache/ambari/server/controller/metrics/MetricsCollectorHAClusterState.java|ambari-server/src/main/java/org/apache/ambari/server/controller/metrics/MetricsCollectorHAManager.java
c04daafbcbbaac4a5a2fe5796e3aa35cfdfe7585:ambari-logsearch/ambari-logsearch-logfeeder/src/main/java/org/apache/ambari/logfeeder/loglevelfilter/LogLevelFilterHandler.java|ambari-logsearch/ambari-logsearch-logfeeder/src/main/java/org/apache/ambari/logfeeder/output/OutputManagerImpl.java
8dd0150cd364f293c555e09fa47ad9e022b59d1f:ambari-logsearch/ambari-logsearch-logfeeder/src/main/java/org/apache/ambari/logfeeder/output/OutputSolr.java
9c409ff32dbde8a79b86d73561cf45ad792a7e4c:ambari-server/src/main/java/org/apache/ambari/server/controller/KerberosHelperImpl.java
d6e6b9ac103093132f87a345f3fd5f63ead327e9:ambari-server/src/main/java/org/apache/ambari/server/upgrade/UpgradeCatalog270.java
3cf0bcd23ddc2558854ba0be5ace38187cfe8652:ambari-logsearch/ambari-logsearch-config-api/src/main/java/org/apache/ambari/logsearch/config/api/LogLevelFilterMonitor.java|ambari-logsearch/ambari-logsearch-config-api/src/main/java/org/apache/ambari/logsearch/config/api/LogSearchConfig.java|ambari-logsearch/ambari-logsearch-config-api/src/main/java/org/apache/ambari/logsearch/config/api/LogSearchConfigLogFeeder.java|ambari-logsearch/ambari-logsearch-config-api/src/main/java/org/apache/ambari/logsearch/config/api/LogSearchConfigServer.java|ambari-logsearch/ambari-logsearch-config-api/src/main/java/org/apache/ambari/logsearch/config/api/OutputConfigMonitor.java|ambari-logsearch/ambari-logsearch-config-api/src/main/java/org/apache/ambari/logsearch/config/api/model/outputconfig/OutputProperties.java|ambari-logsearch/ambari-logsearch-config-zookeeper/src/main/java/org/apache/ambari/logsearch/config/zookeeper/model/inputconfig/impl/ConditionsImpl.java|ambari-logsearch/ambari-logsearch-config-zookeeper/src/main/java/org/apache/ambari/logsearch/config/zookeeper/model/inputconfig/impl/FieldsImpl.java|ambari-logsearch/ambari-logsearch-config-zookeeper/src/main/java/org/apache/ambari/logsearch/config/zookeeper/model/inputconfig/impl/FilterAdapter.java|ambari-logsearch/ambari-logsearch-config-zookeeper/src/main/java/org/apache/ambari/logsearch/config/zookeeper/model/inputconfig/impl/FilterDescriptorImpl.java|ambari-logsearch/ambari-logsearch-config-zookeeper/src/main/java/org/apache/ambari/logsearch/config/zookeeper/model/inputconfig/impl/FilterGrokDescriptorImpl.java|ambari-logsearch/ambari-logsearch-config-zookeeper/src/main/java/org/apache/ambari/logsearch/config/zookeeper/model/inputconfig/impl/FilterJsonDescriptorImpl.java|ambari-logsearch/ambari-logsearch-config-zookeeper/src/main/java/org/apache/ambari/logsearch/config/zookeeper/model/inputconfig/impl/FilterKeyValueDescriptorImpl.java|ambari-logsearch/ambari-logsearch-config-zookeeper/src/main/java/org/apache/ambari/logsearch/config/zookeeper/model/inputconfig/impl/InputAdapter.java|ambari-logsearch/ambari-logsearch-config-zookeeper/src/main/java/org/apache/ambari/logsearch/config/zookeeper/model/inputconfig/impl/InputConfigGson.java|ambari-logsearch/ambari-logsearch-config-zookeeper/src/main/java/org/apache/ambari/logsearch/config/zookeeper/model/inputconfig/impl/InputConfigImpl.java|ambari-logsearch/ambari-logsearch-config-zookeeper/src/main/java/org/apache/ambari/logsearch/config/zookeeper/model/inputconfig/impl/InputCustomDescriptorImpl.java|ambari-logsearch/ambari-logsearch-config-zookeeper/src/main/java/org/apache/ambari/logsearch/config/zookeeper/model/inputconfig/impl/InputDescriptorImpl.java|ambari-logsearch/ambari-logsearch-config-zookeeper/src/main/java/org/apache/ambari/logsearch/config/zookeeper/model/inputconfig/impl/InputFileBaseDescriptorImpl.java|ambari-logsearch/ambari-logsearch-config-zookeeper/src/main/java/org/apache/ambari/logsearch/config/zookeeper/model/inputconfig/impl/InputFileDescriptorImpl.java|ambari-logsearch/ambari-logsearch-config-zookeeper/src/main/java/org/apache/ambari/logsearch/config/zookeeper/model/inputconfig/impl/InputS3FileDescriptorImpl.java|ambari-logsearch/ambari-logsearch-config-zookeeper/src/main/java/org/apache/ambari/logsearch/config/zookeeper/model/inputconfig/impl/MapAnonymizeDescriptorImpl.java|ambari-logsearch/ambari-logsearch-config-zookeeper/src/main/java/org/apache/ambari/logsearch/config/zookeeper/model/inputconfig/impl/MapCustomDescriptorImpl.java|ambari-logsearch/ambari-logsearch-config-zookeeper/src/main/java/org/apache/ambari/logsearch/config/zookeeper/model/inputconfig/impl/MapDateDescriptorImpl.java|ambari-logsearch/ambari-logsearch-config-zookeeper/src/main/java/org/apache/ambari/logsearch/config/zookeeper/model/inputconfig/impl/MapFieldCopyDescriptorImpl.java|ambari-logsearch/ambari-logsearch-config-zookeeper/src/main/java/org/apache/ambari/logsearch/config/zookeeper/model/inputconfig/impl/MapFieldDescriptorImpl.java|ambari-logsearch/ambari-logsearch-config-zookeeper/src/main/java/org/apache/ambari/logsearch/config/zookeeper/model/inputconfig/impl/MapFieldNameDescriptorImpl.java|ambari-logsearch/ambari-logsearch-config-zookeeper/src/main/java/org/apache/ambari/logsearch/config/zookeeper/model/inputconfig/impl/MapFieldValueDescriptorImpl.java|ambari-logsearch/ambari-logsearch-config-zookeeper/src/main/java/org/apache/ambari/logsearch/config/zookeeper/model/inputconfig/impl/PostMapValuesAdapter.java|ambari-logsearch/ambari-logsearch-config-zookeeper/src/main/java/org/apache/ambari/logsearch/config/zookeeper/model/inputconfig/impl/PostMapValuesImpl.java|ambari-logsearch/ambari-logsearch-config-zookeeper/src/main/java/org/apache/ambari/logsearch/config/zookeeper/LogSearchConfigLogFeederZK.java|ambari-logsearch/ambari-logsearch-config-zookeeper/src/main/java/org/apache/ambari/logsearch/config/zookeeper/LogSearchConfigServerZK.java|ambari-logsearch/ambari-logsearch-config-zookeeper/src/main/java/org/apache/ambari/logsearch/config/zookeeper/LogSearchConfigZK.java|ambari-logsearch/ambari-logsearch-logfeeder-plugin-api/src/main/java/org/apache/ambari/logfeeder/plugin/output/Output.java|ambari-logsearch/ambari-logsearch-logfeeder/src/main/java/org/apache/ambari/logfeeder/common/ConfigHandler.java|ambari-logsearch/ambari-logsearch-logfeeder/src/main/java/org/apache/ambari/logfeeder/common/LogEntryParseTester.java|ambari-logsearch/ambari-logsearch-logfeeder/src/main/java/org/apache/ambari/logfeeder/conf/ApplicationConfig.java|ambari-logsearch/ambari-logsearch-logfeeder/src/main/java/org/apache/ambari/logfeeder/input/InputSimulate.java|ambari-logsearch/ambari-logsearch-logfeeder/src/main/java/org/apache/ambari/logfeeder/loglevelfilter/LogLevelFilterHandler.java|ambari-logsearch/ambari-logsearch-logfeeder/src/main/java/org/apache/ambari/logfeeder/output/OutputDevNull.java|ambari-logsearch/ambari-logsearch-logfeeder/src/main/java/org/apache/ambari/logfeeder/output/OutputFile.java|ambari-logsearch/ambari-logsearch-logfeeder/src/main/java/org/apache/ambari/logfeeder/output/OutputHDFSFile.java|ambari-logsearch/ambari-logsearch-logfeeder/src/main/java/org/apache/ambari/logfeeder/output/OutputKafka.java|ambari-logsearch/ambari-logsearch-logfeeder/src/main/java/org/apache/ambari/logfeeder/output/OutputS3File.java|ambari-logsearch/ambari-logsearch-logfeeder/src/main/java/org/apache/ambari/logfeeder/output/OutputSolr.java|ambari-logsearch/ambari-logsearch-server/src/main/java/org/apache/ambari/logsearch/common/ShipperConfigDescriptionStorage.java|ambari-logsearch/ambari-logsearch-server/src/main/java/org/apache/ambari/logsearch/conf/SecurityConfig.java|ambari-logsearch/ambari-logsearch-config-zookeeper/src/main/java/org/apache/ambari/logsearch/config/zookeeper/model/outputconfig/impl/OutputSolrPropertiesImpl.java|ambari-logsearch/ambari-logsearch-server/src/main/java/org/apache/ambari/logsearch/conf/SolrConfig.java|ambari-logsearch/ambari-logsearch-config-api/src/main/java/org/apache/ambari/logsearch/config/api/model/outputconfig/OutputSolrProperties.java|ambari-logsearch/ambari-logsearch-server/src/main/java/org/apache/ambari/logsearch/configurer/SolrCollectionConfigurer.java|ambari-logsearch/ambari-logsearch-server/src/main/java/org/apache/ambari/logsearch/dao/AuditSolrDao.java|ambari-logsearch/ambari-logsearch-server/src/main/java/org/apache/ambari/logsearch/dao/EventHistorySolrDao.java|ambari-logsearch/ambari-logsearch-server/src/main/java/org/apache/ambari/logsearch/dao/ServiceLogsSolrDao.java|ambari-logsearch/ambari-logsearch-server/src/main/java/org/apache/ambari/logsearch/handler/CreateCollectionHandler.java|ambari-logsearch/ambari-logsearch-server/src/main/java/org/apache/ambari/logsearch/manager/ShipperConfigManager.java
83c8063e593f0a67ac247c6d3e03876c4a8adb18:ambari-logsearch/ambari-logsearch-logfeeder/src/main/java/org/apache/ambari/logfeeder/input/InputFile.java
d6862e02aa03b1c9053d6dc64afe4861314d7511:ambari-server/src/main/java/org/apache/ambari/server/controller/AmbariManagementControllerImpl.java