4d0cd66a6269eb02fceaabdb11d70fd38d433474:integration/src/main/java/org/apache/mahout/text/MailArchivesClusteringAnalyzer.java:19|integration/src/main/java/org/apache/mahout/text/MailArchivesClusteringAnalyzer.java:20|integration/src/main/java/org/apache/mahout/text/MailArchivesClusteringAnalyzer.java:21|integration/src/main/java/org/apache/mahout/text/MailArchivesClusteringAnalyzer.java:22|integration/src/main/java/org/apache/mahout/text/MailArchivesClusteringAnalyzer.java:23|integration/src/main/java/org/apache/mahout/text/MailArchivesClusteringAnalyzer.java:119|integration/src/main/java/org/apache/mahout/text/wikipedia/WikipediaAnalyzer.java:20|integration/src/main/java/org/apache/mahout/text/wikipedia/WikipediaAnalyzer.java:44|integration/src/main/java/org/apache/mahout/text/wikipedia/WikipediaAnalyzer.java:45|integration/src/main/java/org/apache/mahout/utils/vectors/lucene/AbstractLuceneIterator.java:116|integration/src/main/java/org/apache/mahout/utils/vectors/lucene/CachedTermInfo.java:45|integration/src/main/java/org/apache/mahout/utils/vectors/lucene/ClusterLabels.java:48|integration/src/main/java/org/apache/mahout/utils/vectors/lucene/ClusterLabels.java:59|integration/src/main/java/org/apache/mahout/utils/vectors/lucene/ClusterLabels.java:160|integration/src/main/java/org/apache/mahout/utils/vectors/lucene/ClusterLabels.java:176|integration/src/main/java/org/apache/mahout/utils/vectors/lucene/ClusterLabels.java:190|integration/src/main/java/org/apache/mahout/utils/vectors/lucene/ClusterLabels.java:198|integration/src/main/java/org/apache/mahout/utils/vectors/lucene/ClusterLabels.java:199|integration/src/main/java/org/apache/mahout/utils/vectors/lucene/ClusterLabels.java:241|integration/src/main/java/org/apache/mahout/utils/vectors/lucene/ClusterLabels.java:246|integration/src/main/java/org/apache/mahout/utils/vectors/lucene/Driver.java:89
0b564c71e1a7d555efb5c9696275ecc69a0df026:math/src/main/java/org/apache/mahout/math/AbstractMatrix.java:63|math/src/main/java/org/apache/mahout/math/AbstractMatrix.java:66|math/src/main/java/org/apache/mahout/math/AbstractMatrix.java:69|math/src/main/java/org/apache/mahout/math/SparseColumnMatrix.java:34|math/src/main/java/org/apache/mahout/math/SparseColumnMatrix.java:36|math/src/main/java/org/apache/mahout/math/SparseColumnMatrix.java:37|math/src/main/java/org/apache/mahout/math/SparseColumnMatrix.java:38|math/src/main/java/org/apache/mahout/math/SparseMatrix.java:40|math/src/main/java/org/apache/mahout/math/SparseMatrix.java:43|math/src/main/java/org/apache/mahout/math/SparseMatrix.java:44|math/src/main/java/org/apache/mahout/math/SparseMatrix.java:67|math/src/main/java/org/apache/mahout/math/VectorView.java:125
1f9188d0789640a6514e1120bf4b44061a886165:math/src/main/java/org/apache/mahout/math/QRDecomposition.java:151
a3f78bde9bf87d3d37931f878015b490761e75ce:integration/src/main/java/org/apache/mahout/utils/vectors/VectorDumper.java:8|integration/src/main/java/org/apache/mahout/utils/vectors/VectorDumper.java:9|integration/src/main/java/org/apache/mahout/utils/vectors/VectorDumper.java:10|integration/src/main/java/org/apache/mahout/utils/vectors/VectorDumper.java:20|integration/src/main/java/org/apache/mahout/utils/vectors/VectorDumper.java:21|integration/src/main/java/org/apache/mahout/utils/vectors/VectorDumper.java:22|integration/src/main/java/org/apache/mahout/utils/vectors/VectorDumper.java:23|integration/src/main/java/org/apache/mahout/utils/vectors/VectorDumper.java:24|integration/src/main/java/org/apache/mahout/utils/vectors/VectorDumper.java:25|integration/src/main/java/org/apache/mahout/utils/vectors/VectorDumper.java:58|integration/src/main/java/org/apache/mahout/utils/vectors/VectorDumper.java:87|integration/src/main/java/org/apache/mahout/utils/vectors/VectorDumper.java:88|integration/src/main/java/org/apache/mahout/utils/vectors/VectorDumper.java:89|integration/src/main/java/org/apache/mahout/utils/vectors/VectorDumper.java:123|integration/src/main/java/org/apache/mahout/utils/vectors/VectorDumper.java:124|integration/src/main/java/org/apache/mahout/utils/vectors/VectorDumper.java:125|integration/src/main/java/org/apache/mahout/utils/vectors/VectorDumper.java:126|integration/src/main/java/org/apache/mahout/utils/vectors/VectorDumper.java:127|integration/src/main/java/org/apache/mahout/utils/vectors/VectorDumper.java:128|integration/src/main/java/org/apache/mahout/utils/vectors/VectorDumper.java:129|integration/src/main/java/org/apache/mahout/utils/vectors/VectorDumper.java:177|integration/src/main/java/org/apache/mahout/utils/vectors/VectorDumper.java:203|integration/src/main/java/org/apache/mahout/utils/vectors/VectorDumper.java:206|integration/src/main/java/org/apache/mahout/utils/vectors/VectorDumper.java:214|integration/src/main/java/org/apache/mahout/utils/vectors/VectorDumper.java:215|integration/src/main/java/org/apache/mahout/utils/vectors/VectorDumper.java:216|integration/src/main/java/org/apache/mahout/utils/vectors/VectorDumper.java:217|integration/src/main/java/org/apache/mahout/utils/vectors/VectorDumper.java:218|integration/src/main/java/org/apache/mahout/utils/vectors/VectorDumper.java:219|integration/src/main/java/org/apache/mahout/utils/vectors/VectorDumper.java:220|integration/src/main/java/org/apache/mahout/utils/vectors/VectorDumper.java:221|integration/src/main/java/org/apache/mahout/utils/vectors/VectorDumper.java:222|integration/src/main/java/org/apache/mahout/utils/vectors/VectorDumper.java:223|integration/src/main/java/org/apache/mahout/utils/vectors/VectorDumper.java:224|integration/src/main/java/org/apache/mahout/utils/vectors/VectorDumper.java:225|integration/src/main/java/org/apache/mahout/utils/vectors/VectorDumper.java:226|integration/src/main/java/org/apache/mahout/utils/vectors/VectorDumper.java:227|integration/src/main/java/org/apache/mahout/utils/vectors/VectorDumper.java:228|integration/src/main/java/org/apache/mahout/utils/vectors/VectorDumper.java:229|integration/src/main/java/org/apache/mahout/utils/vectors/VectorDumper.java:230|integration/src/main/java/org/apache/mahout/utils/vectors/VectorDumper.java:231|integration/src/main/java/org/apache/mahout/utils/vectors/VectorDumper.java:232|integration/src/main/java/org/apache/mahout/utils/vectors/VectorDumper.java:234|integration/src/main/java/org/apache/mahout/utils/vectors/VectorDumper.java:235|integration/src/main/java/org/apache/mahout/utils/vectors/VectorDumper.java:236|integration/src/main/java/org/apache/mahout/utils/vectors/VectorDumper.java:237|integration/src/main/java/org/apache/mahout/utils/vectors/VectorDumper.java:238|integration/src/main/java/org/apache/mahout/utils/vectors/VectorDumper.java:240|integration/src/main/java/org/apache/mahout/utils/vectors/VectorDumper.java:241|integration/src/main/java/org/apache/mahout/utils/vectors/VectorDumper.java:243|integration/src/main/java/org/apache/mahout/utils/vectors/VectorDumper.java:244|integration/src/main/java/org/apache/mahout/utils/vectors/VectorDumper.java:246
6a3f93e6f695d12f63ef48c5e33f0d24658bd596:math/src/main/java/org/apache/mahout/math/AbstractMatrix.java:764|math/src/main/java/org/apache/mahout/math/AbstractMatrix.java:766|math/src/main/java/org/apache/mahout/math/AbstractMatrix.java:768|math/src/main/java/org/apache/mahout/math/AbstractMatrix.java:769
379863d8f9dff8c0a42c341c68044c9c52b597e0:integration/src/main/java/org/apache/mahout/utils/ConcatenateVectorsJob.java:111|integration/src/main/java/org/apache/mahout/utils/ConcatenateVectorsJob.java:116
c9d978a460203736732af546f8b88120795c5d33:math/src/main/java/org/apache/mahout/math/MatrixVectorView.java:129
8bcaa77340ac377a20237af4efbe891dc5a4790d:examples/src/main/java/org/apache/mahout/classifier/sgd/RunAdaptiveLogistic.java:79|examples/src/main/java/org/apache/mahout/classifier/sgd/RunAdaptiveLogistic.java:80|examples/src/main/java/org/apache/mahout/classifier/sgd/RunAdaptiveLogistic.java:82|examples/src/main/java/org/apache/mahout/classifier/sgd/RunAdaptiveLogistic.java:83|examples/src/main/java/org/apache/mahout/classifier/sgd/RunAdaptiveLogistic.java:84|examples/src/main/java/org/apache/mahout/classifier/sgd/RunAdaptiveLogistic.java:85|examples/src/main/java/org/apache/mahout/classifier/sgd/RunAdaptiveLogistic.java:86|examples/src/main/java/org/apache/mahout/classifier/sgd/RunAdaptiveLogistic.java:87|examples/src/main/java/org/apache/mahout/classifier/sgd/RunAdaptiveLogistic.java:88|examples/src/main/java/org/apache/mahout/classifier/sgd/RunAdaptiveLogistic.java:89|examples/src/main/java/org/apache/mahout/classifier/sgd/RunAdaptiveLogistic.java:90|examples/src/main/java/org/apache/mahout/classifier/sgd/RunAdaptiveLogistic.java:91|examples/src/main/java/org/apache/mahout/classifier/sgd/RunAdaptiveLogistic.java:92|examples/src/main/java/org/apache/mahout/classifier/sgd/RunAdaptiveLogistic.java:93|examples/src/main/java/org/apache/mahout/classifier/sgd/RunAdaptiveLogistic.java:95|examples/src/main/java/org/apache/mahout/classifier/sgd/RunAdaptiveLogistic.java:96|examples/src/main/java/org/apache/mahout/classifier/sgd/RunAdaptiveLogistic.java:97|examples/src/main/java/org/apache/mahout/classifier/sgd/RunAdaptiveLogistic.java:99|examples/src/main/java/org/apache/mahout/classifier/sgd/RunAdaptiveLogistic.java:101|examples/src/main/java/org/apache/mahout/classifier/sgd/RunAdaptiveLogistic.java:102|examples/src/main/java/org/apache/mahout/classifier/sgd/RunAdaptiveLogistic.java:103|examples/src/main/java/org/apache/mahout/classifier/sgd/RunAdaptiveLogistic.java:104|examples/src/main/java/org/apache/mahout/classifier/sgd/RunAdaptiveLogistic.java:105|examples/src/main/java/org/apache/mahout/classifier/sgd/RunAdaptiveLogistic.java:106|examples/src/main/java/org/apache/mahout/classifier/sgd/RunAdaptiveLogistic.java:107|examples/src/main/java/org/apache/mahout/classifier/sgd/RunAdaptiveLogistic.java:109|examples/src/main/java/org/apache/mahout/classifier/sgd/RunAdaptiveLogistic.java:111|examples/src/main/java/org/apache/mahout/classifier/sgd/RunAdaptiveLogistic.java:112|math/src/main/java/org/apache/mahout/math/decomposer/lanczos/LanczosState.java:50
0844e69d6cbdc7bbfd54ba01dc9c829764eaeb6d:integration/src/main/java/org/apache/mahout/text/LuceneStorageConfiguration.java:96|integration/src/main/java/org/apache/mahout/text/LuceneStorageConfiguration.java:97|integration/src/main/java/org/apache/mahout/text/LuceneStorageConfiguration.java:239|integration/src/main/java/org/apache/mahout/text/LuceneStorageConfiguration.java:240|integration/src/main/java/org/apache/mahout/text/LuceneStorageConfiguration.java:241|integration/src/main/java/org/apache/mahout/text/LuceneStorageConfiguration.java:242|integration/src/main/java/org/apache/mahout/text/LuceneStorageConfiguration.java:243|integration/src/main/java/org/apache/mahout/text/LuceneStorageConfiguration.java:244|integration/src/main/java/org/apache/mahout/text/LuceneStorageConfiguration.java:245|integration/src/main/java/org/apache/mahout/text/LuceneStorageConfiguration.java:246|integration/src/main/java/org/apache/mahout/text/LuceneStorageConfiguration.java:247|integration/src/main/java/org/apache/mahout/text/LuceneStorageConfiguration.java:248|integration/src/main/java/org/apache/mahout/text/LuceneStorageConfiguration.java:250|integration/src/main/java/org/apache/mahout/text/LuceneStorageConfiguration.java:251|integration/src/main/java/org/apache/mahout/text/LuceneStorageConfiguration.java:254|math/src/main/java/org/apache/mahout/math/SparseRowMatrix.java:66|math/src/main/java/org/apache/mahout/math/SparseRowMatrix.java:67|math/src/main/java/org/apache/mahout/math/set/OpenHashSet.java:369|math/src/main/java/org/apache/mahout/math/set/OpenHashSet.java:539
99fd9ba4f9673b2b2d30c2b403aaa294503cc2a2:math/src/main/java/org/apache/mahout/math/solver/ConjugateGradientSolver.java:34|math/src/main/java/org/apache/mahout/math/solver/ConjugateGradientSolver.java:35|math/src/main/java/org/apache/mahout/math/solver/ConjugateGradientSolver.java:82|math/src/main/java/org/apache/mahout/math/solver/ConjugateGradientSolver.java:99
63b765abb305cca6d726f54549a92018754a6348:math/src/main/java/org/apache/mahout/math/SparseRowMatrix.java:21|math/src/main/java/org/apache/mahout/math/SparseRowMatrix.java:22|math/src/main/java/org/apache/mahout/math/SparseRowMatrix.java:32|math/src/main/java/org/apache/mahout/math/SparseRowMatrix.java:33|math/src/main/java/org/apache/mahout/math/SparseRowMatrix.java:34|math/src/main/java/org/apache/mahout/math/SparseRowMatrix.java:42|math/src/main/java/org/apache/mahout/math/SparseRowMatrix.java:43|math/src/main/java/org/apache/mahout/math/SparseRowMatrix.java:44|math/src/main/java/org/apache/mahout/math/SparseRowMatrix.java:45|math/src/main/java/org/apache/mahout/math/SparseRowMatrix.java:64|math/src/main/java/org/apache/mahout/math/SparseRowMatrix.java:157
d141c8e887904122a2b3cb4bf94851e7401d807d:examples/src/main/java/org/apache/mahout/cf/taste/example/bookcrossing/BookCrossingBooleanRecommender.java:57|examples/src/main/java/org/apache/mahout/cf/taste/example/bookcrossing/BookCrossingBooleanRecommender.java:58|examples/src/main/java/org/apache/mahout/cf/taste/example/bookcrossing/BookCrossingRecommender.java:57|examples/src/main/java/org/apache/mahout/cf/taste/example/kddcup/track1/Track1Recommender.java:50|examples/src/main/java/org/apache/mahout/cf/taste/example/kddcup/track2/Track2Recommender.java:56
657803cdb7e8361bf02208ee435d8fbf900b2903:core/src/main/java/org/apache/mahout/common/IOUtils.java:29|core/src/main/java/org/apache/mahout/common/IOUtils.java:144|core/src/main/java/org/apache/mahout/common/IOUtils.java:145|core/src/main/java/org/apache/mahout/common/IOUtils.java:147|core/src/main/java/org/apache/mahout/common/IOUtils.java:149|core/src/main/java/org/apache/mahout/common/IOUtils.java:193
9f036af1028a8456ef50102222765efabad69f01:integration/src/main/java/org/apache/mahout/utils/SequenceFileDumper.java:34|integration/src/main/java/org/apache/mahout/utils/SequenceFileDumper.java:68|integration/src/main/java/org/apache/mahout/utils/SplitInputJob.java:30|integration/src/main/java/org/apache/mahout/utils/SplitInputJob.java:31|integration/src/main/java/org/apache/mahout/utils/SplitInputJob.java:32|integration/src/main/java/org/apache/mahout/utils/SplitInputJob.java:55|integration/src/main/java/org/apache/mahout/utils/SplitInputJob.java:56|integration/src/main/java/org/apache/mahout/utils/SplitInputJob.java:57|integration/src/main/java/org/apache/mahout/utils/SplitInputJob.java:58|integration/src/main/java/org/apache/mahout/utils/SplitInputJob.java:62|integration/src/main/java/org/apache/mahout/utils/SplitInputJob.java:63|integration/src/main/java/org/apache/mahout/utils/SplitInputJob.java:107|integration/src/main/java/org/apache/mahout/utils/SplitInputJob.java:108|integration/src/main/java/org/apache/mahout/utils/SplitInputJob.java:109|integration/src/main/java/org/apache/mahout/utils/SplitInputJob.java:110|integration/src/main/java/org/apache/mahout/utils/SplitInputJob.java:111|integration/src/main/java/org/apache/mahout/utils/SplitInputJob.java:112|integration/src/main/java/org/apache/mahout/utils/SplitInputJob.java:113|integration/src/main/java/org/apache/mahout/utils/SplitInputJob.java:114|integration/src/main/java/org/apache/mahout/utils/SplitInputJob.java:116|integration/src/main/java/org/apache/mahout/utils/SplitInputJob.java:117|integration/src/main/java/org/apache/mahout/utils/SplitInputJob.java:136|integration/src/main/java/org/apache/mahout/utils/SplitInputJob.java:137|integration/src/main/java/org/apache/mahout/utils/SplitInputJob.java:145|integration/src/main/java/org/apache/mahout/utils/SplitInputJob.java:146|integration/src/main/java/org/apache/mahout/utils/SplitInputJob.java:147|integration/src/main/java/org/apache/mahout/utils/SplitInputJob.java:150|integration/src/main/java/org/apache/mahout/utils/SplitInputJob.java:151|integration/src/main/java/org/apache/mahout/utils/SplitInputJob.java:168|integration/src/main/java/org/apache/mahout/utils/SplitInputJob.java:169|integration/src/main/java/org/apache/mahout/utils/SplitInputJob.java:170|integration/src/main/java/org/apache/mahout/utils/SplitInputJob.java:176|integration/src/main/java/org/apache/mahout/utils/SplitInputJob.java:177|integration/src/main/java/org/apache/mahout/utils/SplitInputJob.java:183|integration/src/main/java/org/apache/mahout/utils/SplitInputJob.java:184|integration/src/main/java/org/apache/mahout/utils/SplitInputJob.java:185|integration/src/main/java/org/apache/mahout/utils/SplitInputJob.java:186|integration/src/main/java/org/apache/mahout/utils/SplitInputJob.java:187|integration/src/main/java/org/apache/mahout/utils/SplitInputJob.java:188|integration/src/main/java/org/apache/mahout/utils/SplitInputJob.java:189|integration/src/main/java/org/apache/mahout/utils/SplitInputJob.java:201|integration/src/main/java/org/apache/mahout/utils/SplitInputJob.java:203|integration/src/main/java/org/apache/mahout/utils/SplitInputJob.java:211|integration/src/main/java/org/apache/mahout/utils/SplitInputJob.java:216|integration/src/main/java/org/apache/mahout/utils/SplitInputJob.java:217|integration/src/main/java/org/apache/mahout/utils/vectors/VectorDumper.java:37|integration/src/main/java/org/apache/mahout/utils/vectors/VectorDumper.java:101
7afd9f4cf51c6ebde450d57ad756d7fd7e13b326:core/src/main/java/org/apache/mahout/common/mapreduce/TransposeMapper.java:34|core/src/main/java/org/apache/mahout/math/hadoop/DistributedRowMatrix.java:237|core/src/main/java/org/apache/mahout/math/hadoop/DistributedRowMatrix.java:238|core/src/main/java/org/apache/mahout/math/hadoop/DistributedRowMatrix.java:248|core/src/main/java/org/apache/mahout/math/hadoop/DistributedRowMatrix.java:249|core/src/main/java/org/apache/mahout/math/hadoop/DistributedRowMatrix.java:250|core/src/main/java/org/apache/mahout/math/hadoop/DistributedRowMatrix.java:251|core/src/main/java/org/apache/mahout/math/hadoop/DistributedRowMatrix.java:252|core/src/main/java/org/apache/mahout/math/hadoop/DistributedRowMatrix.java:253|core/src/main/java/org/apache/mahout/math/hadoop/DistributedRowMatrix.java:254|core/src/main/java/org/apache/mahout/math/hadoop/DistributedRowMatrix.java:255|core/src/main/java/org/apache/mahout/math/hadoop/DistributedRowMatrix.java:256|core/src/main/java/org/apache/mahout/math/hadoop/DistributedRowMatrix.java:257|core/src/main/java/org/apache/mahout/math/hadoop/DistributedRowMatrix.java:272|core/src/main/java/org/apache/mahout/math/hadoop/DistributedRowMatrix.java:273|core/src/main/java/org/apache/mahout/math/hadoop/DistributedRowMatrix.java:274|core/src/main/java/org/apache/mahout/math/hadoop/DistributedRowMatrix.java:275|core/src/main/java/org/apache/mahout/math/hadoop/DistributedRowMatrix.java:276|core/src/main/java/org/apache/mahout/math/hadoop/DistributedRowMatrix.java:277|core/src/main/java/org/apache/mahout/math/hadoop/DistributedRowMatrix.java:278|core/src/main/java/org/apache/mahout/math/hadoop/DistributedRowMatrix.java:279|core/src/main/java/org/apache/mahout/math/hadoop/DistributedRowMatrix.java:280|core/src/main/java/org/apache/mahout/math/hadoop/TimesSquaredJob.java:28|core/src/main/java/org/apache/mahout/math/hadoop/TimesSquaredJob.java:30|core/src/main/java/org/apache/mahout/math/hadoop/TimesSquaredJob.java:31|core/src/main/java/org/apache/mahout/math/hadoop/TimesSquaredJob.java:32|core/src/main/java/org/apache/mahout/math/hadoop/TimesSquaredJob.java:33|core/src/main/java/org/apache/mahout/math/hadoop/TimesSquaredJob.java:34|core/src/main/java/org/apache/mahout/math/hadoop/TimesSquaredJob.java:35|core/src/main/java/org/apache/mahout/math/hadoop/TimesSquaredJob.java:36|core/src/main/java/org/apache/mahout/math/hadoop/TimesSquaredJob.java:37|core/src/main/java/org/apache/mahout/math/hadoop/TimesSquaredJob.java:38|core/src/main/java/org/apache/mahout/math/hadoop/TimesSquaredJob.java:39|core/src/main/java/org/apache/mahout/math/hadoop/TimesSquaredJob.java:52|core/src/main/java/org/apache/mahout/math/hadoop/TimesSquaredJob.java:66|core/src/main/java/org/apache/mahout/math/hadoop/TimesSquaredJob.java:69|core/src/main/java/org/apache/mahout/math/hadoop/TimesSquaredJob.java:70|core/src/main/java/org/apache/mahout/math/hadoop/TimesSquaredJob.java:71|core/src/main/java/org/apache/mahout/math/hadoop/TimesSquaredJob.java:72|core/src/main/java/org/apache/mahout/math/hadoop/TimesSquaredJob.java:73|core/src/main/java/org/apache/mahout/math/hadoop/TimesSquaredJob.java:74|core/src/main/java/org/apache/mahout/math/hadoop/TimesSquaredJob.java:75|core/src/main/java/org/apache/mahout/math/hadoop/TimesSquaredJob.java:76|core/src/main/java/org/apache/mahout/math/hadoop/TimesSquaredJob.java:77|core/src/main/java/org/apache/mahout/math/hadoop/TimesSquaredJob.java:78|core/src/main/java/org/apache/mahout/math/hadoop/TimesSquaredJob.java:81|core/src/main/java/org/apache/mahout/math/hadoop/TimesSquaredJob.java:82|core/src/main/java/org/apache/mahout/math/hadoop/TimesSquaredJob.java:83|core/src/main/java/org/apache/mahout/math/hadoop/TimesSquaredJob.java:84|core/src/main/java/org/apache/mahout/math/hadoop/TimesSquaredJob.java:85|core/src/main/java/org/apache/mahout/math/hadoop/TimesSquaredJob.java:88|core/src/main/java/org/apache/mahout/math/hadoop/TimesSquaredJob.java:89|core/src/main/java/org/apache/mahout/math/hadoop/TimesSquaredJob.java:90|core/src/main/java/org/apache/mahout/math/hadoop/TimesSquaredJob.java:91|core/src/main/java/org/apache/mahout/math/hadoop/TimesSquaredJob.java:92|core/src/main/java/org/apache/mahout/math/hadoop/TimesSquaredJob.java:93|core/src/main/java/org/apache/mahout/math/hadoop/TimesSquaredJob.java:94|core/src/main/java/org/apache/mahout/math/hadoop/TimesSquaredJob.java:95|core/src/main/java/org/apache/mahout/math/hadoop/TimesSquaredJob.java:96|core/src/main/java/org/apache/mahout/math/hadoop/TimesSquaredJob.java:97|core/src/main/java/org/apache/mahout/math/hadoop/TimesSquaredJob.java:98|core/src/main/java/org/apache/mahout/math/hadoop/TimesSquaredJob.java:99|core/src/main/java/org/apache/mahout/math/hadoop/TimesSquaredJob.java:102|core/src/main/java/org/apache/mahout/math/hadoop/TimesSquaredJob.java:103|core/src/main/java/org/apache/mahout/math/hadoop/TimesSquaredJob.java:104|core/src/main/java/org/apache/mahout/math/hadoop/TimesSquaredJob.java:105|core/src/main/java/org/apache/mahout/math/hadoop/TimesSquaredJob.java:107|core/src/main/java/org/apache/mahout/math/hadoop/TimesSquaredJob.java:108|core/src/main/java/org/apache/mahout/math/hadoop/TimesSquaredJob.java:111|core/src/main/java/org/apache/mahout/math/hadoop/TimesSquaredJob.java:112|core/src/main/java/org/apache/mahout/math/hadoop/TimesSquaredJob.java:113|core/src/main/java/org/apache/mahout/math/hadoop/TimesSquaredJob.java:114|core/src/main/java/org/apache/mahout/math/hadoop/TimesSquaredJob.java:115|core/src/main/java/org/apache/mahout/math/hadoop/TimesSquaredJob.java:117|core/src/main/java/org/apache/mahout/math/hadoop/TimesSquaredJob.java:118|core/src/main/java/org/apache/mahout/math/hadoop/TimesSquaredJob.java:119|core/src/main/java/org/apache/mahout/math/hadoop/TimesSquaredJob.java:120|core/src/main/java/org/apache/mahout/math/hadoop/TimesSquaredJob.java:121|core/src/main/java/org/apache/mahout/math/hadoop/TimesSquaredJob.java:122|core/src/main/java/org/apache/mahout/math/hadoop/TimesSquaredJob.java:123|core/src/main/java/org/apache/mahout/math/hadoop/TimesSquaredJob.java:124|core/src/main/java/org/apache/mahout/math/hadoop/TimesSquaredJob.java:127|core/src/main/java/org/apache/mahout/math/hadoop/TimesSquaredJob.java:128|core/src/main/java/org/apache/mahout/math/hadoop/TimesSquaredJob.java:129|core/src/main/java/org/apache/mahout/math/hadoop/TimesSquaredJob.java:130|core/src/main/java/org/apache/mahout/math/hadoop/TimesSquaredJob.java:131|core/src/main/java/org/apache/mahout/math/hadoop/TimesSquaredJob.java:133|core/src/main/java/org/apache/mahout/math/hadoop/TimesSquaredJob.java:135|core/src/main/java/org/apache/mahout/math/hadoop/TimesSquaredJob.java:136|core/src/main/java/org/apache/mahout/math/hadoop/TimesSquaredJob.java:137|core/src/main/java/org/apache/mahout/math/hadoop/TimesSquaredJob.java:138|core/src/main/java/org/apache/mahout/math/hadoop/TimesSquaredJob.java:139|core/src/main/java/org/apache/mahout/math/hadoop/TimesSquaredJob.java:140|core/src/main/java/org/apache/mahout/math/hadoop/TimesSquaredJob.java:141|core/src/main/java/org/apache/mahout/math/hadoop/TimesSquaredJob.java:144|core/src/main/java/org/apache/mahout/math/hadoop/TimesSquaredJob.java:145|core/src/main/java/org/apache/mahout/math/hadoop/TimesSquaredJob.java:146|core/src/main/java/org/apache/mahout/math/hadoop/TimesSquaredJob.java:147|core/src/main/java/org/apache/mahout/math/hadoop/TimesSquaredJob.java:148|core/src/main/java/org/apache/mahout/math/hadoop/TimesSquaredJob.java:149|core/src/main/java/org/apache/mahout/math/hadoop/TimesSquaredJob.java:151|core/src/main/java/org/apache/mahout/math/hadoop/TimesSquaredJob.java:152|core/src/main/java/org/apache/mahout/math/hadoop/TimesSquaredJob.java:153|core/src/main/java/org/apache/mahout/math/hadoop/TimesSquaredJob.java:154|core/src/main/java/org/apache/mahout/math/hadoop/TimesSquaredJob.java:160|core/src/main/java/org/apache/mahout/math/hadoop/TimesSquaredJob.java:161|core/src/main/java/org/apache/mahout/math/hadoop/TimesSquaredJob.java:162|core/src/main/java/org/apache/mahout/math/hadoop/TimesSquaredJob.java:163|core/src/main/java/org/apache/mahout/math/hadoop/TimesSquaredJob.java:164|core/src/main/java/org/apache/mahout/math/hadoop/TimesSquaredJob.java:166|core/src/main/java/org/apache/mahout/math/hadoop/TimesSquaredJob.java:171|core/src/main/java/org/apache/mahout/math/hadoop/TimesSquaredJob.java:172|core/src/main/java/org/apache/mahout/math/hadoop/TimesSquaredJob.java:173|core/src/main/java/org/apache/mahout/math/hadoop/TimesSquaredJob.java:174|core/src/main/java/org/apache/mahout/math/hadoop/TimesSquaredJob.java:175|core/src/main/java/org/apache/mahout/math/hadoop/TimesSquaredJob.java:176|core/src/main/java/org/apache/mahout/math/hadoop/TimesSquaredJob.java:177|core/src/main/java/org/apache/mahout/math/hadoop/TimesSquaredJob.java:178|core/src/main/java/org/apache/mahout/math/hadoop/TimesSquaredJob.java:179|core/src/main/java/org/apache/mahout/math/hadoop/TimesSquaredJob.java:180|core/src/main/java/org/apache/mahout/math/hadoop/TimesSquaredJob.java:181|core/src/main/java/org/apache/mahout/math/hadoop/TimesSquaredJob.java:182|core/src/main/java/org/apache/mahout/math/hadoop/TimesSquaredJob.java:185|core/src/main/java/org/apache/mahout/math/hadoop/TimesSquaredJob.java:186|core/src/main/java/org/apache/mahout/math/hadoop/TimesSquaredJob.java:187|core/src/main/java/org/apache/mahout/math/hadoop/TimesSquaredJob.java:197|core/src/main/java/org/apache/mahout/math/hadoop/TimesSquaredJob.java:198|core/src/main/java/org/apache/mahout/math/hadoop/TimesSquaredJob.java:201|core/src/main/java/org/apache/mahout/math/hadoop/TimesSquaredJob.java:208|core/src/main/java/org/apache/mahout/math/hadoop/TimesSquaredJob.java:209|core/src/main/java/org/apache/mahout/math/hadoop/TimesSquaredJob.java:210|core/src/main/java/org/apache/mahout/math/hadoop/TimesSquaredJob.java:213|core/src/main/java/org/apache/mahout/math/hadoop/TimesSquaredJob.java:217|core/src/main/java/org/apache/mahout/math/hadoop/TimesSquaredJob.java:232|core/src/main/java/org/apache/mahout/math/hadoop/TimesSquaredJob.java:239|core/src/main/java/org/apache/mahout/math/hadoop/TimesSquaredJob.java:240|core/src/main/java/org/apache/mahout/math/hadoop/TimesSquaredJob.java:241|core/src/main/java/org/apache/mahout/math/hadoop/TimesSquaredJob.java:242|core/src/main/java/org/apache/mahout/math/hadoop/TimesSquaredJob.java:243|core/src/main/java/org/apache/mahout/math/hadoop/TimesSquaredJob.java:257|core/src/main/java/org/apache/mahout/math/hadoop/TimesSquaredJob.java:258|core/src/main/java/org/apache/mahout/math/hadoop/TimesSquaredJob.java:259|core/src/main/java/org/apache/mahout/math/hadoop/TimesSquaredJob.java:260|core/src/main/java/org/apache/mahout/math/hadoop/TimesSquaredJob.java:267|core/src/main/java/org/apache/mahout/math/hadoop/TimesSquaredJob.java:268|core/src/main/java/org/apache/mahout/math/hadoop/TimesSquaredJob.java:269|core/src/main/java/org/apache/mahout/math/hadoop/TimesSquaredJob.java:270|core/src/main/java/org/apache/mahout/math/hadoop/TimesSquaredJob.java:271|core/src/main/java/org/apache/mahout/math/hadoop/TimesSquaredJob.java:279|core/src/main/java/org/apache/mahout/math/hadoop/TimesSquaredJob.java:280|core/src/main/java/org/apache/mahout/math/hadoop/TimesSquaredJob.java:285|core/src/main/java/org/apache/mahout/math/hadoop/TimesSquaredJob.java:293|core/src/main/java/org/apache/mahout/math/hadoop/TimesSquaredJob.java:294|core/src/main/java/org/apache/mahout/math/hadoop/TimesSquaredJob.java:295|core/src/main/java/org/apache/mahout/math/hadoop/TimesSquaredJob.java:296|core/src/main/java/org/apache/mahout/math/hadoop/TimesSquaredJob.java:297|core/src/main/java/org/apache/mahout/math/hadoop/TimesSquaredJob.java:298|core/src/main/java/org/apache/mahout/math/hadoop/TimesSquaredJob.java:303|core/src/main/java/org/apache/mahout/math/hadoop/TransposeJob.java:21|core/src/main/java/org/apache/mahout/math/hadoop/TransposeJob.java:24|core/src/main/java/org/apache/mahout/math/hadoop/TransposeJob.java:25|core/src/main/java/org/apache/mahout/math/hadoop/TransposeJob.java:26|core/src/main/java/org/apache/mahout/math/hadoop/TransposeJob.java:27|core/src/main/java/org/apache/mahout/math/hadoop/TransposeJob.java:28|core/src/main/java/org/apache/mahout/math/hadoop/TransposeJob.java:29|core/src/main/java/org/apache/mahout/math/hadoop/TransposeJob.java:30|core/src/main/java/org/apache/mahout/math/hadoop/TransposeJob.java:31|core/src/main/java/org/apache/mahout/math/hadoop/TransposeJob.java:32|core/src/main/java/org/apache/mahout/math/hadoop/TransposeJob.java:33|core/src/main/java/org/apache/mahout/math/hadoop/TransposeJob.java:34|core/src/main/java/org/apache/mahout/math/hadoop/TransposeJob.java:37|core/src/main/java/org/apache/mahout/math/hadoop/TransposeJob.java:38|core/src/main/java/org/apache/mahout/math/hadoop/TransposeJob.java:39|core/src/main/java/org/apache/mahout/math/hadoop/TransposeJob.java:43|core/src/main/java/org/apache/mahout/math/hadoop/TransposeJob.java:47|core/src/main/java/org/apache/mahout/math/hadoop/TransposeJob.java:48|core/src/main/java/org/apache/mahout/math/hadoop/TransposeJob.java:52|core/src/main/java/org/apache/mahout/math/hadoop/TransposeJob.java:78|core/src/main/java/org/apache/mahout/math/hadoop/TransposeJob.java:79|core/src/main/java/org/apache/mahout/math/hadoop/TransposeJob.java:80|core/src/main/java/org/apache/mahout/math/hadoop/TransposeJob.java:81|core/src/main/java/org/apache/mahout/math/hadoop/TransposeJob.java:84|core/src/main/java/org/apache/mahout/math/hadoop/TransposeJob.java:85|core/src/main/java/org/apache/mahout/math/hadoop/TransposeJob.java:86|core/src/main/java/org/apache/mahout/math/hadoop/TransposeJob.java:87|core/src/main/java/org/apache/mahout/math/hadoop/TransposeJob.java:88|core/src/main/java/org/apache/mahout/math/hadoop/TransposeJob.java:89|core/src/main/java/org/apache/mahout/math/hadoop/TransposeJob.java:90|core/src/main/java/org/apache/mahout/math/hadoop/TransposeJob.java:91|core/src/main/java/org/apache/mahout/math/hadoop/TransposeJob.java:92|core/src/main/java/org/apache/mahout/math/hadoop/TransposeJob.java:93|core/src/main/java/org/apache/mahout/math/hadoop/TransposeJob.java:95|core/src/main/java/org/apache/mahout/math/hadoop/TransposeJob.java:96|core/src/main/java/org/apache/mahout/math/hadoop/TransposeJob.java:97|core/src/main/java/org/apache/mahout/math/hadoop/TransposeJob.java:98|core/src/main/java/org/apache/mahout/math/hadoop/TransposeJob.java:99|core/src/main/java/org/apache/mahout/math/hadoop/TransposeJob.java:100|core/src/main/java/org/apache/mahout/math/hadoop/TransposeJob.java:101|core/src/main/java/org/apache/mahout/math/hadoop/TransposeJob.java:102|core/src/main/java/org/apache/mahout/math/hadoop/TransposeJob.java:103|core/src/main/java/org/apache/mahout/math/hadoop/TransposeJob.java:104|core/src/main/java/org/apache/mahout/math/hadoop/TransposeJob.java:105|core/src/main/java/org/apache/mahout/math/hadoop/TransposeJob.java:106|core/src/main/java/org/apache/mahout/math/hadoop/TransposeJob.java:107|core/src/main/java/org/apache/mahout/math/hadoop/TransposeJob.java:109|core/src/main/java/org/apache/mahout/math/hadoop/TransposeJob.java:110|core/src/main/java/org/apache/mahout/math/hadoop/TransposeJob.java:112|core/src/main/java/org/apache/mahout/math/hadoop/TransposeJob.java:114|core/src/main/java/org/apache/mahout/math/hadoop/TransposeJob.java:115|core/src/main/java/org/apache/mahout/math/hadoop/TransposeJob.java:116|core/src/main/java/org/apache/mahout/math/hadoop/TransposeJob.java:117|core/src/main/java/org/apache/mahout/math/hadoop/TransposeJob.java:119|core/src/main/java/org/apache/mahout/math/hadoop/TransposeJob.java:120|core/src/main/java/org/apache/mahout/math/hadoop/TransposeJob.java:121|core/src/main/java/org/apache/mahout/math/hadoop/TransposeJob.java:122|core/src/main/java/org/apache/mahout/math/hadoop/TransposeJob.java:123|core/src/main/java/org/apache/mahout/math/hadoop/TransposeJob.java:124|core/src/main/java/org/apache/mahout/math/hadoop/TransposeJob.java:125|core/src/main/java/org/apache/mahout/math/hadoop/TransposeJob.java:126|core/src/main/java/org/apache/mahout/math/hadoop/TransposeJob.java:127|core/src/main/java/org/apache/mahout/math/hadoop/TransposeJob.java:128|core/src/main/java/org/apache/mahout/math/hadoop/TransposeJob.java:129|core/src/main/java/org/apache/mahout/math/hadoop/TransposeJob.java:132|core/src/main/java/org/apache/mahout/math/hadoop/TransposeJob.java:133|core/src/main/java/org/apache/mahout/math/hadoop/TransposeJob.java:135|core/src/main/java/org/apache/mahout/math/hadoop/TransposeJob.java:136|core/src/main/java/org/apache/mahout/math/hadoop/TransposeJob.java:137|core/src/main/java/org/apache/mahout/math/hadoop/TransposeJob.java:138|core/src/main/java/org/apache/mahout/math/hadoop/TransposeJob.java:139|core/src/main/java/org/apache/mahout/math/hadoop/TransposeJob.java:140|core/src/main/java/org/apache/mahout/math/hadoop/TransposeJob.java:141|core/src/main/java/org/apache/mahout/math/hadoop/TransposeJob.java:142|core/src/main/java/org/apache/mahout/math/hadoop/TransposeJob.java:144|core/src/main/java/org/apache/mahout/math/hadoop/TransposeJob.java:145|core/src/main/java/org/apache/mahout/math/hadoop/TransposeJob.java:147|core/src/main/java/org/apache/mahout/math/hadoop/TransposeJob.java:148|core/src/main/java/org/apache/mahout/math/hadoop/TransposeJob.java:149|core/src/main/java/org/apache/mahout/math/hadoop/TransposeJob.java:150|core/src/main/java/org/apache/mahout/math/hadoop/TransposeJob.java:151|core/src/main/java/org/apache/mahout/math/hadoop/TransposeJob.java:152|core/src/main/java/org/apache/mahout/math/hadoop/TransposeJob.java:153|core/src/main/java/org/apache/mahout/math/hadoop/TransposeJob.java:154|core/src/main/java/org/apache/mahout/math/hadoop/TransposeJob.java:155
0fe6a49d76c237bd831a27f8526c62cf1c7f5cc8:core/src/main/java/org/apache/mahout/math/MatrixWritable.java:34|core/src/main/java/org/apache/mahout/math/MatrixWritable.java:38|core/src/main/java/org/apache/mahout/math/MatrixWritable.java:39|core/src/main/java/org/apache/mahout/math/MatrixWritable.java:114|core/src/main/java/org/apache/mahout/math/MatrixWritable.java:116|core/src/main/java/org/apache/mahout/math/MatrixWritable.java:118|core/src/main/java/org/apache/mahout/math/MatrixWritable.java:121|core/src/main/java/org/apache/mahout/math/MatrixWritable.java:122|core/src/main/java/org/apache/mahout/math/MatrixWritable.java:130|core/src/main/java/org/apache/mahout/math/MatrixWritable.java:133|core/src/main/java/org/apache/mahout/math/MatrixWritable.java:137|core/src/main/java/org/apache/mahout/math/MatrixWritable.java:141|core/src/main/java/org/apache/mahout/math/MatrixWritable.java:144|core/src/main/java/org/apache/mahout/math/MatrixWritable.java:158|core/src/main/java/org/apache/mahout/math/MatrixWritable.java:159|math/src/main/java/org/apache/mahout/math/RandomAccessSparseVector.java:68|math/src/main/java/org/apache/mahout/math/SequentialAccessSparseVector.java:113|math/src/main/java/org/apache/mahout/math/SparseMatrix.java:115|math/src/main/java/org/apache/mahout/math/SparseMatrix.java:116|math/src/main/java/org/apache/mahout/math/SparseMatrix.java:117
c1086aa319a1b0fdbe8412cf88c8d67c55cee492:core/src/main/java/org/apache/mahout/clustering/topdown/postprocessor/ClusterOutputPostProcessorDriver.java:75|core/src/main/java/org/apache/mahout/clustering/topdown/postprocessor/ClusterOutputPostProcessorDriver.java:76|core/src/main/java/org/apache/mahout/clustering/topdown/postprocessor/ClusterOutputPostProcessorDriver.java:78|core/src/main/java/org/apache/mahout/clustering/topdown/postprocessor/ClusterOutputPostProcessorDriver.java:79
d8ceebe302ccaafa877d092e5d125e4bdb59b966:math/src/main/java/org/apache/mahout/math/decomposer/lanczos/LanczosSolver.java:42
ebec1e32185bdcc10f48972f791487fe376d4c7b:core/src/main/java/org/apache/mahout/clustering/spectral/kmeans/SpectralKMeansDriver.java:99
e58f704e276f6dd736a16a2db74a8fe6a80db1c4:examples/src/main/java/org/apache/mahout/clustering/display/DisplaySpectralKMeans.java:86
52d824f3ea1f1de9e371b3d7db89ae1c7f688ae2:core/src/main/java/org/apache/mahout/clustering/classify/ClusterClassifier.java:58|core/src/main/java/org/apache/mahout/clustering/classify/ClusterClassifier.java:89|core/src/main/java/org/apache/mahout/clustering/classify/ClusterClassifier.java:237
d4e58278d0f406049d156c730cda6683c3529f93:core/src/main/java/org/apache/mahout/classifier/df/split/OptIgSplit.java:1|core/src/main/java/org/apache/mahout/classifier/df/split/OptIgSplit.java:2|core/src/main/java/org/apache/mahout/classifier/df/split/OptIgSplit.java:3|core/src/main/java/org/apache/mahout/classifier/df/split/OptIgSplit.java:4|core/src/main/java/org/apache/mahout/classifier/df/split/OptIgSplit.java:5|core/src/main/java/org/apache/mahout/classifier/df/split/OptIgSplit.java:6|core/src/main/java/org/apache/mahout/classifier/df/split/OptIgSplit.java:7|core/src/main/java/org/apache/mahout/classifier/df/split/OptIgSplit.java:8|core/src/main/java/org/apache/mahout/classifier/df/split/OptIgSplit.java:9|core/src/main/java/org/apache/mahout/classifier/df/split/OptIgSplit.java:10|core/src/main/java/org/apache/mahout/classifier/df/split/OptIgSplit.java:11|core/src/main/java/org/apache/mahout/classifier/df/split/OptIgSplit.java:12|core/src/main/java/org/apache/mahout/classifier/df/split/OptIgSplit.java:13|core/src/main/java/org/apache/mahout/classifier/df/split/OptIgSplit.java:14|core/src/main/java/org/apache/mahout/classifier/df/split/OptIgSplit.java:15|core/src/main/java/org/apache/mahout/classifier/df/split/OptIgSplit.java:18|core/src/main/java/org/apache/mahout/classifier/df/split/OptIgSplit.java:20|core/src/main/java/org/apache/mahout/classifier/df/split/OptIgSplit.java:21|core/src/main/java/org/apache/mahout/classifier/df/split/OptIgSplit.java:22|core/src/main/java/org/apache/mahout/classifier/df/split/OptIgSplit.java:23|core/src/main/java/org/apache/mahout/classifier/df/split/OptIgSplit.java:24|core/src/main/java/org/apache/mahout/classifier/df/split/OptIgSplit.java:26|core/src/main/java/org/apache/mahout/classifier/df/split/OptIgSplit.java:28|core/src/main/java/org/apache/mahout/classifier/df/split/OptIgSplit.java:29|core/src/main/java/org/apache/mahout/classifier/df/split/OptIgSplit.java:30|core/src/main/java/org/apache/mahout/classifier/df/split/OptIgSplit.java:32|core/src/main/java/org/apache/mahout/classifier/df/split/OptIgSplit.java:34|core/src/main/java/org/apache/mahout/classifier/df/split/OptIgSplit.java:36|core/src/main/java/org/apache/mahout/classifier/df/split/OptIgSplit.java:38|core/src/main/java/org/apache/mahout/classifier/df/split/OptIgSplit.java:40|core/src/main/java/org/apache/mahout/classifier/df/split/OptIgSplit.java:41|core/src/main/java/org/apache/mahout/classifier/df/split/OptIgSplit.java:42|core/src/main/java/org/apache/mahout/classifier/df/split/OptIgSplit.java:43|core/src/main/java/org/apache/mahout/classifier/df/split/OptIgSplit.java:44|core/src/main/java/org/apache/mahout/classifier/df/split/OptIgSplit.java:45|core/src/main/java/org/apache/mahout/classifier/df/split/OptIgSplit.java:46|core/src/main/java/org/apache/mahout/classifier/df/split/OptIgSplit.java:47|core/src/main/java/org/apache/mahout/classifier/df/split/OptIgSplit.java:49|core/src/main/java/org/apache/mahout/classifier/df/split/OptIgSplit.java:50|core/src/main/java/org/apache/mahout/classifier/df/split/OptIgSplit.java:52|core/src/main/java/org/apache/mahout/classifier/df/split/OptIgSplit.java:53|core/src/main/java/org/apache/mahout/classifier/df/split/OptIgSplit.java:54|core/src/main/java/org/apache/mahout/classifier/df/split/OptIgSplit.java:55|core/src/main/java/org/apache/mahout/classifier/df/split/OptIgSplit.java:57|core/src/main/java/org/apache/mahout/classifier/df/split/OptIgSplit.java:59|core/src/main/java/org/apache/mahout/classifier/df/split/OptIgSplit.java:60|core/src/main/java/org/apache/mahout/classifier/df/split/OptIgSplit.java:61|core/src/main/java/org/apache/mahout/classifier/df/split/OptIgSplit.java:62|core/src/main/java/org/apache/mahout/classifier/df/split/OptIgSplit.java:63|core/src/main/java/org/apache/mahout/classifier/df/split/OptIgSplit.java:64|core/src/main/java/org/apache/mahout/classifier/df/split/OptIgSplit.java:66|core/src/main/java/org/apache/mahout/classifier/df/split/OptIgSplit.java:69|core/src/main/java/org/apache/mahout/classifier/df/split/OptIgSplit.java:71|core/src/main/java/org/apache/mahout/classifier/df/split/OptIgSplit.java:72|core/src/main/java/org/apache/mahout/classifier/df/split/OptIgSplit.java:73|core/src/main/java/org/apache/mahout/classifier/df/split/OptIgSplit.java:74|core/src/main/java/org/apache/mahout/classifier/df/split/OptIgSplit.java:76|core/src/main/java/org/apache/mahout/classifier/df/split/OptIgSplit.java:77|core/src/main/java/org/apache/mahout/classifier/df/split/OptIgSplit.java:78|core/src/main/java/org/apache/mahout/classifier/df/split/OptIgSplit.java:80|core/src/main/java/org/apache/mahout/classifier/df/split/OptIgSplit.java:81|core/src/main/java/org/apache/mahout/classifier/df/split/OptIgSplit.java:83|core/src/main/java/org/apache/mahout/classifier/df/split/OptIgSplit.java:84|core/src/main/java/org/apache/mahout/classifier/df/split/OptIgSplit.java:85|core/src/main/java/org/apache/mahout/classifier/df/split/OptIgSplit.java:87|core/src/main/java/org/apache/mahout/classifier/df/split/OptIgSplit.java:88|core/src/main/java/org/apache/mahout/classifier/df/split/OptIgSplit.java:90|core/src/main/java/org/apache/mahout/classifier/df/split/OptIgSplit.java:91|core/src/main/java/org/apache/mahout/classifier/df/split/OptIgSplit.java:93|core/src/main/java/org/apache/mahout/classifier/df/split/OptIgSplit.java:94|core/src/main/java/org/apache/mahout/classifier/df/split/OptIgSplit.java:95|core/src/main/java/org/apache/mahout/classifier/df/split/OptIgSplit.java:96|core/src/main/java/org/apache/mahout/classifier/df/split/OptIgSplit.java:97|core/src/main/java/org/apache/mahout/classifier/df/split/OptIgSplit.java:99|core/src/main/java/org/apache/mahout/classifier/df/split/OptIgSplit.java:100|core/src/main/java/org/apache/mahout/classifier/df/split/OptIgSplit.java:102|core/src/main/java/org/apache/mahout/classifier/df/split/OptIgSplit.java:103|core/src/main/java/org/apache/mahout/classifier/df/split/OptIgSplit.java:104|core/src/main/java/org/apache/mahout/classifier/df/split/OptIgSplit.java:105|core/src/main/java/org/apache/mahout/classifier/df/split/OptIgSplit.java:106|core/src/main/java/org/apache/mahout/classifier/df/split/OptIgSplit.java:107|core/src/main/java/org/apache/mahout/classifier/df/split/OptIgSplit.java:109|core/src/main/java/org/apache/mahout/classifier/df/split/OptIgSplit.java:110|core/src/main/java/org/apache/mahout/classifier/df/split/OptIgSplit.java:112|core/src/main/java/org/apache/mahout/classifier/df/split/OptIgSplit.java:113|core/src/main/java/org/apache/mahout/classifier/df/split/OptIgSplit.java:115|core/src/main/java/org/apache/mahout/classifier/df/split/OptIgSplit.java:117|core/src/main/java/org/apache/mahout/classifier/df/split/OptIgSplit.java:119|core/src/main/java/org/apache/mahout/classifier/df/split/OptIgSplit.java:120|core/src/main/java/org/apache/mahout/classifier/df/split/OptIgSplit.java:121|core/src/main/java/org/apache/mahout/classifier/df/split/OptIgSplit.java:123|core/src/main/java/org/apache/mahout/classifier/df/split/OptIgSplit.java:124|core/src/main/java/org/apache/mahout/classifier/df/split/OptIgSplit.java:126|core/src/main/java/org/apache/mahout/classifier/df/split/OptIgSplit.java:127|core/src/main/java/org/apache/mahout/classifier/df/split/OptIgSplit.java:128|core/src/main/java/org/apache/mahout/classifier/df/split/OptIgSplit.java:130|core/src/main/java/org/apache/mahout/classifier/df/split/OptIgSplit.java:131|core/src/main/java/org/apache/mahout/classifier/df/split/OptIgSplit.java:132|core/src/main/java/org/apache/mahout/classifier/df/split/OptIgSplit.java:134|core/src/main/java/org/apache/mahout/classifier/df/split/OptIgSplit.java:135|core/src/main/java/org/apache/mahout/classifier/df/split/OptIgSplit.java:136|core/src/main/java/org/apache/mahout/classifier/df/split/OptIgSplit.java:138|core/src/main/java/org/apache/mahout/classifier/df/split/OptIgSplit.java:139|core/src/main/java/org/apache/mahout/classifier/df/split/OptIgSplit.java:140|core/src/main/java/org/apache/mahout/classifier/df/split/OptIgSplit.java:141|core/src/main/java/org/apache/mahout/classifier/df/split/OptIgSplit.java:143|core/src/main/java/org/apache/mahout/classifier/df/split/OptIgSplit.java:144|core/src/main/java/org/apache/mahout/classifier/df/split/OptIgSplit.java:145|core/src/main/java/org/apache/mahout/classifier/df/split/OptIgSplit.java:147|core/src/main/java/org/apache/mahout/classifier/df/split/OptIgSplit.java:148|core/src/main/java/org/apache/mahout/classifier/df/split/OptIgSplit.java:149|core/src/main/java/org/apache/mahout/classifier/df/split/OptIgSplit.java:150|core/src/main/java/org/apache/mahout/classifier/df/split/OptIgSplit.java:151|core/src/main/java/org/apache/mahout/classifier/df/split/OptIgSplit.java:153|core/src/main/java/org/apache/mahout/classifier/df/split/OptIgSplit.java:154|core/src/main/java/org/apache/mahout/classifier/df/split/OptIgSplit.java:155|core/src/main/java/org/apache/mahout/classifier/df/split/OptIgSplit.java:156|core/src/main/java/org/apache/mahout/classifier/df/split/OptIgSplit.java:157|core/src/main/java/org/apache/mahout/classifier/df/split/OptIgSplit.java:159|core/src/main/java/org/apache/mahout/classifier/df/split/OptIgSplit.java:160|core/src/main/java/org/apache/mahout/classifier/df/split/OptIgSplit.java:161|core/src/main/java/org/apache/mahout/classifier/df/split/OptIgSplit.java:162|core/src/main/java/org/apache/mahout/classifier/df/split/OptIgSplit.java:164|core/src/main/java/org/apache/mahout/classifier/df/split/OptIgSplit.java:165|core/src/main/java/org/apache/mahout/classifier/df/split/OptIgSplit.java:167|core/src/main/java/org/apache/mahout/classifier/df/split/OptIgSplit.java:168|core/src/main/java/org/apache/mahout/classifier/df/split/OptIgSplit.java:169|core/src/main/java/org/apache/mahout/classifier/df/split/OptIgSplit.java:170|core/src/main/java/org/apache/mahout/classifier/df/split/OptIgSplit.java:171|core/src/main/java/org/apache/mahout/classifier/df/split/OptIgSplit.java:172|core/src/main/java/org/apache/mahout/classifier/df/split/OptIgSplit.java:173|core/src/main/java/org/apache/mahout/classifier/df/split/OptIgSplit.java:175|core/src/main/java/org/apache/mahout/classifier/df/split/OptIgSplit.java:176|core/src/main/java/org/apache/mahout/classifier/df/split/OptIgSplit.java:178
4e1b7a6ebf54a444e01ffa613fe44a1f11f06e31:core/src/main/java/org/apache/mahout/classifier/df/mapreduce/partial/Step1Mapper.java:119|core/src/main/java/org/apache/mahout/classifier/df/mapreduce/partial/Step1Mapper.java:120|core/src/main/java/org/apache/mahout/classifier/df/mapreduce/partial/Step1Mapper.java:130|core/src/main/java/org/apache/mahout/classifier/df/mapreduce/partial/Step1Mapper.java:131|core/src/main/java/org/apache/mahout/classifier/df/mapreduce/partial/Step1Mapper.java:132|core/src/main/java/org/apache/mahout/classifier/df/mapreduce/partial/Step1Mapper.java:133|core/src/main/java/org/apache/mahout/classifier/df/mapreduce/partial/Step1Mapper.java:135
3e9cd90fa55c6300d60b36d1d02bc9f632625412:math/src/main/java/org/apache/mahout/math/SparseMatrix.java:58|math/src/main/java/org/apache/mahout/math/SparseMatrix.java:59|math/src/main/java/org/apache/mahout/math/SparseMatrix.java:60|math/src/main/java/org/apache/mahout/math/SparseMatrix.java:61
e93f05d642aa759cbc0a69c9e275d39167e34f8f:core/src/main/java/org/apache/mahout/clustering/classify/ClusterClassificationDriver.java:45|core/src/main/java/org/apache/mahout/clustering/classify/ClusterClassificationDriver.java:202|core/src/main/java/org/apache/mahout/clustering/classify/ClusterClassificationDriver.java:204|core/src/main/java/org/apache/mahout/clustering/classify/ClusterClassificationDriver.java:206|core/src/main/java/org/apache/mahout/clustering/classify/ClusterClassificationDriver.java:227|core/src/main/java/org/apache/mahout/clustering/classify/ClusterClassificationDriver.java:234|core/src/main/java/org/apache/mahout/clustering/classify/ClusterClassificationDriver.java:237|core/src/main/java/org/apache/mahout/clustering/classify/ClusterClassificationMapper.java:83|core/src/main/java/org/apache/mahout/clustering/classify/ClusterClassificationMapper.java:87|core/src/main/java/org/apache/mahout/clustering/classify/ClusterClassificationMapper.java:89
bef1e8e81b69c968afaebd747efe07a956e2211d:math/src/main/java/org/apache/mahout/math/MatrixVectorView.java:41|math/src/main/java/org/apache/mahout/math/MatrixVectorView.java:44
0fbb722b80251907a7842ee84e7e2e368dbeb4eb:core/src/main/java/org/apache/mahout/classifier/sgd/TPrior.java:20
b0dc01b24aae9e583dd873541ab9f3eafe0b7d9a:core/src/main/java/org/apache/mahout/clustering/streaming/mapreduce/StreamingKMeansDriver.java:442
d15537b19c6b6d221c20567dcaefddeb39eed7f5:math/src/main/java/org/apache/mahout/math/SingularValueDecomposition.java:271|math/src/main/java/org/apache/mahout/math/SingularValueDecomposition.java:292|math/src/main/java/org/apache/mahout/math/SingularValueDecomposition.java:306|math/src/main/java/org/apache/mahout/math/SingularValueDecomposition.java:307|math/src/main/java/org/apache/mahout/math/SingularValueDecomposition.java:439|math/src/main/java/org/apache/mahout/math/SingularValueDecomposition.java:483
ede812b2b7c6519cd2a4eebfca0538a65b7d7a8d:core/src/main/java/org/apache/mahout/classifier/naivebayes/training/TrainNaiveBayesJob.java:96
6a8cfcde4d862689b0b2db3a48328de4884f2776:core/src/main/java/org/apache/mahout/clustering/streaming/mapreduce/StreamingKMeansMapper.java:83
c87196e4e24a758d652b5ba36e26701c35726654:core/src/main/java/org/apache/mahout/common/HadoopUtil.java:355|core/src/main/java/org/apache/mahout/common/HadoopUtil.java:362|core/src/main/java/org/apache/mahout/common/HadoopUtil.java:366|integration/src/main/java/org/apache/mahout/text/SequenceFilesFromDirectory.java:54|integration/src/main/java/org/apache/mahout/text/SequenceFilesFromDirectory.java:110|integration/src/main/java/org/apache/mahout/text/SequenceFilesFromDirectory.java:111|integration/src/main/java/org/apache/mahout/text/SequenceFilesFromDirectory.java:141|integration/src/main/java/org/apache/mahout/text/WholeFileRecordReader.java:49|integration/src/main/java/org/apache/mahout/text/WholeFileRecordReader.java:51|integration/src/main/java/org/apache/mahout/text/WholeFileRecordReader.java:84|integration/src/main/java/org/apache/mahout/text/WholeFileRecordReader.java:85|integration/src/main/java/org/apache/mahout/text/WholeFileRecordReader.java:86|integration/src/main/java/org/apache/mahout/text/WholeFileRecordReader.java:88|integration/src/main/java/org/apache/mahout/text/WholeFileRecordReader.java:89|integration/src/main/java/org/apache/mahout/text/WholeFileRecordReader.java:90|integration/src/main/java/org/apache/mahout/text/WholeFileRecordReader.java:91|integration/src/main/java/org/apache/mahout/text/WholeFileRecordReader.java:92|integration/src/main/java/org/apache/mahout/text/WholeFileRecordReader.java:93|integration/src/main/java/org/apache/mahout/text/WholeFileRecordReader.java:95|integration/src/main/java/org/apache/mahout/text/WholeFileRecordReader.java:96
304fb0f05af390ae3e34778f42aeedf84de270f8:integration/src/main/java/org/apache/mahout/utils/vectors/arff/ARFFIterator.java:34|integration/src/main/java/org/apache/mahout/utils/vectors/arff/ARFFIterator.java:67|integration/src/main/java/org/apache/mahout/utils/vectors/arff/ARFFIterator.java:68|integration/src/main/java/org/apache/mahout/utils/vectors/arff/ARFFIterator.java:69|integration/src/main/java/org/apache/mahout/utils/vectors/arff/ARFFIterator.java:72|integration/src/main/java/org/apache/mahout/utils/vectors/arff/ARFFIterator.java:82|integration/src/main/java/org/apache/mahout/utils/vectors/arff/ARFFIterator.java:91|integration/src/main/java/org/apache/mahout/utils/vectors/arff/ARFFVectorIterable.java:34|integration/src/main/java/org/apache/mahout/utils/vectors/arff/ARFFVectorIterable.java:52|integration/src/main/java/org/apache/mahout/utils/vectors/arff/ARFFVectorIterable.java:53|integration/src/main/java/org/apache/mahout/utils/vectors/arff/ARFFVectorIterable.java:83|integration/src/main/java/org/apache/mahout/utils/vectors/arff/ARFFVectorIterable.java:84
44cc7b3e9102a05aa5c963a8d0a2aba241553b6d:core/src/main/java/org/apache/mahout/classifier/df/data/Dataset.java:348|core/src/main/java/org/apache/mahout/classifier/df/data/Dataset.java:373|core/src/main/java/org/apache/mahout/classifier/df/data/Dataset.java:400|core/src/main/java/org/apache/mahout/classifier/df/data/Dataset.java:416|core/src/main/java/org/apache/mahout/classifier/df/data/Dataset.java:417|core/src/main/java/org/apache/mahout/classifier/df/data/Dataset.java:418
06205a6cd43d9d2fac4b59184e03d52725fde536:core/src/main/java/org/apache/mahout/clustering/streaming/mapreduce/StreamingKMeansDriver.java:428
24c4921f1a3c305656229bea2ee8f21521f2a9b8:examples/src/main/java/org/apache/mahout/clustering/streaming/tools/ClusterQualitySummarizer.java:5|examples/src/main/java/org/apache/mahout/clustering/streaming/tools/ClusterQualitySummarizer.java:33|examples/src/main/java/org/apache/mahout/clustering/streaming/tools/ClusterQualitySummarizer.java:57|examples/src/main/java/org/apache/mahout/clustering/streaming/tools/ClusterQualitySummarizer.java:78|examples/src/main/java/org/apache/mahout/clustering/streaming/tools/ClusterQualitySummarizer.java:80|examples/src/main/java/org/apache/mahout/clustering/streaming/tools/ClusterQualitySummarizer.java:85|examples/src/main/java/org/apache/mahout/clustering/streaming/tools/ClusterQualitySummarizer.java:148|examples/src/main/java/org/apache/mahout/clustering/streaming/tools/ClusterQualitySummarizer.java:149|examples/src/main/java/org/apache/mahout/clustering/streaming/tools/ClusterQualitySummarizer.java:162|examples/src/main/java/org/apache/mahout/clustering/streaming/tools/ClusterQualitySummarizer.java:163|examples/src/main/java/org/apache/mahout/clustering/streaming/tools/ClusterQualitySummarizer.java:164|examples/src/main/java/org/apache/mahout/clustering/streaming/tools/ClusterQualitySummarizer.java:263
95c68de3eb275c9333bd067b1ed1cf00e7fcb40a:integration/src/main/java/org/apache/mahout/utils/vectors/VectorHelper.java:201
c20d04cde96a1c09fa9819c870d22acb8918d906:core/src/main/java/org/apache/mahout/clustering/classify/ClusterClassificationDriver.java:201|core/src/main/java/org/apache/mahout/clustering/classify/ClusterClassificationDriver.java:216|core/src/main/java/org/apache/mahout/clustering/classify/ClusterClassificationDriver.java:217|core/src/main/java/org/apache/mahout/clustering/classify/ClusterClassificationDriver.java:269
82534918c3cdebf610c8c49c4c4ad3112703eb64:core/src/main/java/org/apache/mahout/clustering/classify/ClusterClassificationMapper.java:109|integration/src/main/java/org/apache/mahout/utils/clustering/AbstractClusterWriter.java:31|integration/src/main/java/org/apache/mahout/utils/clustering/AbstractClusterWriter.java:49|integration/src/main/java/org/apache/mahout/utils/clustering/AbstractClusterWriter.java:60|integration/src/main/java/org/apache/mahout/utils/clustering/AbstractClusterWriter.java:71|integration/src/main/java/org/apache/mahout/utils/clustering/CSVClusterWriter.java:21|integration/src/main/java/org/apache/mahout/utils/clustering/CSVClusterWriter.java:42|integration/src/main/java/org/apache/mahout/utils/clustering/CSVClusterWriter.java:52|integration/src/main/java/org/apache/mahout/utils/clustering/CSVClusterWriter.java:54|integration/src/main/java/org/apache/mahout/utils/clustering/ClusterDumper.java:34|integration/src/main/java/org/apache/mahout/utils/clustering/ClusterDumper.java:85|integration/src/main/java/org/apache/mahout/utils/clustering/ClusterDumper.java:267|integration/src/main/java/org/apache/mahout/utils/clustering/ClusterDumper.java:296|integration/src/main/java/org/apache/mahout/utils/clustering/ClusterDumper.java:299|integration/src/main/java/org/apache/mahout/utils/clustering/ClusterDumper.java:300|integration/src/main/java/org/apache/mahout/utils/clustering/ClusterDumper.java:303|integration/src/main/java/org/apache/mahout/utils/clustering/ClusterDumper.java:304|integration/src/main/java/org/apache/mahout/utils/clustering/ClusterDumper.java:307|integration/src/main/java/org/apache/mahout/utils/clustering/ClusterDumperWriter.java:24|integration/src/main/java/org/apache/mahout/utils/clustering/ClusterDumperWriter.java:43|integration/src/main/java/org/apache/mahout/utils/clustering/ClusterDumperWriter.java:72|integration/src/main/java/org/apache/mahout/utils/clustering/ClusterDumperWriter.java:73|integration/src/main/java/org/apache/mahout/utils/clustering/ClusterDumperWriter.java:76|integration/src/main/java/org/apache/mahout/utils/clustering/ClusterDumperWriter.java:77|integration/src/main/java/org/apache/mahout/utils/clustering/ClusterDumperWriter.java:79|integration/src/main/java/org/apache/mahout/utils/clustering/ClusterDumperWriter.java:80|integration/src/main/java/org/apache/mahout/utils/clustering/ClusterDumperWriter.java:81|integration/src/main/java/org/apache/mahout/utils/clustering/ClusterDumperWriter.java:82|integration/src/main/java/org/apache/mahout/utils/clustering/ClusterDumperWriter.java:83|integration/src/main/java/org/apache/mahout/utils/clustering/ClusterDumperWriter.java:84|integration/src/main/java/org/apache/mahout/utils/clustering/ClusterDumperWriter.java:85|integration/src/main/java/org/apache/mahout/utils/clustering/ClusterDumperWriter.java:86|integration/src/main/java/org/apache/mahout/utils/clustering/ClusterDumperWriter.java:87|integration/src/main/java/org/apache/mahout/utils/clustering/ClusterDumperWriter.java:88|integration/src/main/java/org/apache/mahout/utils/clustering/ClusterDumperWriter.java:89|integration/src/main/java/org/apache/mahout/utils/clustering/ClusterDumperWriter.java:91|integration/src/main/java/org/apache/mahout/utils/clustering/GraphMLClusterWriter.java:53|integration/src/main/java/org/apache/mahout/utils/clustering/GraphMLClusterWriter.java:118|integration/src/main/java/org/apache/mahout/utils/vectors/lucene/ClusterLabels.java:60|integration/src/main/java/org/apache/mahout/utils/vectors/lucene/ClusterLabels.java:90|integration/src/main/java/org/apache/mahout/utils/vectors/lucene/ClusterLabels.java:118|integration/src/main/java/org/apache/mahout/utils/vectors/lucene/ClusterLabels.java:119|integration/src/main/java/org/apache/mahout/utils/vectors/lucene/ClusterLabels.java:120|integration/src/main/java/org/apache/mahout/utils/vectors/lucene/ClusterLabels.java:126|integration/src/main/java/org/apache/mahout/utils/vectors/lucene/ClusterLabels.java:152|integration/src/main/java/org/apache/mahout/utils/vectors/lucene/ClusterLabels.java:154|integration/src/main/java/org/apache/mahout/utils/vectors/lucene/ClusterLabels.java:155|integration/src/main/java/org/apache/mahout/utils/vectors/lucene/ClusterLabels.java:159|integration/src/main/java/org/apache/mahout/utils/vectors/lucene/ClusterLabels.java:167|integration/src/main/java/org/apache/mahout/utils/vectors/lucene/ClusterLabels.java:168|integration/src/main/java/org/apache/mahout/utils/vectors/lucene/ClusterLabels.java:220
3186b37fb0e8a711bf07029db45fe9fc940f0079:examples/src/main/java/org/apache/mahout/clustering/streaming/tools/ClusterQualitySummarizer.java:56|examples/src/main/java/org/apache/mahout/clustering/streaming/tools/ClusterQualitySummarizer.java:58|examples/src/main/java/org/apache/mahout/clustering/streaming/tools/ClusterQualitySummarizer.java:59|examples/src/main/java/org/apache/mahout/clustering/streaming/tools/ClusterQualitySummarizer.java:60|examples/src/main/java/org/apache/mahout/clustering/streaming/tools/ClusterQualitySummarizer.java:61|examples/src/main/java/org/apache/mahout/clustering/streaming/tools/ClusterQualitySummarizer.java:62|examples/src/main/java/org/apache/mahout/clustering/streaming/tools/ClusterQualitySummarizer.java:63|examples/src/main/java/org/apache/mahout/clustering/streaming/tools/ClusterQualitySummarizer.java:64|examples/src/main/java/org/apache/mahout/clustering/streaming/tools/ClusterQualitySummarizer.java:65|examples/src/main/java/org/apache/mahout/clustering/streaming/tools/ClusterQualitySummarizer.java:66|examples/src/main/java/org/apache/mahout/clustering/streaming/tools/ClusterQualitySummarizer.java:67|examples/src/main/java/org/apache/mahout/clustering/streaming/tools/ClusterQualitySummarizer.java:68|examples/src/main/java/org/apache/mahout/clustering/streaming/tools/ClusterQualitySummarizer.java:69|examples/src/main/java/org/apache/mahout/clustering/streaming/tools/ClusterQualitySummarizer.java:70|examples/src/main/java/org/apache/mahout/clustering/streaming/tools/ClusterQualitySummarizer.java:71|examples/src/main/java/org/apache/mahout/clustering/streaming/tools/ClusterQualitySummarizer.java:72|math/src/main/java/org/apache/mahout/math/stats/OnlineSummarizer.java:20|math/src/main/java/org/apache/mahout/math/stats/OnlineSummarizer.java:43|math/src/main/java/org/apache/mahout/math/stats/OnlineSummarizer.java:45|math/src/main/java/org/apache/mahout/math/stats/OnlineSummarizer.java:46|math/src/main/java/org/apache/mahout/math/stats/OnlineSummarizer.java:48|math/src/main/java/org/apache/mahout/math/stats/OnlineSummarizer.java:49|math/src/main/java/org/apache/mahout/math/stats/OnlineSummarizer.java:59|math/src/main/java/org/apache/mahout/math/stats/OnlineSummarizer.java:67|math/src/main/java/org/apache/mahout/math/stats/OnlineSummarizer.java:68|math/src/main/java/org/apache/mahout/math/stats/OnlineSummarizer.java:69|math/src/main/java/org/apache/mahout/math/stats/OnlineSummarizer.java:70|math/src/main/java/org/apache/mahout/math/stats/OnlineSummarizer.java:71|math/src/main/java/org/apache/mahout/math/stats/OnlineSummarizer.java:72|math/src/main/java/org/apache/mahout/math/stats/OnlineSummarizer.java:73|math/src/main/java/org/apache/mahout/math/stats/OnlineSummarizer.java:74|math/src/main/java/org/apache/mahout/math/stats/OnlineSummarizer.java:75|math/src/main/java/org/apache/mahout/math/stats/OnlineSummarizer.java:76|math/src/main/java/org/apache/mahout/math/stats/OnlineSummarizer.java:77|math/src/main/java/org/apache/mahout/math/stats/OnlineSummarizer.java:78|math/src/main/java/org/apache/mahout/math/stats/OnlineSummarizer.java:79|math/src/main/java/org/apache/mahout/math/stats/OnlineSummarizer.java:80|math/src/main/java/org/apache/mahout/math/stats/OnlineSummarizer.java:81|math/src/main/java/org/apache/mahout/math/stats/OnlineSummarizer.java:83|math/src/main/java/org/apache/mahout/math/stats/OnlineSummarizer.java:84|math/src/main/java/org/apache/mahout/math/stats/OnlineSummarizer.java:85|math/src/main/java/org/apache/mahout/math/stats/OnlineSummarizer.java:86|math/src/main/java/org/apache/mahout/math/stats/OnlineSummarizer.java:88|math/src/main/java/org/apache/mahout/math/stats/OnlineSummarizer.java:89|math/src/main/java/org/apache/mahout/math/stats/OnlineSummarizer.java:90|math/src/main/java/org/apache/mahout/math/stats/OnlineSummarizer.java:92|math/src/main/java/org/apache/mahout/math/stats/OnlineSummarizer.java:93|math/src/main/java/org/apache/mahout/math/stats/OnlineSummarizer.java:94|math/src/main/java/org/apache/mahout/math/stats/OnlineSummarizer.java:95|math/src/main/java/org/apache/mahout/math/stats/OnlineSummarizer.java:114|math/src/main/java/org/apache/mahout/math/stats/OnlineSummarizer.java:115|math/src/main/java/org/apache/mahout/math/stats/OnlineSummarizer.java:116|math/src/main/java/org/apache/mahout/math/stats/OnlineSummarizer.java:117|math/src/main/java/org/apache/mahout/math/stats/OnlineSummarizer.java:118|math/src/main/java/org/apache/mahout/math/stats/OnlineSummarizer.java:119|math/src/main/java/org/apache/mahout/math/stats/OnlineSummarizer.java:126|math/src/main/java/org/apache/mahout/math/stats/OnlineSummarizer.java:127|math/src/main/java/org/apache/mahout/math/stats/OnlineSummarizer.java:128|math/src/main/java/org/apache/mahout/math/stats/OnlineSummarizer.java:129|math/src/main/java/org/apache/mahout/math/stats/OnlineSummarizer.java:130|math/src/main/java/org/apache/mahout/math/stats/OnlineSummarizer.java:131|math/src/main/java/org/apache/mahout/math/stats/OnlineSummarizer.java:132|math/src/main/java/org/apache/mahout/math/stats/OnlineSummarizer.java:133|math/src/main/java/org/apache/mahout/math/stats/OnlineSummarizer.java:134|math/src/main/java/org/apache/mahout/math/stats/OnlineSummarizer.java:135|math/src/main/java/org/apache/mahout/math/stats/OnlineSummarizer.java:136|math/src/main/java/org/apache/mahout/math/stats/OnlineSummarizer.java:137|math/src/main/java/org/apache/mahout/math/stats/OnlineSummarizer.java:138|math/src/main/java/org/apache/mahout/math/stats/OnlineSummarizer.java:139|math/src/main/java/org/apache/mahout/math/stats/OnlineSummarizer.java:140|math/src/main/java/org/apache/mahout/math/stats/OnlineSummarizer.java:141|math/src/main/java/org/apache/mahout/math/stats/OnlineSummarizer.java:142|math/src/main/java/org/apache/mahout/math/stats/OnlineSummarizer.java:143|math/src/main/java/org/apache/mahout/math/stats/OnlineSummarizer.java:144|math/src/main/java/org/apache/mahout/math/stats/OnlineSummarizer.java:145|math/src/main/java/org/apache/mahout/math/stats/OnlineSummarizer.java:146|math/src/main/java/org/apache/mahout/math/stats/OnlineSummarizer.java:147|math/src/main/java/org/apache/mahout/math/stats/OnlineSummarizer.java:148|math/src/main/java/org/apache/mahout/math/stats/OnlineSummarizer.java:149|math/src/main/java/org/apache/mahout/math/stats/OnlineSummarizer.java:150|math/src/main/java/org/apache/mahout/math/stats/OnlineSummarizer.java:151|math/src/main/java/org/apache/mahout/math/stats/OnlineSummarizer.java:152|math/src/main/java/org/apache/mahout/math/stats/OnlineSummarizer.java:153|math/src/main/java/org/apache/mahout/math/stats/OnlineSummarizer.java:154|math/src/main/java/org/apache/mahout/math/stats/OnlineSummarizer.java:155
09b4ef12001f21f55089baf36a8a4281641cdd27:integration/src/main/java/org/apache/mahout/text/wikipedia/WikipediaXmlSplitter.java:195|integration/src/main/java/org/apache/mahout/text/wikipedia/WikipediaXmlSplitter.java:213|integration/src/main/java/org/apache/mahout/text/wikipedia/WikipediaXmlSplitter.java:214|integration/src/main/java/org/apache/mahout/text/wikipedia/WikipediaXmlSplitter.java:222
25efc4357261656d5edcbe0e2ae3852d5ebe6100:core/src/main/java/org/apache/mahout/math/neighborhood/LocalitySensitiveHashSearch.java:174|core/src/main/java/org/apache/mahout/math/neighborhood/LocalitySensitiveHashSearch.java:175
f2eb7e1b759bada8130cfc00b1d72d8f3b83febb:integration/src/main/java/org/apache/mahout/utils/vectors/arff/ARFFVectorIterable.java:85|integration/src/main/java/org/apache/mahout/utils/vectors/arff/ARFFVectorIterable.java:86|integration/src/main/java/org/apache/mahout/utils/vectors/arff/ARFFVectorIterable.java:87|integration/src/main/java/org/apache/mahout/utils/vectors/arff/ARFFVectorIterable.java:88|integration/src/main/java/org/apache/mahout/utils/vectors/arff/ARFFVectorIterable.java:89|integration/src/main/java/org/apache/mahout/utils/vectors/arff/ARFFVectorIterable.java:90|integration/src/main/java/org/apache/mahout/utils/vectors/arff/ARFFVectorIterable.java:91|integration/src/main/java/org/apache/mahout/utils/vectors/arff/ARFFVectorIterable.java:92|integration/src/main/java/org/apache/mahout/utils/vectors/arff/ARFFVectorIterable.java:93|integration/src/main/java/org/apache/mahout/utils/vectors/arff/ARFFVectorIterable.java:94|integration/src/main/java/org/apache/mahout/utils/vectors/arff/ARFFVectorIterable.java:95|integration/src/main/java/org/apache/mahout/utils/vectors/arff/ARFFVectorIterable.java:96|integration/src/main/java/org/apache/mahout/utils/vectors/arff/ARFFVectorIterable.java:97|integration/src/main/java/org/apache/mahout/utils/vectors/arff/ARFFVectorIterable.java:98|integration/src/main/java/org/apache/mahout/utils/vectors/arff/ARFFVectorIterable.java:99|integration/src/main/java/org/apache/mahout/utils/vectors/arff/ARFFVectorIterable.java:100|integration/src/main/java/org/apache/mahout/utils/vectors/arff/ARFFVectorIterable.java:101|integration/src/main/java/org/apache/mahout/utils/vectors/arff/ARFFVectorIterable.java:102|integration/src/main/java/org/apache/mahout/utils/vectors/arff/ARFFVectorIterable.java:103|integration/src/main/java/org/apache/mahout/utils/vectors/arff/ARFFVectorIterable.java:104|integration/src/main/java/org/apache/mahout/utils/vectors/arff/ARFFVectorIterable.java:105|integration/src/main/java/org/apache/mahout/utils/vectors/arff/ARFFVectorIterable.java:106|integration/src/main/java/org/apache/mahout/utils/vectors/arff/ARFFVectorIterable.java:107|integration/src/main/java/org/apache/mahout/utils/vectors/arff/ARFFVectorIterable.java:108|integration/src/main/java/org/apache/mahout/utils/vectors/arff/ARFFVectorIterable.java:109|integration/src/main/java/org/apache/mahout/utils/vectors/arff/ARFFVectorIterable.java:110|integration/src/main/java/org/apache/mahout/utils/vectors/arff/ARFFVectorIterable.java:111|integration/src/main/java/org/apache/mahout/utils/vectors/arff/ARFFVectorIterable.java:112|integration/src/main/java/org/apache/mahout/utils/vectors/arff/ARFFVectorIterable.java:113|integration/src/main/java/org/apache/mahout/utils/vectors/arff/ARFFVectorIterable.java:114|integration/src/main/java/org/apache/mahout/utils/vectors/arff/ARFFVectorIterable.java:115|integration/src/main/java/org/apache/mahout/utils/vectors/arff/ARFFVectorIterable.java:116|integration/src/main/java/org/apache/mahout/utils/vectors/arff/ARFFVectorIterable.java:117|integration/src/main/java/org/apache/mahout/utils/vectors/arff/ARFFVectorIterable.java:118|integration/src/main/java/org/apache/mahout/utils/vectors/arff/ARFFVectorIterable.java:119|integration/src/main/java/org/apache/mahout/utils/vectors/arff/ARFFVectorIterable.java:120|integration/src/main/java/org/apache/mahout/utils/vectors/arff/ARFFVectorIterable.java:121|integration/src/main/java/org/apache/mahout/utils/vectors/arff/ARFFVectorIterable.java:122|integration/src/main/java/org/apache/mahout/utils/vectors/arff/ARFFVectorIterable.java:123|integration/src/main/java/org/apache/mahout/utils/vectors/arff/ARFFVectorIterable.java:125|integration/src/main/java/org/apache/mahout/utils/vectors/arff/ARFFVectorIterable.java:127|integration/src/main/java/org/apache/mahout/utils/vectors/arff/ARFFVectorIterable.java:128|integration/src/main/java/org/apache/mahout/utils/vectors/arff/ARFFVectorIterable.java:129|integration/src/main/java/org/apache/mahout/utils/vectors/arff/ARFFVectorIterable.java:130|integration/src/main/java/org/apache/mahout/utils/vectors/arff/ARFFVectorIterable.java:132|integration/src/main/java/org/apache/mahout/utils/vectors/arff/ARFFVectorIterable.java:133|integration/src/main/java/org/apache/mahout/utils/vectors/arff/ARFFVectorIterable.java:134|integration/src/main/java/org/apache/mahout/utils/vectors/arff/ARFFVectorIterable.java:135|integration/src/main/java/org/apache/mahout/utils/vectors/arff/ARFFVectorIterable.java:136|integration/src/main/java/org/apache/mahout/utils/vectors/arff/ARFFVectorIterable.java:137|integration/src/main/java/org/apache/mahout/utils/vectors/arff/MapBackedARFFModel.java:146
6d8fbe246b46a1a935767bb4d2c8be7e27ec15a3:core/src/main/java/org/apache/mahout/cf/taste/hadoop/TasteHadoopUtils.java:54|core/src/main/java/org/apache/mahout/cf/taste/hadoop/TasteHadoopUtils.java:57
2e7c3198e4d9e5e3fce876da83c3ef0d2ce6423a:core/src/main/java/org/apache/mahout/cf/taste/impl/recommender/AllSimilarItemsCandidateItemsStrategy.java:39
682feb495ad2a18716afc11eff5d9138984e5b8d:core/src/main/java/org/apache/mahout/cf/taste/impl/recommender/AbstractCandidateItemsStrategy.java:47
f75ea67e61cfbd25c2bf1dc094ae6c739831bb43:core/src/main/java/org/apache/mahout/cf/taste/hadoop/als/ParallelALSFactorizationJob.java:326|core/src/main/java/org/apache/mahout/cf/taste/hadoop/als/ParallelALSFactorizationJob.java:332|core/src/main/java/org/apache/mahout/cf/taste/hadoop/als/ParallelALSFactorizationJob.java:336
40907b1f5cbf02a6eb64cce11e1fcaa27f6c4f18:core/src/main/java/org/apache/mahout/clustering/streaming/mapreduce/StreamingKMeansThread.java:38|core/src/main/java/org/apache/mahout/clustering/streaming/mapreduce/StreamingKMeansThread.java:45|core/src/main/java/org/apache/mahout/clustering/streaming/mapreduce/StreamingKMeansThread.java:46|core/src/main/java/org/apache/mahout/clustering/streaming/mapreduce/StreamingKMeansThread.java:57|core/src/main/java/org/apache/mahout/clustering/streaming/mapreduce/StreamingKMeansThread.java:60|core/src/main/java/org/apache/mahout/clustering/streaming/mapreduce/StreamingKMeansThread.java:61|core/src/main/java/org/apache/mahout/clustering/streaming/mapreduce/StreamingKMeansThread.java:64|core/src/main/java/org/apache/mahout/clustering/streaming/mapreduce/StreamingKMeansThread.java:66|core/src/main/java/org/apache/mahout/clustering/streaming/mapreduce/StreamingKMeansThread.java:67|core/src/main/java/org/apache/mahout/clustering/streaming/mapreduce/StreamingKMeansThread.java:68|core/src/main/java/org/apache/mahout/clustering/streaming/mapreduce/StreamingKMeansThread.java:70|core/src/main/java/org/apache/mahout/clustering/streaming/mapreduce/StreamingKMeansThread.java:72
3cc95f4fc8e167417e12def3948b13bd7e1f57f6:integration/src/main/java/org/apache/mahout/text/LuceneSeqFileHelper.java:50|integration/src/main/java/org/apache/mahout/text/LuceneSeqFileHelper.java:51|integration/src/main/java/org/apache/mahout/text/LuceneSeqFileHelper.java:53|integration/src/main/java/org/apache/mahout/text/LuceneSeqFileHelper.java:54|integration/src/main/java/org/apache/mahout/text/LuceneSeqFileHelper.java:55|integration/src/main/java/org/apache/mahout/text/LuceneSeqFileHelper.java:56|integration/src/main/java/org/apache/mahout/text/LuceneSeqFileHelper.java:57|integration/src/main/java/org/apache/mahout/text/LuceneSeqFileHelper.java:58|integration/src/main/java/org/apache/mahout/text/SequenceFilesFromLuceneStorage.java:109|integration/src/main/java/org/apache/mahout/text/SequenceFilesFromLuceneStorageMapper.java:45
91095865ff06c3b77efcb3d9514df10f70f95912:core/src/main/java/org/apache/mahout/vectorizer/encoders/InteractionValueEncoder.java:22|core/src/main/java/org/apache/mahout/vectorizer/encoders/InteractionValueEncoder.java:23|core/src/main/java/org/apache/mahout/vectorizer/encoders/InteractionValueEncoder.java:89
82bbf156a58baa2b45a3f76ff6c886ee3fdf395b:core/src/main/java/org/apache/mahout/cf/taste/hadoop/als/MultithreadedSharingMapper.java:37|core/src/main/java/org/apache/mahout/cf/taste/hadoop/als/MultithreadedSharingMapper.java:44|core/src/main/java/org/apache/mahout/cf/taste/hadoop/als/MultithreadedSharingMapper.java:45|core/src/main/java/org/apache/mahout/cf/taste/hadoop/als/MultithreadedSharingMapper.java:47
131c84c923edbb949e2066761c88e8ea79763e99:core/src/main/java/org/apache/mahout/cf/taste/common/Refreshable.java:41|core/src/main/java/org/apache/mahout/cf/taste/common/Refreshable.java:46|core/src/main/java/org/apache/mahout/cf/taste/common/Refreshable.java:47|core/src/main/java/org/apache/mahout/cf/taste/impl/common/Cache.java:27|core/src/main/java/org/apache/mahout/cf/taste/impl/common/FastByIDMap.java:74|core/src/main/java/org/apache/mahout/cf/taste/impl/common/FastIDSet.java:266|core/src/main/java/org/apache/mahout/cf/taste/impl/common/FastIDSet.java:269|core/src/main/java/org/apache/mahout/cf/taste/impl/common/LongPrimitiveArrayIterator.java:35|core/src/main/java/org/apache/mahout/cf/taste/impl/common/RefreshHelper.java:69|core/src/main/java/org/apache/mahout/cf/taste/impl/model/GenericDataModel.java:60|core/src/main/java/org/apache/mahout/cf/taste/impl/model/GenericDataModel.java:72|core/src/main/java/org/apache/mahout/cf/taste/impl/model/GenericDataModel.java:141|core/src/main/java/org/apache/mahout/cf/taste/impl/model/file/FileDataModel.java:96|core/src/main/java/org/apache/mahout/cf/taste/impl/model/file/FileDataModel.java:691|core/src/main/java/org/apache/mahout/cf/taste/impl/similarity/AbstractSimilarity.java:50|core/src/main/java/org/apache/mahout/cf/taste/impl/similarity/GenericItemSimilarity.java:58|core/src/main/java/org/apache/mahout/cf/taste/impl/similarity/GenericItemSimilarity.java:104|core/src/main/java/org/apache/mahout/cf/taste/model/Preference.java:22|core/src/main/java/org/apache/mahout/cf/taste/model/Preference.java:23|core/src/main/java/org/apache/mahout/cf/taste/recommender/Recommender.java:96|core/src/main/java/org/apache/mahout/cf/taste/recommender/Rescorer.java:22|core/src/main/java/org/apache/mahout/cf/taste/recommender/Rescorer.java:29|core/src/main/java/org/apache/mahout/cf/taste/similarity/UserSimilarity.java:51|core/src/main/java/org/apache/mahout/common/iterator/FileLineIterator.java:52|core/src/main/java/org/apache/mahout/common/iterator/FileLineIterator.java:55|core/src/main/java/org/apache/mahout/common/iterator/FileLineIterator.java:56|core/src/main/java/org/apache/mahout/common/iterator/FileLineIterator.java:64|core/src/main/java/org/apache/mahout/common/iterator/FileLineIterator.java:74|integration/src/main/java/org/apache/mahout/cf/taste/impl/model/jdbc/MySQLBooleanPrefJDBCDataModel.java:48|integration/src/main/java/org/apache/mahout/cf/taste/impl/model/jdbc/MySQLBooleanPrefJDBCDataModel.java:61|integration/src/main/java/org/apache/mahout/cf/taste/impl/model/jdbc/MySQLBooleanPrefJDBCDataModel.java:80|integration/src/main/java/org/apache/mahout/cf/taste/impl/model/jdbc/MySQLBooleanPrefJDBCDataModel.java:97|integration/src/main/java/org/apache/mahout/cf/taste/impl/model/jdbc/MySQLJDBCDataModel.java:132|integration/src/main/java/org/apache/mahout/cf/taste/impl/model/jdbc/MySQLJDBCDataModel.java:145|integration/src/main/java/org/apache/mahout/cf/taste/impl/model/jdbc/MySQLJDBCDataModel.java:165|integration/src/main/java/org/apache/mahout/cf/taste/impl/model/jdbc/MySQLJDBCDataModel.java:182
31f58654d63d42bbda1d7e912b6f95efb6120627:integration/src/main/java/org/apache/mahout/text/SequenceFilesFromMailArchives.java:41|integration/src/main/java/org/apache/mahout/text/SequenceFilesFromMailArchives.java:79|integration/src/main/java/org/apache/mahout/text/SequenceFilesFromMailArchives.java:81|integration/src/main/java/org/apache/mahout/text/SequenceFilesFromMailArchives.java:93|integration/src/main/java/org/apache/mahout/text/SequenceFilesFromMailArchives.java:94|integration/src/main/java/org/apache/mahout/text/SequenceFilesFromMailArchives.java:96|integration/src/main/java/org/apache/mahout/text/SequenceFilesFromMailArchives.java:98|integration/src/main/java/org/apache/mahout/text/SequenceFilesFromMailArchives.java:99|integration/src/main/java/org/apache/mahout/text/SequenceFilesFromMailArchives.java:101|integration/src/main/java/org/apache/mahout/text/SequenceFilesFromMailArchives.java:105|integration/src/main/java/org/apache/mahout/text/SequenceFilesFromMailArchives.java:109|integration/src/main/java/org/apache/mahout/text/SequenceFilesFromMailArchives.java:110|integration/src/main/java/org/apache/mahout/text/SequenceFilesFromMailArchives.java:112|integration/src/main/java/org/apache/mahout/text/SequenceFilesFromMailArchives.java:114|integration/src/main/java/org/apache/mahout/text/SequenceFilesFromMailArchives.java:116|integration/src/main/java/org/apache/mahout/text/SequenceFilesFromMailArchives.java:117|integration/src/main/java/org/apache/mahout/text/SequenceFilesFromMailArchives.java:118|integration/src/main/java/org/apache/mahout/text/SequenceFilesFromMailArchives.java:119|integration/src/main/java/org/apache/mahout/text/SequenceFilesFromMailArchives.java:120|integration/src/main/java/org/apache/mahout/text/SequenceFilesFromMailArchives.java:121|integration/src/main/java/org/apache/mahout/text/SequenceFilesFromMailArchives.java:122|integration/src/main/java/org/apache/mahout/text/SequenceFilesFromMailArchives.java:123|integration/src/main/java/org/apache/mahout/text/SequenceFilesFromMailArchives.java:124|integration/src/main/java/org/apache/mahout/text/SequenceFilesFromMailArchives.java:126
fcc3260b5a1e83ef05302f2eb6b7d4fd40fad1ef:integration/src/main/java/org/apache/mahout/text/SequenceFilesFromMailArchives.java:80|integration/src/main/java/org/apache/mahout/text/SequenceFilesFromMailArchives.java:115
b717cfc0d9720607517e0380eb6cb8e8ee13bde4:core/src/main/java/org/apache/mahout/math/hadoop/stochasticsvd/SSVDHelper.java:22|core/src/main/java/org/apache/mahout/math/hadoop/stochasticsvd/SSVDHelper.java:23|core/src/main/java/org/apache/mahout/math/hadoop/stochasticsvd/SSVDHelper.java:34|core/src/main/java/org/apache/mahout/math/hadoop/stochasticsvd/SSVDHelper.java:35|core/src/main/java/org/apache/mahout/math/hadoop/stochasticsvd/SSVDHelper.java:36|core/src/main/java/org/apache/mahout/math/hadoop/stochasticsvd/SSVDHelper.java:37|core/src/main/java/org/apache/mahout/math/hadoop/stochasticsvd/SSVDHelper.java:49|core/src/main/java/org/apache/mahout/math/hadoop/stochasticsvd/SSVDHelper.java:155|core/src/main/java/org/apache/mahout/math/hadoop/stochasticsvd/SSVDHelper.java:161|core/src/main/java/org/apache/mahout/math/hadoop/stochasticsvd/SSVDHelper.java:174|core/src/main/java/org/apache/mahout/math/hadoop/stochasticsvd/SSVDHelper.java:175|core/src/main/java/org/apache/mahout/math/hadoop/stochasticsvd/SSVDHelper.java:176|core/src/main/java/org/apache/mahout/math/hadoop/stochasticsvd/SSVDHelper.java:177|core/src/main/java/org/apache/mahout/math/hadoop/stochasticsvd/SSVDHelper.java:178|core/src/main/java/org/apache/mahout/math/hadoop/stochasticsvd/SSVDHelper.java:179|core/src/main/java/org/apache/mahout/math/hadoop/stochasticsvd/SSVDHelper.java:182|core/src/main/java/org/apache/mahout/math/hadoop/stochasticsvd/SSVDHelper.java:184|core/src/main/java/org/apache/mahout/math/hadoop/stochasticsvd/SSVDHelper.java:185|core/src/main/java/org/apache/mahout/math/hadoop/stochasticsvd/SSVDHelper.java:186|core/src/main/java/org/apache/mahout/math/hadoop/stochasticsvd/SSVDHelper.java:187|core/src/main/java/org/apache/mahout/math/hadoop/stochasticsvd/SSVDHelper.java:189|core/src/main/java/org/apache/mahout/math/hadoop/stochasticsvd/SSVDHelper.java:191|core/src/main/java/org/apache/mahout/math/hadoop/stochasticsvd/SSVDHelper.java:192|core/src/main/java/org/apache/mahout/math/hadoop/stochasticsvd/SSVDHelper.java:193|core/src/main/java/org/apache/mahout/math/hadoop/stochasticsvd/SSVDHelper.java:195|core/src/main/java/org/apache/mahout/math/hadoop/stochasticsvd/SSVDHelper.java:197|core/src/main/java/org/apache/mahout/math/hadoop/stochasticsvd/SSVDHelper.java:198|core/src/main/java/org/apache/mahout/math/hadoop/stochasticsvd/SSVDHelper.java:199|core/src/main/java/org/apache/mahout/math/hadoop/stochasticsvd/SSVDHelper.java:200|core/src/main/java/org/apache/mahout/math/hadoop/stochasticsvd/SSVDHelper.java:201|core/src/main/java/org/apache/mahout/math/hadoop/stochasticsvd/SSVDHelper.java:202|core/src/main/java/org/apache/mahout/math/hadoop/stochasticsvd/SSVDHelper.java:203|core/src/main/java/org/apache/mahout/math/hadoop/stochasticsvd/SSVDHelper.java:204|core/src/main/java/org/apache/mahout/math/hadoop/stochasticsvd/SSVDHelper.java:205|core/src/main/java/org/apache/mahout/math/hadoop/stochasticsvd/SSVDHelper.java:207|core/src/main/java/org/apache/mahout/math/hadoop/stochasticsvd/SSVDHelper.java:208|core/src/main/java/org/apache/mahout/math/hadoop/stochasticsvd/SSVDHelper.java:212|core/src/main/java/org/apache/mahout/math/hadoop/stochasticsvd/SSVDSolver.java:395|core/src/main/java/org/apache/mahout/math/hadoop/stochasticsvd/SSVDSolver.java:415|core/src/main/java/org/apache/mahout/math/hadoop/stochasticsvd/SSVDSolver.java:418|core/src/main/java/org/apache/mahout/math/hadoop/stochasticsvd/SSVDSolver.java:419|core/src/main/java/org/apache/mahout/math/hadoop/stochasticsvd/SSVDSolver.java:420|core/src/main/java/org/apache/mahout/math/hadoop/stochasticsvd/SSVDSolver.java:422|core/src/main/java/org/apache/mahout/math/hadoop/stochasticsvd/SSVDSolver.java:423|core/src/main/java/org/apache/mahout/math/hadoop/stochasticsvd/SSVDSolver.java:439|core/src/main/java/org/apache/mahout/math/hadoop/stochasticsvd/UJob.java:147|core/src/main/java/org/apache/mahout/math/hadoop/stochasticsvd/UJob.java:148|core/src/main/java/org/apache/mahout/math/hadoop/stochasticsvd/VJob.java:104|core/src/main/java/org/apache/mahout/math/hadoop/stochasticsvd/VJob.java:105
0833411f3286b20ce1d6c936d16ab43cfa711aee:math/src/main/java/org/apache/mahout/math/RandomAccessSparseVector.java:78|math/src/main/java/org/apache/mahout/math/RandomAccessSparseVector.java:79|math/src/main/java/org/apache/mahout/math/RandomAccessSparseVector.java:80|math/src/main/java/org/apache/mahout/math/RandomAccessSparseVector.java:81|math/src/main/java/org/apache/mahout/math/RandomAccessSparseVector.java:82|math/src/main/java/org/apache/mahout/math/RandomAccessSparseVector.java:83|math/src/main/java/org/apache/mahout/math/RandomAccessSparseVector.java:84|math/src/main/java/org/apache/mahout/math/RandomAccessSparseVector.java:85|math/src/main/java/org/apache/mahout/math/RandomAccessSparseVector.java:86|math/src/main/java/org/apache/mahout/math/RandomAccessSparseVector.java:87|math/src/main/java/org/apache/mahout/math/RandomAccessSparseVector.java:88|math/src/main/java/org/apache/mahout/math/RandomAccessSparseVector.java:89|math/src/main/java/org/apache/mahout/math/RandomAccessSparseVector.java:90|math/src/main/java/org/apache/mahout/math/RandomAccessSparseVector.java:91|math/src/main/java/org/apache/mahout/math/RandomAccessSparseVector.java:92|math/src/main/java/org/apache/mahout/math/RandomAccessSparseVector.java:93|math/src/main/java/org/apache/mahout/math/RandomAccessSparseVector.java:94|math/src/main/java/org/apache/mahout/math/SequentialAccessSparseVector.java:129|math/src/main/java/org/apache/mahout/math/SequentialAccessSparseVector.java:130|math/src/main/java/org/apache/mahout/math/SequentialAccessSparseVector.java:131|math/src/main/java/org/apache/mahout/math/SequentialAccessSparseVector.java:132|math/src/main/java/org/apache/mahout/math/SequentialAccessSparseVector.java:133|math/src/main/java/org/apache/mahout/math/SequentialAccessSparseVector.java:134|math/src/main/java/org/apache/mahout/math/SequentialAccessSparseVector.java:135|math/src/main/java/org/apache/mahout/math/SequentialAccessSparseVector.java:136|math/src/main/java/org/apache/mahout/math/SequentialAccessSparseVector.java:137|math/src/main/java/org/apache/mahout/math/SequentialAccessSparseVector.java:138|math/src/main/java/org/apache/mahout/math/SequentialAccessSparseVector.java:139|math/src/main/java/org/apache/mahout/math/SequentialAccessSparseVector.java:140
c3e0b8c5bee2314e3c4799f7fac411f6f38a3f70:core/src/main/java/org/apache/mahout/classifier/sgd/CsvRecordFactory.java:20|core/src/main/java/org/apache/mahout/classifier/sgd/CsvRecordFactory.java:23|core/src/main/java/org/apache/mahout/classifier/sgd/CsvRecordFactory.java:71|core/src/main/java/org/apache/mahout/classifier/sgd/CsvRecordFactory.java:72|core/src/main/java/org/apache/mahout/classifier/sgd/CsvRecordFactory.java:73|core/src/main/java/org/apache/mahout/classifier/sgd/CsvRecordFactory.java:169|core/src/main/java/org/apache/mahout/classifier/sgd/CsvRecordFactory.java:243|core/src/main/java/org/apache/mahout/classifier/sgd/CsvRecordFactory.java:274|core/src/main/java/org/apache/mahout/classifier/sgd/CsvRecordFactory.java:296|core/src/main/java/org/apache/mahout/classifier/sgd/CsvRecordFactory.java:321
8a6b805a3c15080f28be050a83b1ad26a60f21e6:math/src/main/java/org/apache/mahout/math/AbstractMatrix.java:63|math/src/main/java/org/apache/mahout/math/AbstractMatrix.java:66|math/src/main/java/org/apache/mahout/math/AbstractMatrix.java:69|math/src/main/java/org/apache/mahout/math/SparseColumnMatrix.java:34|math/src/main/java/org/apache/mahout/math/SparseColumnMatrix.java:36|math/src/main/java/org/apache/mahout/math/SparseColumnMatrix.java:37|math/src/main/java/org/apache/mahout/math/SparseColumnMatrix.java:38|math/src/main/java/org/apache/mahout/math/SparseMatrix.java:40|math/src/main/java/org/apache/mahout/math/SparseMatrix.java:43|math/src/main/java/org/apache/mahout/math/SparseMatrix.java:44|math/src/main/java/org/apache/mahout/math/SparseMatrix.java:67|math/src/main/java/org/apache/mahout/math/VectorView.java:125
1efca59f3ebbbad0ffd631e5e70a086b3285cd93:math/src/main/java/org/apache/mahout/math/QRDecomposition.java:151
2f4a51b46c3e5bbee788ff26781f396a61ab0f64:math/src/main/java/org/apache/mahout/math/AbstractMatrix.java:764|math/src/main/java/org/apache/mahout/math/AbstractMatrix.java:766|math/src/main/java/org/apache/mahout/math/AbstractMatrix.java:768|math/src/main/java/org/apache/mahout/math/AbstractMatrix.java:769