c1d78c7faa56547a7851aec5f807049907e34d4e:storm-core/src/jvm/backtype/storm/spout/ShellSpout.java:230|storm-core/src/jvm/backtype/storm/spout/ShellSpout.java:231|storm-core/src/jvm/backtype/storm/spout/ShellSpout.java:233|storm-core/src/jvm/backtype/storm/spout/ShellSpout.java:235|storm-core/src/jvm/backtype/storm/spout/ShellSpout.java:236|storm-core/src/jvm/backtype/storm/spout/ShellSpout.java:248|storm-core/src/jvm/backtype/storm/spout/ShellSpout.java:251|storm-core/src/jvm/backtype/storm/spout/ShellSpout.java:252|storm-core/src/jvm/backtype/storm/spout/ShellSpout.java:254
d222c312ad393272fb6a59c3bd56b60536e66fec:external/storm-kafka/src/jvm/storm/kafka/ZkCoordinator.java:36
c19e482b70f18d690ad165c78551860506486095:storm-core/src/jvm/backtype/storm/utils/VersionedStore.java:101|storm-core/src/jvm/backtype/storm/utils/VersionedStore.java:102|storm-core/src/jvm/backtype/storm/utils/VersionedStore.java:103
e63fb2af9086e2b2e688662ca42a4b4d0112274b:external/storm-kafka/src/jvm/storm/kafka/bolt/KafkaBolt.java:104|external/storm-kafka/src/jvm/storm/kafka/bolt/KafkaBolt.java:105|external/storm-kafka/src/jvm/storm/kafka/bolt/KafkaBolt.java:106|external/storm-kafka/src/jvm/storm/kafka/bolt/KafkaBolt.java:107
43b62fe8215b5c882b24a7429b6b6a8d69daf873:external/storm-hdfs/src/main/java/org/apache/storm/hdfs/trident/HdfsState.java:37|external/storm-hdfs/src/main/java/org/apache/storm/hdfs/trident/HdfsState.java:38
6e329719d515c5414096c1556fe6ee5c1ce4b5b0:external/storm-hdfs/src/main/java/org/apache/storm/hdfs/bolt/AbstractHdfsBolt.java:67|external/storm-hdfs/src/main/java/org/apache/storm/hdfs/bolt/AbstractHdfsBolt.java:72
17da503f49e09fbe309416a434cd7f394a7b5470:external/storm-hbase/src/main/java/org/apache/storm/hbase/security/HBaseSecurityUtil.java:50
1eca8a3398679dce7675e72d91527ac05335bd54:storm-core/src/jvm/backtype/storm/spout/RawMultiScheme.java:31
62b7166470611007d30a2bf285f823fe8377b023:storm-core/src/jvm/storm/trident/topology/TridentBoltExecutor.java:73|storm-core/src/jvm/storm/trident/topology/TridentBoltExecutor.java:74
35f1da7890b597c9634904c0589f6ac64584e539:external/storm-kafka/src/jvm/storm/kafka/KafkaUtils.java:207|external/storm-kafka/src/jvm/storm/kafka/KeyValueScheme.java:26|external/storm-kafka/src/jvm/storm/kafka/KeyValueSchemeAsMultiScheme.java:25|external/storm-kafka/src/jvm/storm/kafka/KeyValueSchemeAsMultiScheme.java:31|external/storm-kafka/src/jvm/storm/kafka/StringKeyValueScheme.java:28|external/storm-kafka/src/jvm/storm/kafka/StringScheme.java:24|external/storm-kafka/src/jvm/storm/kafka/StringScheme.java:31|external/storm-kafka/src/jvm/storm/kafka/StringScheme.java:35|external/storm-kafka/src/jvm/storm/kafka/StringScheme.java:36|external/storm-kafka/src/jvm/storm/kafka/StringScheme.java:37|external/storm-kafka/src/jvm/storm/kafka/StringScheme.java:38|external/storm-kafka/src/jvm/storm/kafka/StringScheme.java:39|storm-core/src/jvm/backtype/storm/spout/MultiScheme.java:26|storm-core/src/jvm/backtype/storm/spout/RawMultiScheme.java:30|storm-core/src/jvm/backtype/storm/spout/RawScheme.java:25|storm-core/src/jvm/backtype/storm/spout/RawScheme.java:26|storm-core/src/jvm/backtype/storm/spout/Scheme.java:26|storm-core/src/jvm/backtype/storm/spout/SchemeAsMultiScheme.java:32
20374cef0b48c71cdbab687e2463528dba0055cb:storm-core/src/jvm/storm/trident/spout/IBatchSpout.java:26|storm-core/src/jvm/storm/trident/spout/IOpaquePartitionedTridentSpout.java:33|storm-core/src/jvm/storm/trident/spout/IPartitionedTridentSpout.java:33|storm-core/src/jvm/storm/trident/spout/ITridentSpout.java:28
f2857eb381961dd57819d741788d47d07412c74d:external/storm-hdfs/src/main/java/org/apache/storm/hdfs/bolt/HdfsBolt.java:46|external/storm-hdfs/src/main/java/org/apache/storm/hdfs/bolt/HdfsBolt.java:90|external/storm-hdfs/src/main/java/org/apache/storm/hdfs/bolt/HdfsBolt.java:102|external/storm-hdfs/src/main/java/org/apache/storm/hdfs/bolt/HdfsBolt.java:104|external/storm-hdfs/src/main/java/org/apache/storm/hdfs/bolt/HdfsBolt.java:105|external/storm-hdfs/src/main/java/org/apache/storm/hdfs/bolt/HdfsBolt.java:113|external/storm-hdfs/src/main/java/org/apache/storm/hdfs/bolt/HdfsBolt.java:117|external/storm-hdfs/src/main/java/org/apache/storm/hdfs/bolt/HdfsBolt.java:118|external/storm-hdfs/src/main/java/org/apache/storm/hdfs/bolt/SequenceFileBolt.java:107|external/storm-hdfs/src/main/java/org/apache/storm/hdfs/bolt/SequenceFileBolt.java:108|external/storm-hdfs/src/main/java/org/apache/storm/hdfs/bolt/SequenceFileBolt.java:109|external/storm-hdfs/src/main/java/org/apache/storm/hdfs/bolt/SequenceFileBolt.java:110|external/storm-hdfs/src/main/java/org/apache/storm/hdfs/bolt/SequenceFileBolt.java:111|external/storm-hdfs/src/main/java/org/apache/storm/hdfs/bolt/SequenceFileBolt.java:112|external/storm-hdfs/src/main/java/org/apache/storm/hdfs/bolt/SequenceFileBolt.java:114|external/storm-hdfs/src/main/java/org/apache/storm/hdfs/bolt/SequenceFileBolt.java:115|external/storm-hdfs/src/main/java/org/apache/storm/hdfs/bolt/SequenceFileBolt.java:116|external/storm-hdfs/src/main/java/org/apache/storm/hdfs/bolt/SequenceFileBolt.java:117|external/storm-hdfs/src/main/java/org/apache/storm/hdfs/bolt/SequenceFileBolt.java:118|external/storm-hdfs/src/main/java/org/apache/storm/hdfs/bolt/SequenceFileBolt.java:120|external/storm-hdfs/src/main/java/org/apache/storm/hdfs/bolt/SequenceFileBolt.java:121|external/storm-hdfs/src/main/java/org/apache/storm/hdfs/bolt/SequenceFileBolt.java:122|external/storm-hdfs/src/main/java/org/apache/storm/hdfs/bolt/SequenceFileBolt.java:123|external/storm-hdfs/src/main/java/org/apache/storm/hdfs/bolt/SequenceFileBolt.java:124|external/storm-hdfs/src/main/java/org/apache/storm/hdfs/bolt/SequenceFileBolt.java:125|external/storm-hdfs/src/main/java/org/apache/storm/hdfs/bolt/SequenceFileBolt.java:127|external/storm-hdfs/src/main/java/org/apache/storm/hdfs/bolt/SequenceFileBolt.java:128
56cfdbf8d9b3b6044d7aa05dfb6b501c24b2f277:external/storm-kafka/src/jvm/storm/kafka/trident/OpaqueTridentKafkaSpout.java:33|external/storm-kafka/src/jvm/storm/kafka/trident/OpaqueTridentKafkaSpout.java:41|external/storm-kafka/src/jvm/storm/kafka/trident/TransactionalTridentKafkaSpout.java:32|external/storm-kafka/src/jvm/storm/kafka/trident/TransactionalTridentKafkaSpout.java:46
8ed57abb5a13cf59a66fb7eb3339b27ec2fe3e60:storm-core/src/jvm/backtype/storm/topology/TopologyBuilder.java:126|storm-core/src/jvm/backtype/storm/topology/TopologyBuilder.java:138|storm-core/src/jvm/backtype/storm/topology/TopologyBuilder.java:155|storm-core/src/jvm/backtype/storm/topology/TopologyBuilder.java:170|storm-core/src/jvm/backtype/storm/topology/TopologyBuilder.java:180|storm-core/src/jvm/backtype/storm/topology/TopologyBuilder.java:193|storm-core/src/jvm/backtype/storm/topology/TopologyBuilder.java:200|storm-core/src/jvm/backtype/storm/topology/TopologyBuilder.java:204|storm-core/src/jvm/backtype/storm/topology/TopologyBuilder.java:231|storm-core/src/jvm/backtype/storm/topology/TopologyBuilder.java:234
a89b7ff4b7c96f7998e3a0c673937f9ddefd59c9:external/storm-kafka/src/jvm/storm/kafka/KafkaSpout.java:54|external/storm-kafka/src/jvm/storm/kafka/KafkaSpout.java:92|external/storm-kafka/src/jvm/storm/kafka/KafkaSpout.java:94
5a1abd3bc6b1b7d6ba7532ad7b0758f143cefde3:external/storm-hbase/src/main/java/org/apache/storm/hbase/common/Utils.java:43|external/storm-hbase/src/main/java/org/apache/storm/hbase/common/Utils.java:44
f2e3ea0eb411547802cc87a95a9b4a8f56cd9d10:storm-core/src/jvm/backtype/storm/utils/Utils.java:254|storm-core/src/jvm/backtype/storm/utils/Utils.java:256|storm-core/src/jvm/backtype/storm/utils/Utils.java:257|storm-core/src/jvm/backtype/storm/utils/Utils.java:258|storm-core/src/jvm/backtype/storm/utils/Utils.java:259|storm-core/src/jvm/backtype/storm/utils/Utils.java:261
26ea627fb39fb84f31de773e650318a81eba8bd4:storm-core/src/jvm/backtype/storm/Config.java:423|storm-core/src/jvm/backtype/storm/ConfigValidation.java:109
2a1a417f922cbce6239b5c85eb75363b92b9a2d0:external/storm-kafka/src/jvm/storm/kafka/ZkCoordinator.java:36
b1411aa63383801913cb1340a8b51c5bb46db0ba:storm-core/src/jvm/backtype/storm/messaging/netty/Client.java:38|storm-core/src/jvm/backtype/storm/messaging/netty/Client.java:40|storm-core/src/jvm/backtype/storm/messaging/netty/Client.java:105|storm-core/src/jvm/backtype/storm/messaging/netty/Client.java:108|storm-core/src/jvm/backtype/storm/messaging/netty/Client.java:131|storm-core/src/jvm/backtype/storm/messaging/netty/Client.java:137|storm-core/src/jvm/backtype/storm/messaging/netty/Client.java:141|storm-core/src/jvm/backtype/storm/messaging/netty/Client.java:142|storm-core/src/jvm/backtype/storm/messaging/netty/Client.java:165|storm-core/src/jvm/backtype/storm/messaging/netty/Client.java:170|storm-core/src/jvm/backtype/storm/messaging/netty/Client.java:172|storm-core/src/jvm/backtype/storm/messaging/netty/Client.java:192|storm-core/src/jvm/backtype/storm/messaging/netty/Client.java:205|storm-core/src/jvm/backtype/storm/messaging/netty/Client.java:208|storm-core/src/jvm/backtype/storm/messaging/netty/Client.java:209|storm-core/src/jvm/backtype/storm/messaging/netty/Client.java:210|storm-core/src/jvm/backtype/storm/messaging/netty/Client.java:212|storm-core/src/jvm/backtype/storm/messaging/netty/Client.java:221|storm-core/src/jvm/backtype/storm/messaging/netty/Client.java:222|storm-core/src/jvm/backtype/storm/messaging/netty/Client.java:250|storm-core/src/jvm/backtype/storm/messaging/netty/Context.java:43|storm-core/src/jvm/backtype/storm/messaging/netty/Context.java:44|storm-core/src/jvm/backtype/storm/messaging/netty/Context.java:66|storm-core/src/jvm/backtype/storm/messaging/netty/Context.java:67|storm-core/src/jvm/backtype/storm/messaging/netty/Context.java:68|storm-core/src/jvm/backtype/storm/messaging/netty/Context.java:94|storm-core/src/jvm/backtype/storm/messaging/netty/Context.java:100|storm-core/src/jvm/backtype/storm/messaging/netty/Context.java:101|storm-core/src/jvm/backtype/storm/messaging/netty/Context.java:102|storm-core/src/jvm/backtype/storm/messaging/netty/Context.java:103|storm-core/src/jvm/backtype/storm/messaging/netty/Context.java:104|storm-core/src/jvm/backtype/storm/messaging/netty/MessageBatch.java:38|storm-core/src/jvm/backtype/storm/messaging/netty/MessageBatch.java:40|storm-core/src/jvm/backtype/storm/messaging/netty/MessageBatch.java:42|storm-core/src/jvm/backtype/storm/messaging/netty/MessageBatch.java:48|storm-core/src/jvm/backtype/storm/messaging/netty/MessageBatch.java:49|storm-core/src/jvm/backtype/storm/messaging/netty/MessageBatch.java:50|storm-core/src/jvm/backtype/storm/messaging/netty/MessageBatch.java:52|storm-core/src/jvm/backtype/storm/messaging/netty/MessageBatch.java:53|storm-core/src/jvm/backtype/storm/messaging/netty/MessageBatch.java:54|storm-core/src/jvm/backtype/storm/messaging/netty/MessageBatch.java:55|storm-core/src/jvm/backtype/storm/messaging/netty/MessageBatch.java:57|storm-core/src/jvm/backtype/storm/messaging/netty/MessageBatch.java:59|storm-core/src/jvm/backtype/storm/messaging/netty/MessageBatch.java:60|storm-core/src/jvm/backtype/storm/messaging/netty/MessageBatch.java:61|storm-core/src/jvm/backtype/storm/messaging/netty/MessageBatch.java:62
f35871cf481d273b9de979a2034aa96458334b32:storm-core/src/jvm/backtype/storm/security/serialization/BlowfishTupleSerializer.java:22|storm-core/src/jvm/backtype/storm/security/serialization/BlowfishTupleSerializer.java:46|storm-core/src/jvm/backtype/storm/utils/ShellProcess.java:34|storm-core/src/jvm/backtype/storm/utils/ShellProcess.java:35|storm-core/src/jvm/backtype/storm/utils/ShellProcess.java:38|storm-core/src/jvm/backtype/storm/utils/ShellProcess.java:55
998383ffe58834c52ab7ecdda668681177131cd4:storm-core/src/jvm/backtype/storm/Config.java:404
f21cd844b7e86258a8560e31fb36dab029b3d4ba:storm-core/src/jvm/backtype/storm/utils/Utils.java:172|storm-core/src/jvm/backtype/storm/utils/Utils.java:173|storm-core/src/jvm/backtype/storm/utils/Utils.java:174
574f876229b9b5e5f7356a770f31fd70e09f73f0:storm-core/src/jvm/backtype/storm/security/auth/SimpleTransportPlugin.java:80
b815012509e15a68bdd72cc684ab5cc91dd53b86:storm-core/src/jvm/backtype/storm/task/ShellBolt.java:324|storm-core/src/jvm/backtype/storm/task/ShellBolt.java:325|storm-core/src/jvm/backtype/storm/task/ShellBolt.java:326
9a2c4129b145b901f320238ea36a282ff7f44d0c:storm-core/src/jvm/backtype/storm/utils/Utils.java:127|storm-core/src/jvm/backtype/storm/utils/Utils.java:128|storm-core/src/jvm/backtype/storm/utils/Utils.java:129|storm-core/src/jvm/backtype/storm/utils/Utils.java:130|storm-core/src/jvm/backtype/storm/utils/Utils.java:131|storm-core/src/jvm/backtype/storm/utils/Utils.java:132|storm-core/src/jvm/backtype/storm/utils/Utils.java:133|storm-core/src/jvm/backtype/storm/utils/Utils.java:134|storm-core/src/jvm/backtype/storm/utils/Utils.java:135|storm-core/src/jvm/backtype/storm/utils/Utils.java:136|storm-core/src/jvm/backtype/storm/utils/Utils.java:137|storm-core/src/jvm/backtype/storm/utils/Utils.java:138|storm-core/src/jvm/backtype/storm/utils/Utils.java:139|storm-core/src/jvm/backtype/storm/utils/Utils.java:140|storm-core/src/jvm/backtype/storm/utils/Utils.java:141|storm-core/src/jvm/backtype/storm/utils/Utils.java:142|storm-core/src/jvm/backtype/storm/utils/Utils.java:143|storm-core/src/jvm/backtype/storm/utils/Utils.java:145|storm-core/src/jvm/backtype/storm/utils/Utils.java:148|storm-core/src/jvm/backtype/storm/utils/Utils.java:270|storm-core/src/jvm/backtype/storm/utils/Utils.java:380|storm-core/src/jvm/backtype/storm/utils/Utils.java:394
d2e10346e58527496bccaeca7b6a1b1d924e7b99:external/storm-kafka/src/jvm/storm/kafka/KafkaConfig.java:36|external/storm-kafka/src/jvm/storm/kafka/KafkaUtils.java:63|external/storm-kafka/src/jvm/storm/kafka/KafkaUtils.java:64|external/storm-kafka/src/jvm/storm/kafka/KafkaUtils.java:65|external/storm-kafka/src/jvm/storm/kafka/KafkaUtils.java:66|external/storm-kafka/src/jvm/storm/kafka/PartitionManager.java:88|external/storm-kafka/src/jvm/storm/kafka/PartitionManager.java:90|external/storm-kafka/src/jvm/storm/kafka/trident/TridentKafkaEmitter.java:105|external/storm-kafka/src/jvm/storm/kafka/trident/TridentKafkaEmitter.java:151
1e3bf8c09cb1be6b60ca57fce2b6d859a57e173a:external/storm-kafka/src/jvm/storm/kafka/KafkaUtils.java:124|external/storm-kafka/src/jvm/storm/kafka/KafkaUtils.java:125|external/storm-kafka/src/jvm/storm/kafka/KafkaUtils.java:126|external/storm-kafka/src/jvm/storm/kafka/KafkaUtils.java:127|external/storm-kafka/src/jvm/storm/kafka/KafkaUtils.java:133|external/storm-kafka/src/jvm/storm/kafka/KafkaUtils.java:134|external/storm-kafka/src/jvm/storm/kafka/KafkaUtils.java:135|external/storm-kafka/src/jvm/storm/kafka/KafkaUtils.java:136
ffb1562cb0eb3fbd916423136fcd3c181fbf6212:external/storm-hbase/src/main/java/org/apache/storm/hbase/bolt/HBaseBolt.java:65|external/storm-hbase/src/main/java/org/apache/storm/hbase/bolt/HBaseLookupBolt.java:70|external/storm-hbase/src/main/java/org/apache/storm/hbase/bolt/HBaseLookupBolt.java:74|external/storm-hbase/src/main/java/org/apache/storm/hbase/trident/state/HBaseState.java:137|external/storm-hdfs/src/main/java/org/apache/storm/hdfs/bolt/HdfsBolt.java:115|external/storm-hdfs/src/main/java/org/apache/storm/hdfs/bolt/SequenceFileBolt.java:126
5be9e9d9cfe6fb497a7706308cc9c59061215cea:storm-core/src/jvm/backtype/storm/messaging/netty/Context.java:28|storm-core/src/jvm/backtype/storm/messaging/netty/Context.java:40|storm-core/src/jvm/backtype/storm/messaging/netty/Context.java:52|storm-core/src/jvm/backtype/storm/messaging/netty/Context.java:74|storm-core/src/jvm/backtype/storm/messaging/netty/Context.java:83|storm-core/src/jvm/backtype/storm/messaging/netty/Context.java:85|storm-core/src/jvm/backtype/storm/messaging/netty/Context.java:93|storm-core/src/jvm/backtype/storm/messaging/netty/Context.java:96
aadccb4cb2a6602651d31542ecf2c96d72a0edfa:external/storm-kafka/src/jvm/storm/kafka/bolt/KafkaBolt.java:104|external/storm-kafka/src/jvm/storm/kafka/bolt/KafkaBolt.java:105|external/storm-kafka/src/jvm/storm/kafka/bolt/KafkaBolt.java:106|external/storm-kafka/src/jvm/storm/kafka/bolt/KafkaBolt.java:107
ca7bd99beff75e592c6abc9ba5186633d00f0fe4:storm-core/src/jvm/backtype/storm/utils/VersionedStore.java:101|storm-core/src/jvm/backtype/storm/utils/VersionedStore.java:102|storm-core/src/jvm/backtype/storm/utils/VersionedStore.java:103
5eefcfbe331d54216850041a3268d45a20d1933e:examples/storm-starter/src/jvm/storm/starter/BasicDRPCTopology.java:70
cad1505deb214facb0fb70e24034e30f79a973da:storm-core/src/jvm/backtype/storm/Config.java:729|storm-core/src/jvm/backtype/storm/Config.java:731|storm-core/src/jvm/backtype/storm/Config.java:733|storm-core/src/jvm/backtype/storm/Config.java:734
65e9f0c814b2cddc772880042259b66194fd6fb7:external/storm-kafka/src/jvm/storm/kafka/KafkaUtils.java:183|external/storm-kafka/src/jvm/storm/kafka/KafkaUtils.java:185|external/storm-kafka/src/jvm/storm/kafka/KafkaUtils.java:186|external/storm-kafka/src/jvm/storm/kafka/UpdateOffsetException.java:20|external/storm-kafka/src/jvm/storm/kafka/trident/TridentKafkaEmitter.java:132
a0308efd6c934416206183561194f3470e415edb:external/storm-hdfs/src/main/java/org/apache/storm/hdfs/bolt/AbstractHdfsBolt.java:86|external/storm-hdfs/src/main/java/org/apache/storm/hdfs/bolt/AbstractHdfsBolt.java:87
9ce1e0286d65cd7d866928bc0cb824f2c505f14e:external/storm-hdfs/src/main/java/org/apache/storm/hdfs/trident/HdfsState.java:37|external/storm-hdfs/src/main/java/org/apache/storm/hdfs/trident/HdfsState.java:38
4d21b271439b0a43c28390c6b5db94a6f8ee2a3b:external/storm-hdfs/src/main/java/org/apache/storm/hdfs/bolt/AbstractHdfsBolt.java:67|external/storm-hdfs/src/main/java/org/apache/storm/hdfs/bolt/AbstractHdfsBolt.java:72
83adfd9d2c5c352efeb076303cacab38f9f5c01c:external/storm-hdfs/src/main/java/org/apache/storm/hdfs/bolt/AbstractHdfsBolt.java:84|external/storm-hdfs/src/main/java/org/apache/storm/hdfs/bolt/AbstractHdfsBolt.java:86|external/storm-hdfs/src/main/java/org/apache/storm/hdfs/bolt/AbstractHdfsBolt.java:87|external/storm-hdfs/src/main/java/org/apache/storm/hdfs/bolt/AbstractHdfsBolt.java:95|external/storm-hdfs/src/main/java/org/apache/storm/hdfs/bolt/AbstractHdfsBolt.java:96|external/storm-hdfs/src/main/java/org/apache/storm/hdfs/bolt/AbstractHdfsBolt.java:97|external/storm-hdfs/src/main/java/org/apache/storm/hdfs/bolt/AbstractHdfsBolt.java:103|external/storm-hdfs/src/main/java/org/apache/storm/hdfs/bolt/AbstractHdfsBolt.java:108|external/storm-hdfs/src/main/java/org/apache/storm/hdfs/bolt/AbstractHdfsBolt.java:112
2544b6d99f163cd2552485a629651f8e97fff8ee:external/storm-hbase/src/main/java/org/apache/storm/hbase/common/HBaseClient.java:30|external/storm-hbase/src/main/java/org/apache/storm/hbase/common/HBaseClient.java:42|external/storm-hbase/src/main/java/org/apache/storm/hbase/common/HBaseClient.java:43|external/storm-hbase/src/main/java/org/apache/storm/hbase/common/HBaseClient.java:44|external/storm-hbase/src/main/java/org/apache/storm/hbase/common/HBaseClient.java:45|external/storm-hbase/src/main/java/org/apache/storm/hbase/common/HBaseClient.java:46|external/storm-hbase/src/main/java/org/apache/storm/hbase/common/HBaseClient.java:47|external/storm-hbase/src/main/java/org/apache/storm/hbase/trident/state/HBaseMapState.java:84|external/storm-hbase/src/main/java/org/apache/storm/hbase/trident/state/HBaseMapState.java:85|external/storm-hbase/src/main/java/org/apache/storm/hbase/trident/state/HBaseMapState.java:86|external/storm-hbase/src/main/java/org/apache/storm/hbase/trident/state/HBaseMapState.java:87|external/storm-hbase/src/main/java/org/apache/storm/hbase/trident/state/HBaseMapState.java:88|external/storm-hbase/src/main/java/org/apache/storm/hbase/trident/state/HBaseMapState.java:89
b03118aecbb44545574ec649b554d2033d2efa20:external/storm-hbase/src/main/java/org/apache/storm/hbase/common/HBaseClient.java:42|external/storm-hbase/src/main/java/org/apache/storm/hbase/common/HBaseClient.java:43|external/storm-hbase/src/main/java/org/apache/storm/hbase/common/HBaseClient.java:44|external/storm-hbase/src/main/java/org/apache/storm/hbase/common/HBaseClient.java:45|external/storm-hbase/src/main/java/org/apache/storm/hbase/common/HBaseClient.java:46|external/storm-hbase/src/main/java/org/apache/storm/hbase/common/HBaseClient.java:47|external/storm-hbase/src/main/java/org/apache/storm/hbase/trident/state/HBaseMapState.java:24|external/storm-hbase/src/main/java/org/apache/storm/hbase/trident/state/HBaseMapState.java:25|external/storm-hbase/src/main/java/org/apache/storm/hbase/trident/state/HBaseMapState.java:26|external/storm-hbase/src/main/java/org/apache/storm/hbase/trident/state/HBaseMapState.java:27|external/storm-hbase/src/main/java/org/apache/storm/hbase/trident/state/HBaseMapState.java:28|external/storm-hbase/src/main/java/org/apache/storm/hbase/trident/state/HBaseMapState.java:29|external/storm-hbase/src/main/java/org/apache/storm/hbase/trident/state/HBaseMapState.java:30|external/storm-hbase/src/main/java/org/apache/storm/hbase/trident/state/HBaseMapState.java:38|external/storm-hbase/src/main/java/org/apache/storm/hbase/trident/state/HBaseMapState.java:70|external/storm-hbase/src/main/java/org/apache/storm/hbase/trident/state/HBaseMapState.java:82|external/storm-hbase/src/main/java/org/apache/storm/hbase/trident/state/HBaseMapState.java:84|external/storm-hbase/src/main/java/org/apache/storm/hbase/trident/state/HBaseMapState.java:85|external/storm-hbase/src/main/java/org/apache/storm/hbase/trident/state/HBaseMapState.java:86|external/storm-hbase/src/main/java/org/apache/storm/hbase/trident/state/HBaseMapState.java:87|external/storm-hbase/src/main/java/org/apache/storm/hbase/trident/state/HBaseMapState.java:88|external/storm-hbase/src/main/java/org/apache/storm/hbase/trident/state/HBaseMapState.java:89|external/storm-hbase/src/main/java/org/apache/storm/hbase/trident/state/HBaseMapState.java:90|external/storm-hbase/src/main/java/org/apache/storm/hbase/trident/state/HBaseMapState.java:165|external/storm-hbase/src/main/java/org/apache/storm/hbase/trident/state/HBaseMapState.java:191|external/storm-hbase/src/main/java/org/apache/storm/hbase/trident/state/HBaseMapState.java:203|external/storm-hbase/src/main/java/org/apache/storm/hbase/trident/state/HBaseMapState.java:209
b7c9d926690486fba2ce1a8ba6248d8d0aa76b1c:external/storm-hdfs/src/main/java/org/apache/storm/hdfs/trident/HdfsState.java:37|external/storm-hdfs/src/main/java/org/apache/storm/hdfs/trident/HdfsState.java:38
b15e7f9c4dc2c5d78346120a21f535d74a532565:storm-core/src/jvm/storm/trident/spout/IBatchSpout.java:26|storm-core/src/jvm/storm/trident/spout/IOpaquePartitionedTridentSpout.java:33|storm-core/src/jvm/storm/trident/spout/IPartitionedTridentSpout.java:33|storm-core/src/jvm/storm/trident/spout/ITridentSpout.java:28