0fc6b522487c061f89e8cdacf09f722d3f20589a:storm-core/src/jvm/org/apache/storm/localizer/Localizer.java|storm-core/src/jvm/org/apache/storm/utils/Utils.java
5a3cefbace63a593b31e0193656b46143e113f78:storm-core/src/jvm/org/apache/storm/metric/FileBasedEventLogger.java
6e2e7e2973b426340c443b680603d0a713563b1e:external/storm-hdfs/src/main/java/org/apache/storm/hdfs/blobstore/HdfsBlobStore.java
cf0b00fbdbb04cb37d5d3bc361577b696dba66d9:storm-core/src/jvm/org/apache/storm/Config.java|storm-core/src/jvm/org/apache/storm/blobstore/LocalFsBlobStore.java
49cc2db8c5879c3eeda5aae96c76f6773039e043:storm-core/src/jvm/org/apache/storm/drpc/DRPCSpout.java
51e451e107a694dea00aed2996eac97b5808781a:storm-core/src/jvm/org/apache/storm/Config.java
d0eceb94e0a3bdaa9a383a6a7f5a366dace954c9:storm-core/src/jvm/org/apache/storm/blobstore/BlobStore.java
adb14ccbeb6f446eff9b4d71323ab8451b4b45d5:storm-core/src/jvm/org/apache/storm/transactional/state/TransactionalState.java
6f3f7575045eee41e6d4a3c0fbc88a63b36a7f19:storm-core/src/jvm/org/apache/storm/blobstore/LocalFsBlobStore.java
8d418501adf6c74e861b8881420ff9e4673c3310:external/storm-cassandra/src/main/java/org/apache/storm/cassandra/bolt/BaseCassandraBolt.java|external/storm-cassandra/src/main/java/org/apache/storm/cassandra/bolt/BatchCassandraWriterBolt.java|external/storm-cassandra/src/main/java/org/apache/storm/cassandra/bolt/CassandraWriterBolt.java|external/storm-elasticsearch/src/main/java/org/apache/storm/elasticsearch/bolt/AbstractEsBolt.java|external/storm-elasticsearch/src/main/java/org/apache/storm/elasticsearch/bolt/EsIndexBolt.java|external/storm-elasticsearch/src/main/java/org/apache/storm/elasticsearch/bolt/EsLookupBolt.java|external/storm-elasticsearch/src/main/java/org/apache/storm/elasticsearch/bolt/EsPercolateBolt.java|external/storm-eventhubs/src/main/java/org/apache/storm/eventhubs/bolt/EventHubBolt.java|external/storm-jdbc/src/main/java/org/apache/storm/jdbc/bolt/AbstractJdbcBolt.java|external/storm-jdbc/src/main/java/org/apache/storm/jdbc/bolt/JdbcInsertBolt.java|external/storm-jdbc/src/main/java/org/apache/storm/jdbc/bolt/JdbcLookupBolt.java|external/storm-kafka/src/jvm/org/apache/storm/kafka/bolt/KafkaBolt.java|external/storm-mqtt/core/src/main/java/org/apache/storm/mqtt/bolt/MqttBolt.java|external/storm-redis/src/main/java/org/apache/storm/redis/bolt/AbstractRedisBolt.java|external/storm-redis/src/main/java/org/apache/storm/redis/bolt/RedisLookupBolt.java|external/storm-redis/src/main/java/org/apache/storm/redis/bolt/RedisStoreBolt.java|external/storm-solr/src/main/java/org/apache/storm/solr/bolt/SolrUpdateBolt.java
eb6677f55289be5cf5b227aba61c985fdeea450d:external/storm-kafka-client/src/main/java/org/apache/storm/kafka/spout/KafkaSpout.java|external/storm-kafka-client/src/main/java/org/apache/storm/kafka/spout/KafkaSpoutConfig.java
de70903dde47756e81859f6fe0a1b2e5190b9b1b:external/storm-hdfs/src/main/java/org/apache/storm/hdfs/common/ModifTimeComparator.java
3b12349c97242bffb00a6e97314c8abb2aed7967:storm-core/src/jvm/org/apache/storm/blobstore/BlobStoreUtils.java|storm-core/src/jvm/org/apache/storm/blobstore/BlobSynchronizer.java|storm-core/src/jvm/org/apache/storm/blobstore/KeySequenceNumber.java|storm-core/src/jvm/org/apache/storm/blobstore/LocalFsBlobStore.java
6c9d072375496bb2542db9ba664cb19b204dad5a:storm-core/src/jvm/org/apache/storm/security/auth/ThriftClient.java
bda2f147d0bb0f66aa1ebd9b81dcbe87d13b6302:storm-core/src/jvm/org/apache/storm/utils/Utils.java
e4a83d8fef6f397e15cee659b2d805b229fcf006:storm-core/src/jvm/org/apache/storm/state/DefaultStateSerializer.java
6a922002e96eadfcab635cacbeceed8800f53bd3:storm-core/src/jvm/org/apache/storm/blobstore/FileBlobStoreImpl.java
43b62fe8215b5c882b24a7429b6b6a8d69daf873:external/storm-hdfs/src/main/java/org/apache/storm/hdfs/trident/HdfsState.java
7d82471d171d330e548fd55ae182e46c8365be6b:external/storm-kafka-client/src/main/java/org/apache/storm/kafka/spout/KafkaSpout.java|external/storm-kafka-client/src/main/java/org/apache/storm/kafka/spout/KafkaSpoutConfig.java
6e329719d515c5414096c1556fe6ee5c1ce4b5b0:external/storm-hdfs/src/main/java/org/apache/storm/hdfs/bolt/AbstractHdfsBolt.java
d363f15434624f016a44c548274f7c17c39c7b6c:storm-core/src/jvm/org/apache/storm/scheduler/resource/RAS_Node.java
14fa0734937e093c1978380c9f772d65b5e016e5:storm-core/src/jvm/org/apache/storm/scheduler/resource/RAS_Node.java
a7a159e5e002bc3a0b581c221cb0cca38d194f2c:external/storm-kafka-client/src/main/java/org/apache/storm/kafka/spout/KafkaSpout.java
e44f798739c7e89a9003b77f6b5f9c3e5d3d6369:storm-core/src/jvm/org/apache/storm/utils/DisruptorQueue.java
b4aad619ff05c9055fc67dabe4a7db958fa5aec5:storm-core/src/jvm/org/apache/storm/utils/ShellBoltMessageQueue.java
a40f1441124483d0fc630a9f2f31a7cc43b898ad:examples/storm-starter/src/jvm/org/apache/storm/starter/trident/TridentKafkaWordCount.java
f70bf1475d8dac5991bc9336ef49020e0c9bd110:storm-core/src/jvm/org/apache/storm/topology/BaseConfigurationDeclarer.java
983b90bb78f72defeedf13a8b0fa2f31d3570073:storm-core/src/jvm/org/apache/storm/StormSubmitter.java|storm-core/src/jvm/org/apache/storm/security/auth/ThriftClient.java|storm-core/src/jvm/org/apache/storm/utils/NimbusClient.java|storm-core/src/jvm/org/apache/storm/utils/Utils.java
d8c6e288529284744fa95321b483c965551039ce:storm-core/src/jvm/org/apache/storm/messaging/netty/StormClientHandler.java
de9b0f7a7869b21db251d44a404644a89e3c9137:storm-core/src/jvm/org/apache/storm/tuple/Fields.java
20f28a3a40f650895615cda6d496d05f919a649f:storm-core/src/jvm/org/apache/storm/utils/DisruptorQueue.java
4682bfb89f437d9468ba351cca02afa4c25b5cf4:storm-core/src/jvm/org/apache/storm/task/ShellBolt.java
25f2db76492b84689c32e90a256bc00bdbe8b07b:storm-core/src/jvm/org/apache/storm/spout/ShellSpout.java
0139aed1c3964327cc4dbf0ec835d401b7361379:storm-core/src/jvm/org/apache/storm/trident/windowing/WindowTridentProcessor.java
70bd5359d5fead47613d1008f1baa9232aa567c0:external/storm-redis/src/main/java/org/apache/storm/redis/state/RedisKeyValueState.java
e0fe1c3d3b3de68a84e74f306882c1cc1e5c7047:examples/storm-starter/src/jvm/org/apache/storm/starter/spout/TwitterSampleSpout.java
ca186cd1a62c90022a6b8cd4616efd5b32505a5a:external/storm-hive/src/main/java/org/apache/storm/hive/trident/HiveState.java
8c3e21e5ea0687ee0c398203a640b084fcc6b38e:storm-core/src/jvm/org/apache/storm/StormSubmitter.java
17ecac101c575724394dbd701ca82e5a64d3376d:storm-core/src/jvm/org/apache/storm/utils/Utils.java
35afb0f298e366ea5c5000c7f4003194b787ef32:storm-core/src/jvm/org/apache/storm/spout/SpoutOutputCollector.java
3265fba60c009bdc341abae9b8cbdbd02eaad9a8:external/storm-kafka/src/jvm/org/apache/storm/kafka/Partition.java|external/storm-kafka/src/jvm/org/apache/storm/kafka/PartitionManager.java
7bdb1fe92f85435e86c436669760ee8df1e1c7c6:storm-core/src/jvm/org/apache/storm/generated/HBMessageData.java
fe33b779271a67032fa45a790ecfd54680b60cd4:external/storm-kafka/src/jvm/org/apache/storm/kafka/StringMultiSchemeWithTopic.java
6ce8fa812301ddb727c9a6e7f40473e37b74f1a2:external/storm-hdfs/src/main/java/org/apache/storm/hdfs/common/security/HdfsSecurityUtil.java
701a9045f62e3a61f7021f79a765ea89c1afa69d:external/storm-kafka-client/src/main/java/org/apache/storm/kafka/spout/KafkaSpoutRetryExponentialBackoff.java
95e7afc29cde1b7f16c1b0ab8ad65bbd9ed9a2af:storm-core/src/jvm/org/apache/storm/topology/CheckpointTupleForwarder.java|storm-core/src/jvm/org/apache/storm/topology/StatefulBoltExecutor.java
3b879d62d68ac75310d12784d8d1ad4213fdd38e:storm-core/src/jvm/org/apache/storm/topology/IStatefulBolt.java|storm-core/src/jvm/org/apache/storm/topology/StatefulBoltExecutor.java
b67f42a088e87e70d764247fcb0ed46c222d98b8:storm-core/src/jvm/org/apache/storm/scheduler/resource/strategies/scheduling/DefaultResourceAwareStrategy.java
3923e17ec55ce2954ca8c1966dbd017ed6a67fef:storm-core/src/jvm/org/apache/storm/metric/internal/RateTracker.java|storm-core/src/jvm/org/apache/storm/utils/DisruptorQueue.java
9271056b22ab5c734157a9ca1f3f4ab9a28d4b4b:storm-core/src/jvm/org/apache/storm/utils/DisruptorQueue.java
98bc6437b72bcf34472646aae163bebbce247f19:external/storm-kafka/src/jvm/org/apache/storm/kafka/ZkCoordinator.java
22bbc4edfc4637469fc729b623f4786362e2e995:storm-core/src/jvm/org/apache/storm/trident/spout/OpaquePartitionedTridentSpoutExecutor.java
f61e5daf299d6c37c7ad65744d02556c94a16a4b:storm-core/src/jvm/org/apache/storm/localizer/Localizer.java|storm-core/src/jvm/org/apache/storm/utils/Utils.java
628a765d5e1a04a16d19720c229617a0ba2e4dd5:storm-core/src/jvm/org/apache/storm/metric/FileBasedEventLogger.java
8a3619106c7f03d574740688ce93b8bd66e3fabb:storm-core/src/jvm/org/apache/storm/messaging/netty/Client.java
d7b7096a53edff7bedda56c85f6ece9c9d994591:storm-core/src/jvm/org/apache/storm/topology/WindowedBoltExecutor.java|storm-core/src/jvm/org/apache/storm/windowing/EvictionPolicy.java|storm-core/src/jvm/org/apache/storm/windowing/TimeEvictionPolicy.java|storm-core/src/jvm/org/apache/storm/windowing/WatermarkCountEvictionPolicy.java|storm-core/src/jvm/org/apache/storm/windowing/WatermarkTimeEvictionPolicy.java
a0308efd6c934416206183561194f3470e415edb:external/storm-hdfs/src/main/java/org/apache/storm/hdfs/blobstore/HdfsBlobStoreImpl.java|external/storm-hdfs/src/main/java/org/apache/storm/hdfs/bolt/AbstractHdfsBolt.java|external/storm-hdfs/src/main/java/org/apache/storm/hdfs/spout/HdfsSpout.java
c9bbd544449eee98d0427c115ff13a6878706179:external/storm-kafka-client/src/main/java/org/apache/storm/kafka/spout/KafkaSpout.java
4971543052e84161431887c5e471e6f4be917dff:external/storm-kafka-client/src/main/java/org/apache/storm/kafka/spout/KafkaSpout.java|external/storm-kafka-client/src/main/java/org/apache/storm/kafka/spout/KafkaSpoutRetryExponentialBackoff.java
55e6d2994b5b33b3fda64605e5767df6530e1787:external/storm-hdfs/src/main/java/org/apache/storm/hdfs/blobstore/HdfsBlobStore.java
3d6727a57a8c7cb8137ab308594c7ac0c76e2369:storm-core/src/jvm/org/apache/storm/blobstore/BlobStoreUtils.java
9f29be3b5bb110c2773e2f4814350032da68d704:storm-core/src/jvm/org/apache/storm/windowing/TimeTriggerPolicy.java|storm-core/src/jvm/org/apache/storm/windowing/WaterMarkEventGenerator.java
d25b525661c7c9b71fe110d62fec218ae378c883:storm-core/src/jvm/org/apache/storm/Config.java|storm-core/src/jvm/org/apache/storm/blobstore/LocalFsBlobStore.java
5ae07c4ec94b75e28401bc0c2ef5d11d5ee59037:storm-core/src/jvm/org/apache/storm/drpc/DRPCSpout.java
7b72b68a6466ebe3dc7c17ab13f9f53621a0fde4:storm-core/src/jvm/org/apache/storm/utils/DisruptorQueue.java
d42daf8443ae5a5f03e37eddad688ee08282fac3:storm-core/src/jvm/org/apache/storm/Config.java
ed25e8139055739629e537d86aa057cc634676b7:external/storm-kafka/src/jvm/org/apache/storm/kafka/PartitionManager.java
0943bb6482355230b09fd79ff4dc05a449850742:examples/storm-starter/src/jvm/org/apache/storm/starter/TransactionalWords.java|storm-core/src/jvm/org/apache/storm/trident/windowing/StoreBasedTridentWindowManager.java
cdf2b80146ae3028620e99ef70b146b6cfe58267:storm-core/src/jvm/org/apache/storm/blobstore/FileBlobStoreImpl.java
75c51ffad7ea1ed37b3eb2c31b4caba6864456a4:storm-core/src/jvm/org/apache/storm/StormSubmitter.java
588287a7a7243b44cc1141682415fec3e1237b1c:storm-core/src/jvm/org/apache/storm/security/auth/kerberos/AutoTGT.java
4e258ca3b39daddf52e81cf0287813c83d04fb43:external/storm-kafka-client/src/main/java/org/apache/storm/kafka/spout/KafkaSpoutMessageId.java
654ad6cbf2a177b302c40dd9ca540ae336b69e46:storm-core/src/jvm/org/apache/storm/security/serialization/BlowfishTupleSerializer.java
4e834f1d90bcec11ced29b5b8e70cd7f1e02971e:storm-core/src/jvm/org/apache/storm/utils/DisruptorQueue.java
ae1b38457e2f4a0aaad3b29c4b00acbd26da6afd:storm-core/src/jvm/org/apache/storm/windowing/WaterMarkEventGenerator.java
ce8081e9d1ebbac18d3de6b3802f21f2b0ea127c:storm-core/src/jvm/org/apache/storm/topology/WindowedBoltExecutor.java|storm-core/src/jvm/org/apache/storm/windowing/TimeEvictionPolicy.java
fae07d965753330996b7e7427b1cef32298e2086:external/storm-kafka-client/src/main/java/org/apache/storm/kafka/spout/KafkaSpout.java|external/storm-kafka-client/src/main/java/org/apache/storm/kafka/spout/KafkaSpoutMessageId.java|external/storm-kafka-client/src/main/java/org/apache/storm/kafka/spout/KafkaSpoutRetryService.java
bb908f61acd5301ea831158fe1e9b55c34b747ac:storm-core/src/jvm/org/apache/storm/blobstore/BlobStoreAclHandler.java
5a721d7f0ea9de4f7047472f0dd96d377150959d:storm-core/src/jvm/org/apache/storm/blobstore/BlobStore.java
97605c1b1bd1fc286facaf36ceeb85fd31298fdf:external/storm-kafka-client/src/main/java/org/apache/storm/kafka/spout/KafkaSpout.java
cf4d9e1eb6f8d75092527255e3ff21c23d354ac1:external/storm-kafka/src/jvm/org/apache/storm/kafka/StringScheme.java
d887036220dfbf9af3ca30e3bcc04ccc57170139:storm-core/src/jvm/org/apache/storm/trident/topology/state/TransactionalState.java
fe16fd40c69d872e0a2cd5a5dd0bc39fbf72cd9d:external/storm-kafka-client/src/main/java/org/apache/storm/kafka/spout/KafkaSpout.java|external/storm-kafka-client/src/main/java/org/apache/storm/kafka/spout/KafkaSpoutConfig.java|external/storm-kafka-client/src/main/java/org/apache/storm/kafka/spout/KafkaSpoutRetryExponentialBackoff.java|external/storm-kafka-client/src/main/java/org/apache/storm/kafka/spout/KafkaSpoutRetryService.java
291c058367675edd06c5c0f098d963103ced9374:external/storm-hive/src/main/java/org/apache/storm/hive/bolt/HiveBolt.java
a3dc4db8b371b0d05b4a01782e10189b56e7eabb:storm-core/src/jvm/org/apache/storm/blobstore/LocalFsBlobStore.java
8670f60d459f4c27ea040bd2f401ecd22c4bf497:external/storm-kafka-client/src/main/java/org/apache/storm/kafka/spout/KafkaSpout.java|external/storm-kafka-client/src/main/java/org/apache/storm/kafka/spout/KafkaSpoutMessageId.java
b88854110099edb778d5a906ff1f838737b673a3:external/storm-eventhubs/src/main/java/org/apache/storm/eventhubs/trident/OpaqueTridentEventHubEmitter.java|external/storm-kafka/src/jvm/org/apache/storm/kafka/trident/TridentKafkaEmitter.java|storm-core/src/jvm/org/apache/storm/trident/spout/IOpaquePartitionedTridentSpout.java|storm-core/src/jvm/org/apache/storm/trident/spout/OpaquePartitionedTridentSpoutExecutor.java
cbb66b4929e8ad7edd7e5dfdbed9bab6adf1db6e:storm-core/src/jvm/org/apache/storm/security/auth/TBackoffConnect.java|storm-core/src/jvm/org/apache/storm/utils/StormBoundedExponentialBackoffRetry.java
d33ea90418de20ca7cee622b0135bc57c9d7c1bf:external/storm-cassandra/src/main/java/org/apache/storm/cassandra/bolt/BaseCassandraBolt.java|external/storm-cassandra/src/main/java/org/apache/storm/cassandra/bolt/BatchCassandraWriterBolt.java|external/storm-cassandra/src/main/java/org/apache/storm/cassandra/bolt/CassandraWriterBolt.java|external/storm-elasticsearch/src/main/java/org/apache/storm/elasticsearch/bolt/AbstractEsBolt.java|external/storm-elasticsearch/src/main/java/org/apache/storm/elasticsearch/bolt/EsIndexBolt.java|external/storm-elasticsearch/src/main/java/org/apache/storm/elasticsearch/bolt/EsLookupBolt.java|external/storm-elasticsearch/src/main/java/org/apache/storm/elasticsearch/bolt/EsPercolateBolt.java|external/storm-eventhubs/src/main/java/org/apache/storm/eventhubs/bolt/EventHubBolt.java|external/storm-jdbc/src/main/java/org/apache/storm/jdbc/bolt/AbstractJdbcBolt.java|external/storm-jdbc/src/main/java/org/apache/storm/jdbc/bolt/JdbcInsertBolt.java|external/storm-jdbc/src/main/java/org/apache/storm/jdbc/bolt/JdbcLookupBolt.java|external/storm-kafka/src/jvm/org/apache/storm/kafka/bolt/KafkaBolt.java|external/storm-mqtt/core/src/main/java/org/apache/storm/mqtt/bolt/MqttBolt.java|external/storm-redis/src/main/java/org/apache/storm/redis/bolt/AbstractRedisBolt.java|external/storm-redis/src/main/java/org/apache/storm/redis/bolt/RedisLookupBolt.java|external/storm-redis/src/main/java/org/apache/storm/redis/bolt/RedisStoreBolt.java|external/storm-solr/src/main/java/org/apache/storm/solr/bolt/SolrUpdateBolt.java
bb5c6b84876da10d842889bb1729ccfab02af7b5:external/storm-hdfs/src/main/java/org/apache/storm/hdfs/common/ModifTimeComparator.java
3f1e5cf95c47ae9068d03acb52e2903dac99644c:storm-core/src/jvm/org/apache/storm/blobstore/BlobStoreUtils.java|storm-core/src/jvm/org/apache/storm/blobstore/BlobSynchronizer.java|storm-core/src/jvm/org/apache/storm/blobstore/KeySequenceNumber.java|storm-core/src/jvm/org/apache/storm/blobstore/LocalFsBlobStore.java
a3e6f60f250dd94a18bee91ffa8d1a0c9b591670:external/storm-kafka-client/src/main/java/org/apache/storm/kafka/spout/KafkaSpoutTuplesBuilder.java|external/storm-kafka-client/src/main/java/org/apache/storm/kafka/spout/KafkaSpout.java|external/storm-kafka-client/src/main/java/org/apache/storm/kafka/spout/KafkaSpoutConfig.java|external/storm-kafka-client/src/main/java/org/apache/storm/kafka/spout/KafkaSpoutMessageId.java|external/storm-kafka-client/src/main/java/org/apache/storm/kafka/spout/KafkaSpoutStream.java|external/storm-kafka-client/src/main/java/org/apache/storm/kafka/spout/KafkaSpoutTupleBuilder.java|external/storm-kafka-client/src/main/java/org/apache/storm/kafka/spout/KafkaSpoutStreams.java|external/storm-kafka/src/jvm/org/apache/storm/kafka/DynamicPartitionConnections.java|external/storm-kafka/src/jvm/org/apache/storm/kafka/KafkaSpout.java|external/storm-kafka/src/jvm/org/apache/storm/kafka/KafkaUtils.java|external/storm-kafka/src/jvm/org/apache/storm/kafka/PartitionManager.java|external/storm-kafka/src/jvm/org/apache/storm/kafka/StaticCoordinator.java|storm-core/src/jvm/org/apache/storm/tuple/Fields.java
549a6c5e5919e143f95a90323ae619eceaa16f4e:external/sql/storm-sql-core/src/jvm/org/apache/storm/sql/StormSqlImpl.java
91ef18b1b7cddd7153cd69cbff204774581d1758:storm-core/src/jvm/org/apache/storm/utils/Utils.java
5f080f2d785abe331ef0346f4892741f3aaf7da1:storm-core/src/jvm/org/apache/storm/state/DefaultStateSerializer.java
b02c6a2edfdbf32766aeeaaef94a95bde64ecfe5:storm-core/src/jvm/org/apache/storm/blobstore/FileBlobStoreImpl.java
fdb31e2d8116f45e3957ff2c84408eec2a7a80a9:storm-core/src/jvm/org/apache/storm/utils/NimbusClient.java
f8e8292f8f8ff2275ade4ea08b740853c8aa503e:external/storm-hdfs/src/main/java/org/apache/storm/hdfs/blobstore/HdfsClientBlobStore.java|storm-core/src/jvm/org/apache/storm/StormSubmitter.java|storm-core/src/jvm/org/apache/storm/blobstore/BlobStoreUtils.java|storm-core/src/jvm/org/apache/storm/utils/NimbusClient.java
a92b7d0ab2bc7c5bcd0b822785a50f59099ad715:external/storm-kafka-client/src/main/java/org/apache/storm/kafka/spout/KafkaSpout.java|external/storm-kafka-client/src/main/java/org/apache/storm/kafka/spout/KafkaSpoutConfig.java
145af644324b62f2c060c6e795ac6b5474fd17d2:external/storm-kafka-client/src/main/java/org/apache/storm/kafka/spout/KafkaSpout.java
5c17a59ebf9f5667ccfb2dc0a127044b94a0de86:external/storm-kafka-client/src/main/java/org/apache/storm/kafka/spout/KafkaSpout.java
cea8beaaa50b432277db4302d3c7ac5c1970bdc2:examples/storm-starter/src/jvm/org/apache/storm/starter/WordCountTopology.java
6d3a90d53ea425881b8b3c20a52932c7977bbccc:external/storm-redis/src/main/java/org/apache/storm/redis/state/RedisKeyValueState.java
9ce1e0286d65cd7d866928bc0cb824f2c505f14e:external/storm-hdfs/src/main/java/org/apache/storm/hdfs/trident/HdfsState.java
7d2a1ac4fff418171b37f7864bf69f3985539e01:storm-core/src/jvm/org/apache/storm/grouping/ShuffleGrouping.java
4d21b271439b0a43c28390c6b5db94a6f8ee2a3b:external/storm-hdfs/src/main/java/org/apache/storm/hdfs/bolt/AbstractHdfsBolt.java
93b09c2c242e1e2f4638a459cf0670dcfa78c3cc:storm-core/src/jvm/org/apache/storm/scheduler/resource/RAS_Node.java
eda583a0cf3ddf99a7879a37bc21f866b6d6a323:storm-core/src/jvm/org/apache/storm/security/auth/ThriftClient.java
8d1b61a5f83b9bdf3ece2e94b2aaaf46da040e5a:storm-core/src/jvm/org/apache/storm/scheduler/resource/RAS_Node.java
10b165a2d0e9c5253395af7d8c086f4f979e6e1b:external/storm-kafka-client/src/main/java/org/apache/storm/kafka/spout/KafkaSpout.java
ec871d1b9f6ac9f113edbe06eaa32682bd95d5dd:storm-core/src/jvm/org/apache/storm/utils/DisruptorQueue.java
d6305d76c3c16f8c0b2a57615759b367988acb22:storm-core/src/jvm/org/apache/storm/scheduler/multitenant/IsolatedPool.java
66b109db17a94a7a326c320ec43f79c25473c5d2:external/sql/storm-sql-runtime/src/jvm/org/apache/storm/sql/runtime/AbstractChannelHandler.java|external/sql/storm-sql-runtime/src/jvm/org/apache/storm/sql/runtime/AbstractValuesProcessor.java|external/sql/storm-sql-runtime/src/jvm/org/apache/storm/sql/runtime/ChannelContext.java|external/sql/storm-sql-runtime/src/jvm/org/apache/storm/sql/runtime/ChannelHandler.java|external/sql/storm-sql-runtime/src/jvm/org/apache/storm/sql/runtime/Channels.java|external/sql/storm-sql-runtime/src/jvm/org/apache/storm/sql/runtime/DataSource.java|external/sql/storm-sql-runtime/src/jvm/org/apache/storm/sql/runtime/DataSourcesProvider.java|external/sql/storm-sql-runtime/src/jvm/org/apache/storm/sql/runtime/DataSourcesRegistry.java|external/sql/storm-sql-runtime/src/jvm/org/apache/storm/sql/runtime/StormSqlFunctions.java|external/sql/storm-sql-runtime/src/jvm/org/apache/storm/sql/runtime/trident/AbstractTridentProcessor.java
7e6e50f5c55a4bea037472ccfefee92d05865f70:storm-core/src/jvm/org/apache/storm/utils/ShellBoltMessageQueue.java
7a33dbe9c646853d61cbeb829e9cf3aa3bb78b43:external/storm-redis/src/main/java/org/apache/storm/redis/common/container/JedisClusterContainer.java|external/storm-redis/src/main/java/org/apache/storm/redis/common/container/JedisCommandsInstanceContainer.java|external/storm-redis/src/main/java/org/apache/storm/redis/common/container/JedisContainer.java
b9899ac3050651d8c6ac6f64c31cdcdc369b22db:storm-core/src/jvm/org/apache/storm/messaging/local/Context.java
0c40113f895e4ade4df77b216bad4bb8c1c32be8:storm-core/src/jvm/org/apache/storm/topology/BaseConfigurationDeclarer.java
4c231b4c3f0ef46f1fd4fdbd9ae7be80e94a1d77:external/storm-kafka-client/src/main/java/org/apache/storm/kafka/spout/KafkaSpout.java|external/storm-kafka-client/src/main/java/org/apache/storm/kafka/spout/KafkaSpoutConfig.java
495c70563cb72241bdebf7e70429c38e60484443:storm-core/src/jvm/org/apache/storm/StormSubmitter.java|storm-core/src/jvm/org/apache/storm/security/auth/ThriftClient.java|storm-core/src/jvm/org/apache/storm/utils/NimbusClient.java|storm-core/src/jvm/org/apache/storm/utils/Utils.java
ba942a48491531a663203272b353d9a9f300fc17:storm-core/src/jvm/org/apache/storm/messaging/netty/StormClientHandler.java
fe5157bf35ed21e4ecf2edb7c5bc9d1402713384:storm-core/src/jvm/org/apache/storm/tuple/Fields.java
6f1ddec41cfd0344dc56a1a1f2bbdf0129b6f3a9:examples/storm-starter/src/jvm/org/apache/storm/starter/trident/TridentKafkaWordCount.java
2e62b8bccde5d61622ae98d0e02bd11eae55fe55:external/storm-kafka-client/src/main/java/org/apache/storm/kafka/spout/KafkaSpout.java
9531bf5f9a58a8a67f9ca333ba8edb83c7723323:storm-core/src/jvm/org/apache/storm/task/ShellBolt.java
0e77ec4af0ea9e1c057b089b1a6f00addb815862:storm-core/src/jvm/org/apache/storm/spout/ShellSpout.java
93f7a27ca0eca72884d443615c05af3f69a8b643:storm-core/src/jvm/org/apache/storm/trident/windowing/WindowTridentProcessor.java
8117f482ca14d6197f6f2b25dcd5c93a44c1c582:examples/storm-starter/src/jvm/org/apache/storm/starter/trident/TridentWordCount.java|storm-core/src/jvm/org/apache/storm/trident/spout/PartitionedTridentSpoutExecutor.java
5cccb9102a2000cacd1ff790ce9dc775acd78540:external/storm-redis/src/main/java/org/apache/storm/redis/state/RedisKeyValueState.java
12ba18b820723e57e6c18b7d874a4e206c1ccd54:examples/storm-starter/src/jvm/org/apache/storm/starter/spout/TwitterSampleSpout.java
6d51bb831af4c57deed901cf7dd59ee99d1a740f:storm-core/src/jvm/org/apache/storm/StormSubmitter.java
a8ea1419319040196f18363497583c25ab496c3a:external/storm-hive/src/main/java/org/apache/storm/hive/trident/HiveState.java
d8611d28d1ce1cb6a8d4ac31c41dd0f3eec6fedf:storm-core/src/jvm/org/apache/storm/utils/Utils.java
bce3036d475b835fec9eb37988c77ba1c6b532a7:storm-core/src/jvm/org/apache/storm/spout/SpoutOutputCollector.java
b70f36db9051196c84737200a6f4148038413ebf:external/storm-kafka/src/jvm/org/apache/storm/kafka/Partition.java|external/storm-kafka/src/jvm/org/apache/storm/kafka/PartitionManager.java
6e46e27a6971fd15fefcc1072edf87cfa2b7dcb9:storm-core/src/jvm/org/apache/storm/utils/DisruptorQueue.java
4c7117d75f80b820da110c3abee88134ca6ecaaa:storm-core/src/jvm/org/apache/storm/generated/HBMessageData.java
c7ee99a9e747ad539676cdda0c7ab435f7fb4eaa:external/storm-kafka/src/jvm/org/apache/storm/kafka/StringMultiSchemeWithTopic.java
b7e19c7b238da2ab4e89c09db2a60f61ba3ccfe6:external/storm-kafka-client/src/main/java/org/apache/storm/kafka/spout/KafkaSpout.java
35797bf1d2bc9dc9a382d2ab7078e6ef33237810:external/storm-kafka/src/jvm/org/apache/storm/kafka/ZkCoordinator.java
33ca6c1c010ed29dd7f1df17cd81023fba438e86:external/flux/flux-core/src/main/java/org/apache/storm/flux/FluxBuilder.java
aeb69dd13791ef238c9a3a2d2ef660106f7f21cd:storm-core/src/jvm/org/apache/storm/messaging/netty/Client.java|storm-core/src/jvm/org/apache/storm/messaging/netty/Context.java
f66a6d057fef1134e30b185055c6a61809bf356a:storm-core/src/jvm/org/apache/storm/trident/spout/OpaquePartitionedTridentSpoutExecutor.java
efad4cca2d7d461f5f8c08a0d7b51fabeb82d0af:storm-core/src/jvm/org/apache/storm/localizer/Localizer.java|storm-core/src/jvm/org/apache/storm/utils/Utils.java
03915f0aefa49c3115e9b66ec3f98b0914dc9433:external/storm-kafka-client/src/main/java/org/apache/storm/kafka/spout/KafkaSpout.java
7f8012ae6fdf9aed7f92577bab6258a63ec39e60:external/storm-kafka-client/src/main/java/org/apache/storm/kafka/spout/KafkaSpout.java
d4cfb729ed72c121978476a8966e6413e31b38f1:storm-core/src/jvm/org/apache/storm/metric/FileBasedEventLogger.java
0d114aaa900f03e898bb35e32666de3727a0b8e2:external/storm-kafka-client/src/main/java/org/apache/storm/kafka/spout/KafkaSpout.java|external/storm-kafka-client/src/main/java/org/apache/storm/kafka/spout/KafkaSpoutMessageId.java
febb31452163c361e3cc8e8bf63403662d74012a:external/flux/flux-core/src/main/java/org/apache/storm/flux/Flux.java|external/flux/flux-core/src/main/java/org/apache/storm/flux/parser/FluxParser.java
45ec11bbb5f4b1e38db9beb03219e7a67c700bd8:external/storm-kafka-client/src/main/java/org/apache/storm/kafka/spout/KafkaSpout.java
9913d81e705a69ac329c0565b99106eb96f7d4c0:external/storm-kafka-client/src/main/java/org/apache/storm/kafka/spout/KafkaSpout.java
53c2c677e1066df1ac97b7a62a2d41cab484ecbd:external/storm-kafka-client/src/main/java/org/apache/storm/kafka/spout/KafkaSpout.java
63e74b8895889fadf0822776a802f012bbf5851f:storm-core/src/jvm/org/apache/storm/messaging/netty/Client.java
83adfd9d2c5c352efeb076303cacab38f9f5c01c:external/storm-hdfs/src/main/java/org/apache/storm/hdfs/blobstore/HdfsBlobStoreImpl.java|external/storm-hdfs/src/main/java/org/apache/storm/hdfs/bolt/AbstractHdfsBolt.java|external/storm-hdfs/src/main/java/org/apache/storm/hdfs/spout/HdfsSpout.java
4d492874282b7e9f94c6ce089d5b614d7dc4fba6:storm-core/src/jvm/org/apache/storm/topology/WindowedBoltExecutor.java|storm-core/src/jvm/org/apache/storm/windowing/EvictionPolicy.java|storm-core/src/jvm/org/apache/storm/windowing/TimeEvictionPolicy.java|storm-core/src/jvm/org/apache/storm/windowing/WatermarkCountEvictionPolicy.java|storm-core/src/jvm/org/apache/storm/windowing/WatermarkTimeEvictionPolicy.java
07ecff1202bff8661fe3fd4b27a22649d33113b4:external/storm-kafka-client/src/main/java/org/apache/storm/kafka/spout/KafkaSpout.java
7d4ac07684a7405d6539a3bd0cb7da985736bac7:external/storm-kafka-client/src/main/java/org/apache/storm/kafka/spout/KafkaSpout.java
148ee6609557d7436ce826da29ff3ec301458586:external/storm-kafka-client/src/main/java/org/apache/storm/kafka/spout/KafkaSpout.java
9b95f3da608760b334bb8a9a272e64e0fb9fb3ac:external/storm-kafka-client/src/main/java/org/apache/storm/kafka/spout/KafkaSpout.java|external/storm-kafka-client/src/main/java/org/apache/storm/kafka/spout/KafkaSpoutRetryExponentialBackoff.java
26ff239b49893ff72da64ebed9c20e453d327248:external/storm-hdfs/src/main/java/org/apache/storm/hdfs/blobstore/HdfsBlobStore.java
9e137eeb40e74c46e515db4bf65a1963874da6c5:storm-core/src/jvm/org/apache/storm/trident/topology/state/TransactionalState.java
a648db54b9848aac651dbff88ebe721369a7f477:storm-core/src/jvm/org/apache/storm/windowing/TimeTriggerPolicy.java|storm-core/src/jvm/org/apache/storm/windowing/WaterMarkEventGenerator.java
66612b34c0b989632f19d856f109361d347cee27:storm-core/src/jvm/org/apache/storm/Config.java|storm-core/src/jvm/org/apache/storm/blobstore/LocalFsBlobStore.java
b656c0e6014e46e7f656682591ab5a8763de6b2c:storm-core/src/jvm/org/apache/storm/drpc/DRPCSpout.java
fb2b9e5d680c1ee4bc822787b4a4d2f0b06d4983:storm-core/src/jvm/org/apache/storm/utils/DisruptorQueue.java
8c4a12394c5a0d569b7c698c8ec71641274bd0d8:storm-core/src/jvm/org/apache/storm/Config.java
5b741a0ab5f14ff60c99c72690d16c5b55a37574:external/storm-kafka/src/jvm/org/apache/storm/kafka/PartitionManager.java
57ad1045c8333c90fd4e1073e3ad2ea22fb97cbc:examples/storm-starter/src/jvm/org/apache/storm/starter/TransactionalWords.java|storm-core/src/jvm/org/apache/storm/trident/windowing/StoreBasedTridentWindowManager.java
6246926eca4e4c4b3dcf16610f323d0eb9680e27:storm-core/src/jvm/org/apache/storm/blobstore/FileBlobStoreImpl.java
a457243e136bb16e54c74d031dc49b5dd2c477f5:storm-core/src/jvm/org/apache/storm/StormSubmitter.java
5db4eef2b7fc1dd2db6425887e07b6a0f3d8fe10:storm-core/src/jvm/org/apache/storm/security/auth/kerberos/AutoTGT.java
2544b6d99f163cd2552485a629651f8e97fff8ee:external/storm-hbase/src/main/java/org/apache/storm/hbase/common/HBaseClient.java|external/storm-hbase/src/main/java/org/apache/storm/hbase/trident/state/HBaseMapState.java
9bbfdef74b60b065be96093b1b1521f0bea50b8a:external/storm-kafka-client/src/main/java/org/apache/storm/kafka/spout/KafkaSpoutMessageId.java
cee60478cd557cb96dab63fbb9e5f8d262e91487:storm-core/src/jvm/org/apache/storm/security/serialization/BlowfishTupleSerializer.java
107a44e21bcf812b4697115f81598f28a78b6ea6:storm-core/src/jvm/org/apache/storm/utils/DisruptorQueue.java
babf3f1d7fe18154b01af05dd70624ff44bface7:storm-core/src/jvm/org/apache/storm/windowing/WaterMarkEventGenerator.java
c6fb1f1756792360a5c8cacdddf20b8c2b29d502:storm-core/src/jvm/org/apache/storm/topology/WindowedBoltExecutor.java|storm-core/src/jvm/org/apache/storm/windowing/TimeEvictionPolicy.java
1b49a126327bca92fc8b7db441598d6b38676137:external/storm-kafka-client/src/main/java/org/apache/storm/kafka/spout/KafkaSpout.java|external/storm-kafka-client/src/main/java/org/apache/storm/kafka/spout/KafkaSpoutMessageId.java|external/storm-kafka-client/src/main/java/org/apache/storm/kafka/spout/KafkaSpoutRetryService.java
3744b4b6b3370248f770f498263b69f67e382bd9:storm-core/src/jvm/org/apache/storm/blobstore/BlobStoreAclHandler.java
24437acc57235d29ef8e9632f678c9c53f7ff7d4:storm-core/src/jvm/org/apache/storm/blobstore/BlobStore.java
a2dde20cc4313ec373946e0845742eabdce67017:external/storm-kafka-client/src/main/java/org/apache/storm/kafka/spout/KafkaSpout.java
61bb558303dd5ead9e44645ca16c95a574ea1a0e:external/storm-kafka/src/jvm/org/apache/storm/kafka/StringScheme.java
9cf791b876918bc9eb99757e180d7dfeca55ed87:storm-core/src/jvm/org/apache/storm/trident/topology/state/TransactionalState.java
fa6a2bd7f3ae273c8f312b60f4a87f357b1d8b6f:external/storm-kafka-client/src/main/java/org/apache/storm/kafka/spout/KafkaSpout.java|external/storm-kafka-client/src/main/java/org/apache/storm/kafka/spout/KafkaSpoutConfig.java|external/storm-kafka-client/src/main/java/org/apache/storm/kafka/spout/KafkaSpoutRetryExponentialBackoff.java|external/storm-kafka-client/src/main/java/org/apache/storm/kafka/spout/KafkaSpoutRetryService.java