4bf05d288cfbac9106db88ebd7312801111c25ba:core/src/main/java/org/apache/struts2/dispatcher/multipart/JakartaMultiPartRequest.java:172|core/src/main/java/org/apache/struts2/dispatcher/multipart/JakartaMultiPartRequest.java:173|core/src/main/java/org/apache/struts2/dispatcher/multipart/JakartaMultiPartRequest.java:174|core/src/main/java/org/apache/struts2/dispatcher/multipart/JakartaMultiPartRequest.java:176
4e8b150190c5a9ea0eb1e8753f86c4fb81b8909f:core/src/main/java/org/apache/struts2/dispatcher/multipart/JakartaMultiPartRequest.java:199|core/src/main/java/org/apache/struts2/dispatcher/multipart/JakartaMultiPartRequest.java:200|core/src/main/java/org/apache/struts2/dispatcher/multipart/JakartaMultiPartRequest.java:244|core/src/main/java/org/apache/struts2/dispatcher/multipart/JakartaMultiPartRequest.java:245
6df90bff3b1734274983dcf1ffc7567d219ff54d:core/src/main/java/org/apache/struts2/components/Set.java:37|core/src/main/java/org/apache/struts2/components/Set.java:38|core/src/main/java/org/apache/struts2/components/Set.java:98|core/src/main/java/org/apache/struts2/components/Set.java:99|core/src/main/java/org/apache/struts2/components/Set.java:100|core/src/main/java/org/apache/struts2/components/Set.java:101|core/src/main/java/org/apache/struts2/components/Set.java:102
ec3532f30ae5b74e76772eabcac57a885cd1ca4f:plugins/portlet/src/main/java/org/apache/struts2/StrutsPortletTestCase.java:8|plugins/portlet/src/main/java/org/apache/struts2/StrutsPortletTestCase.java:9|plugins/portlet/src/main/java/org/apache/struts2/StrutsPortletTestCase.java:10|plugins/portlet/src/main/java/org/apache/struts2/StrutsPortletTestCase.java:11|plugins/portlet/src/main/java/org/apache/struts2/StrutsPortletTestCase.java:12|plugins/portlet/src/main/java/org/apache/struts2/portlet/PortletRequestMap.java:56
3afd68214b289516501dd5ec0983b829b6c9c73b:core/src/main/java/org/apache/struts2/interceptor/debugging/DebuggingInterceptor.java:73|core/src/main/java/org/apache/struts2/interceptor/debugging/DebuggingInterceptor.java:99|core/src/main/java/org/apache/struts2/interceptor/debugging/DebuggingInterceptor.java:101|core/src/main/java/org/apache/struts2/interceptor/debugging/DebuggingInterceptor.java:155|core/src/main/java/org/apache/struts2/interceptor/debugging/DebuggingInterceptor.java:156|core/src/main/java/org/apache/struts2/interceptor/debugging/DebuggingInterceptor.java:157|core/src/main/java/org/apache/struts2/interceptor/debugging/DebuggingInterceptor.java:159|core/src/main/java/org/apache/struts2/interceptor/debugging/DebuggingInterceptor.java:163|core/src/main/java/org/apache/struts2/interceptor/debugging/DebuggingInterceptor.java:164|core/src/main/java/org/apache/struts2/interceptor/debugging/DebuggingInterceptor.java:165|core/src/main/java/org/apache/struts2/interceptor/debugging/DebuggingInterceptor.java:166|core/src/main/java/org/apache/struts2/interceptor/debugging/DebuggingInterceptor.java:167|core/src/main/java/org/apache/struts2/interceptor/debugging/DebuggingInterceptor.java:168|core/src/main/java/org/apache/struts2/interceptor/debugging/DebuggingInterceptor.java:169|core/src/main/java/org/apache/struts2/interceptor/debugging/DebuggingInterceptor.java:170|core/src/main/java/org/apache/struts2/interceptor/debugging/DebuggingInterceptor.java:171|core/src/main/java/org/apache/struts2/interceptor/debugging/DebuggingInterceptor.java:172|core/src/main/java/org/apache/struts2/interceptor/debugging/DebuggingInterceptor.java:173|core/src/main/java/org/apache/struts2/interceptor/debugging/DebuggingInterceptor.java:174|core/src/main/java/org/apache/struts2/interceptor/debugging/DebuggingInterceptor.java:179|core/src/main/java/org/apache/struts2/interceptor/debugging/DebuggingInterceptor.java:180|core/src/main/java/org/apache/struts2/interceptor/debugging/DebuggingInterceptor.java:181|core/src/main/java/org/apache/struts2/interceptor/debugging/DebuggingInterceptor.java:182|core/src/main/java/org/apache/struts2/interceptor/debugging/DebuggingInterceptor.java:183|core/src/main/java/org/apache/struts2/interceptor/debugging/DebuggingInterceptor.java:184|core/src/main/java/org/apache/struts2/interceptor/debugging/DebuggingInterceptor.java:185|core/src/main/java/org/apache/struts2/interceptor/debugging/DebuggingInterceptor.java:188|core/src/main/java/org/apache/struts2/interceptor/debugging/DebuggingInterceptor.java:294|core/src/main/java/org/apache/struts2/interceptor/debugging/DebuggingInterceptor.java:443|core/src/main/java/org/apache/struts2/interceptor/debugging/DebuggingInterceptor.java:444|core/src/main/java/org/apache/struts2/interceptor/debugging/DebuggingInterceptor.java:445|core/src/main/java/org/apache/struts2/interceptor/debugging/DebuggingInterceptor.java:446
8326535c3e2637352f8d4b7801059fbf34ee4e46:core/src/main/java/org/apache/struts2/interceptor/debugging/DebuggingInterceptor.java:151|core/src/main/java/org/apache/struts2/interceptor/debugging/DebuggingInterceptor.java:152|core/src/main/java/org/apache/struts2/interceptor/debugging/DebuggingInterceptor.java:153|core/src/main/java/org/apache/struts2/interceptor/debugging/DebuggingInterceptor.java:154|core/src/main/java/org/apache/struts2/interceptor/debugging/DebuggingInterceptor.java:160|core/src/main/java/org/apache/struts2/interceptor/debugging/DebuggingInterceptor.java:161|core/src/main/java/org/apache/struts2/interceptor/debugging/DebuggingInterceptor.java:162|core/src/main/java/org/apache/struts2/interceptor/debugging/DebuggingInterceptor.java:189|core/src/main/java/org/apache/struts2/interceptor/debugging/DebuggingInterceptor.java:190|core/src/main/java/org/apache/struts2/interceptor/debugging/DebuggingInterceptor.java:191|core/src/main/java/org/apache/struts2/interceptor/debugging/DebuggingInterceptor.java:192|core/src/main/java/org/apache/struts2/interceptor/debugging/DebuggingInterceptor.java:193|core/src/main/java/org/apache/struts2/interceptor/debugging/DebuggingInterceptor.java:194|core/src/main/java/org/apache/struts2/interceptor/debugging/DebuggingInterceptor.java:195|core/src/main/java/org/apache/struts2/interceptor/debugging/DebuggingInterceptor.java:196|core/src/main/java/org/apache/struts2/interceptor/debugging/DebuggingInterceptor.java:198|core/src/main/java/org/apache/struts2/interceptor/debugging/DebuggingInterceptor.java:199|core/src/main/java/org/apache/struts2/interceptor/debugging/DebuggingInterceptor.java:200|core/src/main/java/org/apache/struts2/interceptor/debugging/DebuggingInterceptor.java:205|core/src/main/java/org/apache/struts2/interceptor/debugging/DebuggingInterceptor.java:207|core/src/main/java/org/apache/struts2/interceptor/debugging/DebuggingInterceptor.java:208|core/src/main/java/org/apache/struts2/interceptor/debugging/DebuggingInterceptor.java:209|core/src/main/java/org/apache/struts2/interceptor/debugging/DebuggingInterceptor.java:210|core/src/main/java/org/apache/struts2/interceptor/debugging/DebuggingInterceptor.java:211|core/src/main/java/org/apache/struts2/interceptor/debugging/DebuggingInterceptor.java:212|core/src/main/java/org/apache/struts2/interceptor/debugging/DebuggingInterceptor.java:213|core/src/main/java/org/apache/struts2/interceptor/debugging/DebuggingInterceptor.java:214|core/src/main/java/org/apache/struts2/interceptor/debugging/DebuggingInterceptor.java:215|core/src/main/java/org/apache/struts2/interceptor/debugging/DebuggingInterceptor.java:216|core/src/main/java/org/apache/struts2/interceptor/debugging/DebuggingInterceptor.java:218|core/src/main/java/org/apache/struts2/interceptor/debugging/DebuggingInterceptor.java:219|core/src/main/java/org/apache/struts2/interceptor/debugging/DebuggingInterceptor.java:220|core/src/main/java/org/apache/struts2/interceptor/debugging/DebuggingInterceptor.java:221|core/src/main/java/org/apache/struts2/interceptor/debugging/DebuggingInterceptor.java:225|core/src/main/java/org/apache/struts2/interceptor/debugging/DebuggingInterceptor.java:226|core/src/main/java/org/apache/struts2/interceptor/debugging/DebuggingInterceptor.java:227|core/src/main/java/org/apache/struts2/interceptor/debugging/DebuggingInterceptor.java:228|core/src/main/java/org/apache/struts2/interceptor/debugging/DebuggingInterceptor.java:230|core/src/main/java/org/apache/struts2/interceptor/debugging/DebuggingInterceptor.java:232|core/src/main/java/org/apache/struts2/interceptor/debugging/DebuggingInterceptor.java:233|core/src/main/java/org/apache/struts2/interceptor/debugging/DebuggingInterceptor.java:235|core/src/main/java/org/apache/struts2/interceptor/debugging/DebuggingInterceptor.java:237|core/src/main/java/org/apache/struts2/interceptor/debugging/DebuggingInterceptor.java:238|core/src/main/java/org/apache/struts2/interceptor/debugging/DebuggingInterceptor.java:239|core/src/main/java/org/apache/struts2/interceptor/debugging/DebuggingInterceptor.java:240|core/src/main/java/org/apache/struts2/interceptor/debugging/DebuggingInterceptor.java:241|core/src/main/java/org/apache/struts2/interceptor/debugging/DebuggingInterceptor.java:242|core/src/main/java/org/apache/struts2/interceptor/debugging/DebuggingInterceptor.java:243|core/src/main/java/org/apache/struts2/interceptor/debugging/DebuggingInterceptor.java:244|core/src/main/java/org/apache/struts2/interceptor/debugging/DebuggingInterceptor.java:246|core/src/main/java/org/apache/struts2/interceptor/debugging/DebuggingInterceptor.java:247|core/src/main/java/org/apache/struts2/interceptor/debugging/DebuggingInterceptor.java:249|core/src/main/java/org/apache/struts2/interceptor/debugging/ObjectToHTMLWriter.java:53|core/src/main/java/org/apache/struts2/interceptor/debugging/ObjectToHTMLWriter.java:62|core/src/main/java/org/apache/struts2/interceptor/debugging/ObjectToHTMLWriter.java:68|core/src/main/java/org/apache/struts2/interceptor/debugging/ObjectToHTMLWriter.java:126|core/src/main/java/org/apache/struts2/interceptor/debugging/ObjectToHTMLWriter.java:143|core/src/main/java/org/apache/struts2/interceptor/debugging/ObjectToHTMLWriter.java:154|core/src/main/java/org/apache/struts2/interceptor/debugging/ObjectToHTMLWriter.java:161
9592355960850108af0097c44ac49600cc062734:core/src/main/java/org/apache/struts2/views/jsp/ui/AnchorTag.java:83
bb7cf092bc9374af743de67ec9e2aa4d0f55cdf0:core/src/main/java/org/apache/struts2/interceptor/TokenSessionStoreInterceptor.java:138
d3eb1fc5955f793d18aea5c43d0ca077e0a8794b:apps/showcase/src/main/java/org/apache/struts2/showcase/fileupload/MultipleFileUploadUsingArrayAction.java:36|apps/showcase/src/main/java/org/apache/struts2/showcase/fileupload/MultipleFileUploadUsingArrayAction.java:37
2941416a1832393a25a9bb823f5763fc7851da23:core/src/main/java/org/apache/struts2/util/InvocationSessionStore.java:26|core/src/main/java/org/apache/struts2/util/InvocationSessionStore.java:62|core/src/main/java/org/apache/struts2/util/InvocationSessionStore.java:63|core/src/main/java/org/apache/struts2/util/InvocationSessionStore.java:114
4738d1d80228f86da880ed207294349566a260a2:core/src/main/java/org/apache/struts2/util/InvocationSessionStore.java:65|core/src/main/java/org/apache/struts2/util/InvocationSessionStore.java:76|plugins/dwr/src/main/java/org/apache/struts2/validators/DWRValidator.java:115|plugins/rest/src/main/java/org/apache/struts2/rest/RestActionInvocation.java:55|plugins/sitemesh/src/main/java/org/apache/struts2/sitemesh/OldDecorator2NewStrutsDecorator.java:146|plugins/sitemesh/src/main/java/org/apache/struts2/sitemesh/OldDecorator2NewStrutsDecorator.java:202|plugins/sitemesh/src/main/java/org/apache/struts2/sitemesh/OldDecorator2NewStrutsDecorator.java:203|plugins/sitemesh/src/main/java/org/apache/struts2/sitemesh/OldDecorator2NewStrutsDecorator.java:204|plugins/sitemesh/src/main/java/org/apache/struts2/sitemesh/OldDecorator2NewStrutsDecorator.java:206|plugins/sitemesh/src/main/java/org/apache/struts2/sitemesh/OldDecorator2NewStrutsDecorator.java:207|plugins/sitemesh/src/main/java/org/apache/struts2/sitemesh/OldDecorator2NewStrutsDecorator.java:208
dda3facc265d4e1c3b1c60fa2bcc4240953ee35c:core/src/main/java/org/apache/struts2/interceptor/BackgroundProcess.java:36|core/src/main/java/org/apache/struts2/interceptor/BackgroundProcess.java:37|core/src/main/java/org/apache/struts2/interceptor/BackgroundProcess.java:39|core/src/main/java/org/apache/struts2/interceptor/BackgroundProcess.java:49|core/src/main/java/org/apache/struts2/interceptor/BackgroundProcess.java:51|core/src/main/java/org/apache/struts2/interceptor/BackgroundProcess.java:80|core/src/main/java/org/apache/struts2/interceptor/BackgroundProcess.java:90|core/src/main/java/org/apache/struts2/interceptor/BackgroundProcess.java:99
682d7a88886b16a3d6d150f9d8069a090158a682:plugins/json/src/main/java/org/apache/struts2/json/JSONUtil.java:56|plugins/json/src/main/java/org/apache/struts2/json/JSONUtil.java:77|plugins/json/src/main/java/org/apache/struts2/json/JSONUtil.java:103
fbe09949c7344d543df84315070bf007a545783c:plugins/json/src/main/java/org/apache/struts2/json/JSONWriter.java:190
0b9e68ed16341c585d48d301ceacfb9e74438552:core/src/main/java/org/apache/struts2/views/util/DefaultUrlHelper.java:106|core/src/main/java/org/apache/struts2/views/util/DefaultUrlHelper.java:107|core/src/main/java/org/apache/struts2/views/util/DefaultUrlHelper.java:108|core/src/main/java/org/apache/struts2/views/util/DefaultUrlHelper.java:109|core/src/main/java/org/apache/struts2/views/util/DefaultUrlHelper.java:112|core/src/main/java/org/apache/struts2/views/util/DefaultUrlHelper.java:114|core/src/main/java/org/apache/struts2/views/util/DefaultUrlHelper.java:115|core/src/main/java/org/apache/struts2/views/util/DefaultUrlHelper.java:116|core/src/main/java/org/apache/struts2/views/util/DefaultUrlHelper.java:117|core/src/main/java/org/apache/struts2/views/util/DefaultUrlHelper.java:127|core/src/main/java/org/apache/struts2/views/util/DefaultUrlHelper.java:128|core/src/main/java/org/apache/struts2/views/util/DefaultUrlHelper.java:129|core/src/main/java/org/apache/struts2/views/util/DefaultUrlHelper.java:130
fa20b71fc2b7764e9f5bb1ed14fb356ab6fb3258:plugins/jasperreports/src/main/java/org/apache/struts2/views/jasperreports/ValueStackDataSource.java:108
46153e78da63c7da40d0dbd410de1e5f25b462ab:plugins/javatemplates/src/main/java/org/apache/struts2/views/java/simple/CheckboxListHandler.java:87|plugins/javatemplates/src/main/java/org/apache/struts2/views/java/simple/CheckboxListHandler.java:88|plugins/javatemplates/src/main/java/org/apache/struts2/views/java/simple/CheckboxListHandler.java:90|plugins/javatemplates/src/main/java/org/apache/struts2/views/java/simple/CheckboxListHandler.java:91|plugins/javatemplates/src/main/java/org/apache/struts2/views/java/simple/CheckboxListHandler.java:93|plugins/javatemplates/src/main/java/org/apache/struts2/views/java/simple/CheckboxListHandler.java:94|plugins/javatemplates/src/main/java/org/apache/struts2/views/java/simple/CheckboxListHandler.java:96|plugins/javatemplates/src/main/java/org/apache/struts2/views/java/simple/CheckboxListHandler.java:97|plugins/javatemplates/src/main/java/org/apache/struts2/views/java/simple/CheckboxListHandler.java:98
7f80ef1bb52fb10abf85804ef0df35a36d54da96:core/src/main/java/org/apache/struts2/interceptor/I18nInterceptor.java:48|core/src/main/java/org/apache/struts2/interceptor/I18nInterceptor.java:123|core/src/main/java/org/apache/struts2/interceptor/I18nInterceptor.java:125|core/src/main/java/org/apache/struts2/interceptor/I18nInterceptor.java:127|core/src/main/java/org/apache/struts2/interceptor/I18nInterceptor.java:129|core/src/main/java/org/apache/struts2/interceptor/I18nInterceptor.java:132|core/src/main/java/org/apache/struts2/interceptor/I18nInterceptor.java:134|core/src/main/java/org/apache/struts2/interceptor/I18nInterceptor.java:135
f48c9620fcb877d23492c6fdd3cc7f7be5cc10e7:core/src/main/java/org/apache/struts2/views/xslt/XSLTResult.java:367|core/src/main/java/org/apache/struts2/views/xslt/XSLTResult.java:447|core/src/main/java/org/apache/struts2/views/xslt/XSLTResult.java:448
fc6ffba9cf08cbd709be89f7df3edc7475567e4e:core/src/main/java/org/apache/struts2/interceptor/TokenInterceptor.java:149
08e181a4febb4e999e5e3366a0890eb1d5a953e5:plugins/json/src/main/java/org/apache/struts2/json/JSONValidationInterceptor.java:42|plugins/json/src/main/java/org/apache/struts2/json/JSONValidationInterceptor.java:44|plugins/json/src/main/java/org/apache/struts2/json/JSONValidationInterceptor.java:45|plugins/json/src/main/java/org/apache/struts2/json/JSONValidationInterceptor.java:46|plugins/json/src/main/java/org/apache/struts2/json/JSONValidationInterceptor.java:47|plugins/json/src/main/java/org/apache/struts2/json/JSONValidationInterceptor.java:48|plugins/json/src/main/java/org/apache/struts2/json/JSONValidationInterceptor.java:49|plugins/json/src/main/java/org/apache/struts2/json/JSONValidationInterceptor.java:50|plugins/json/src/main/java/org/apache/struts2/json/JSONValidationInterceptor.java:51|plugins/json/src/main/java/org/apache/struts2/json/JSONValidationInterceptor.java:52|plugins/json/src/main/java/org/apache/struts2/json/JSONValidationInterceptor.java:53|plugins/json/src/main/java/org/apache/struts2/json/JSONValidationInterceptor.java:54|plugins/json/src/main/java/org/apache/struts2/json/JSONValidationInterceptor.java:55|plugins/json/src/main/java/org/apache/struts2/json/JSONValidationInterceptor.java:56|plugins/json/src/main/java/org/apache/struts2/json/JSONValidationInterceptor.java:57|plugins/json/src/main/java/org/apache/struts2/json/JSONValidationInterceptor.java:58|plugins/json/src/main/java/org/apache/struts2/json/JSONValidationInterceptor.java:59|plugins/json/src/main/java/org/apache/struts2/json/JSONValidationInterceptor.java:60|plugins/json/src/main/java/org/apache/struts2/json/JSONValidationInterceptor.java:61|plugins/json/src/main/java/org/apache/struts2/json/JSONValidationInterceptor.java:62|plugins/json/src/main/java/org/apache/struts2/json/JSONValidationInterceptor.java:63|plugins/json/src/main/java/org/apache/struts2/json/JSONValidationInterceptor.java:64|plugins/json/src/main/java/org/apache/struts2/json/JSONValidationInterceptor.java:65|plugins/json/src/main/java/org/apache/struts2/json/JSONValidationInterceptor.java:66|plugins/json/src/main/java/org/apache/struts2/json/JSONValidationInterceptor.java:67|plugins/json/src/main/java/org/apache/struts2/json/JSONValidationInterceptor.java:68|plugins/json/src/main/java/org/apache/struts2/json/JSONValidationInterceptor.java:69|plugins/json/src/main/java/org/apache/struts2/json/JSONValidationInterceptor.java:81|plugins/json/src/main/java/org/apache/struts2/json/JSONValidationInterceptor.java:83|plugins/json/src/main/java/org/apache/struts2/json/JSONValidationInterceptor.java:84|plugins/json/src/main/java/org/apache/struts2/json/JSONValidationInterceptor.java:87|plugins/json/src/main/java/org/apache/struts2/json/JSONValidationInterceptor.java:88|plugins/json/src/main/java/org/apache/struts2/json/JSONValidationInterceptor.java:89|plugins/json/src/main/java/org/apache/struts2/json/JSONValidationInterceptor.java:121|plugins/json/src/main/java/org/apache/struts2/json/JSONValidationInterceptor.java:123|plugins/json/src/main/java/org/apache/struts2/json/JSONValidationInterceptor.java:125|plugins/json/src/main/java/org/apache/struts2/json/JSONValidationInterceptor.java:126|plugins/json/src/main/java/org/apache/struts2/json/JSONValidationInterceptor.java:127|plugins/json/src/main/java/org/apache/struts2/json/JSONValidationInterceptor.java:143|plugins/json/src/main/java/org/apache/struts2/json/JSONValidationInterceptor.java:144|plugins/json/src/main/java/org/apache/struts2/json/JSONValidationInterceptor.java:147|plugins/json/src/main/java/org/apache/struts2/json/JSONValidationInterceptor.java:148|plugins/json/src/main/java/org/apache/struts2/json/JSONValidationInterceptor.java:151|plugins/json/src/main/java/org/apache/struts2/json/JSONValidationInterceptor.java:152
14d56fbb93866646eb0152c0c56b64430c8a5704:core/src/main/java/org/apache/struts2/views/xslt/XSLTResult.java:56|core/src/main/java/org/apache/struts2/views/xslt/XSLTResult.java:57|core/src/main/java/org/apache/struts2/views/xslt/XSLTResult.java:58|core/src/main/java/org/apache/struts2/views/xslt/XSLTResult.java:59|core/src/main/java/org/apache/struts2/views/xslt/XSLTResult.java:60|core/src/main/java/org/apache/struts2/views/xslt/XSLTResult.java:61|core/src/main/java/org/apache/struts2/views/xslt/XSLTResult.java:62|core/src/main/java/org/apache/struts2/views/xslt/XSLTResult.java:63|core/src/main/java/org/apache/struts2/views/xslt/XSLTResult.java:64|core/src/main/java/org/apache/struts2/views/xslt/XSLTResult.java:65|core/src/main/java/org/apache/struts2/views/xslt/XSLTResult.java:66|core/src/main/java/org/apache/struts2/views/xslt/XSLTResult.java:67|core/src/main/java/org/apache/struts2/views/xslt/XSLTResult.java:68|core/src/main/java/org/apache/struts2/views/xslt/XSLTResult.java:69|core/src/main/java/org/apache/struts2/views/xslt/XSLTResult.java:70|core/src/main/java/org/apache/struts2/views/xslt/XSLTResult.java:71|core/src/main/java/org/apache/struts2/views/xslt/XSLTResult.java:72|core/src/main/java/org/apache/struts2/views/xslt/XSLTResult.java:73|core/src/main/java/org/apache/struts2/views/xslt/XSLTResult.java:74|core/src/main/java/org/apache/struts2/views/xslt/XSLTResult.java:75|core/src/main/java/org/apache/struts2/views/xslt/XSLTResult.java:76|core/src/main/java/org/apache/struts2/views/xslt/XSLTResult.java:77|core/src/main/java/org/apache/struts2/views/xslt/XSLTResult.java:78|core/src/main/java/org/apache/struts2/views/xslt/XSLTResult.java:79|core/src/main/java/org/apache/struts2/views/xslt/XSLTResult.java:80|core/src/main/java/org/apache/struts2/views/xslt/XSLTResult.java:81|core/src/main/java/org/apache/struts2/views/xslt/XSLTResult.java:82|core/src/main/java/org/apache/struts2/views/xslt/XSLTResult.java:83|core/src/main/java/org/apache/struts2/views/xslt/XSLTResult.java:84|core/src/main/java/org/apache/struts2/views/xslt/XSLTResult.java:85|core/src/main/java/org/apache/struts2/views/xslt/XSLTResult.java:86|core/src/main/java/org/apache/struts2/views/xslt/XSLTResult.java:87|core/src/main/java/org/apache/struts2/views/xslt/XSLTResult.java:88|core/src/main/java/org/apache/struts2/views/xslt/XSLTResult.java:89|core/src/main/java/org/apache/struts2/views/xslt/XSLTResult.java:90|core/src/main/java/org/apache/struts2/views/xslt/XSLTResult.java:91|core/src/main/java/org/apache/struts2/views/xslt/XSLTResult.java:92|core/src/main/java/org/apache/struts2/views/xslt/XSLTResult.java:93|core/src/main/java/org/apache/struts2/views/xslt/XSLTResult.java:94|core/src/main/java/org/apache/struts2/views/xslt/XSLTResult.java:95|core/src/main/java/org/apache/struts2/views/xslt/XSLTResult.java:96|core/src/main/java/org/apache/struts2/views/xslt/XSLTResult.java:97|core/src/main/java/org/apache/struts2/views/xslt/XSLTResult.java:98|core/src/main/java/org/apache/struts2/views/xslt/XSLTResult.java:99|core/src/main/java/org/apache/struts2/views/xslt/XSLTResult.java:100|core/src/main/java/org/apache/struts2/views/xslt/XSLTResult.java:101|core/src/main/java/org/apache/struts2/views/xslt/XSLTResult.java:102|core/src/main/java/org/apache/struts2/views/xslt/XSLTResult.java:103|core/src/main/java/org/apache/struts2/views/xslt/XSLTResult.java:104|core/src/main/java/org/apache/struts2/views/xslt/XSLTResult.java:105|core/src/main/java/org/apache/struts2/views/xslt/XSLTResult.java:106|core/src/main/java/org/apache/struts2/views/xslt/XSLTResult.java:107|core/src/main/java/org/apache/struts2/views/xslt/XSLTResult.java:108|core/src/main/java/org/apache/struts2/views/xslt/XSLTResult.java:109|core/src/main/java/org/apache/struts2/views/xslt/XSLTResult.java:110|core/src/main/java/org/apache/struts2/views/xslt/XSLTResult.java:111|core/src/main/java/org/apache/struts2/views/xslt/XSLTResult.java:112|core/src/main/java/org/apache/struts2/views/xslt/XSLTResult.java:113|core/src/main/java/org/apache/struts2/views/xslt/XSLTResult.java:114|core/src/main/java/org/apache/struts2/views/xslt/XSLTResult.java:115|core/src/main/java/org/apache/struts2/views/xslt/XSLTResult.java:116|core/src/main/java/org/apache/struts2/views/xslt/XSLTResult.java:117|core/src/main/java/org/apache/struts2/views/xslt/XSLTResult.java:118|core/src/main/java/org/apache/struts2/views/xslt/XSLTResult.java:119|core/src/main/java/org/apache/struts2/views/xslt/XSLTResult.java:120|core/src/main/java/org/apache/struts2/views/xslt/XSLTResult.java:121|core/src/main/java/org/apache/struts2/views/xslt/XSLTResult.java:122|core/src/main/java/org/apache/struts2/views/xslt/XSLTResult.java:123|core/src/main/java/org/apache/struts2/views/xslt/XSLTResult.java:125|core/src/main/java/org/apache/struts2/views/xslt/XSLTResult.java:126|core/src/main/java/org/apache/struts2/views/xslt/XSLTResult.java:127|core/src/main/java/org/apache/struts2/views/xslt/XSLTResult.java:128|core/src/main/java/org/apache/struts2/views/xslt/XSLTResult.java:129|core/src/main/java/org/apache/struts2/views/xslt/XSLTResult.java:130|core/src/main/java/org/apache/struts2/views/xslt/XSLTResult.java:131|core/src/main/java/org/apache/struts2/views/xslt/XSLTResult.java:132|core/src/main/java/org/apache/struts2/views/xslt/XSLTResult.java:133|core/src/main/java/org/apache/struts2/views/xslt/XSLTResult.java:134|core/src/main/java/org/apache/struts2/views/xslt/XSLTResult.java:135|core/src/main/java/org/apache/struts2/views/xslt/XSLTResult.java:136|core/src/main/java/org/apache/struts2/views/xslt/XSLTResult.java:137|core/src/main/java/org/apache/struts2/views/xslt/XSLTResult.java:138|core/src/main/java/org/apache/struts2/views/xslt/XSLTResult.java:139|core/src/main/java/org/apache/struts2/views/xslt/XSLTResult.java:140|core/src/main/java/org/apache/struts2/views/xslt/XSLTResult.java:141|core/src/main/java/org/apache/struts2/views/xslt/XSLTResult.java:142|core/src/main/java/org/apache/struts2/views/xslt/XSLTResult.java:143|core/src/main/java/org/apache/struts2/views/xslt/XSLTResult.java:144|core/src/main/java/org/apache/struts2/views/xslt/XSLTResult.java:145|core/src/main/java/org/apache/struts2/views/xslt/XSLTResult.java:146|core/src/main/java/org/apache/struts2/views/xslt/XSLTResult.java:147|core/src/main/java/org/apache/struts2/views/xslt/XSLTResult.java:148|core/src/main/java/org/apache/struts2/views/xslt/XSLTResult.java:149|core/src/main/java/org/apache/struts2/views/xslt/XSLTResult.java:150|core/src/main/java/org/apache/struts2/views/xslt/XSLTResult.java:151|core/src/main/java/org/apache/struts2/views/xslt/XSLTResult.java:152|core/src/main/java/org/apache/struts2/views/xslt/XSLTResult.java:153|core/src/main/java/org/apache/struts2/views/xslt/XSLTResult.java:154|core/src/main/java/org/apache/struts2/views/xslt/XSLTResult.java:155|core/src/main/java/org/apache/struts2/views/xslt/XSLTResult.java:156|core/src/main/java/org/apache/struts2/views/xslt/XSLTResult.java:157|core/src/main/java/org/apache/struts2/views/xslt/XSLTResult.java:158|core/src/main/java/org/apache/struts2/views/xslt/XSLTResult.java:159|core/src/main/java/org/apache/struts2/views/xslt/XSLTResult.java:160|core/src/main/java/org/apache/struts2/views/xslt/XSLTResult.java:161|core/src/main/java/org/apache/struts2/views/xslt/XSLTResult.java:162|core/src/main/java/org/apache/struts2/views/xslt/XSLTResult.java:163|core/src/main/java/org/apache/struts2/views/xslt/XSLTResult.java:164|core/src/main/java/org/apache/struts2/views/xslt/XSLTResult.java:165|core/src/main/java/org/apache/struts2/views/xslt/XSLTResult.java:166|core/src/main/java/org/apache/struts2/views/xslt/XSLTResult.java:167|core/src/main/java/org/apache/struts2/views/xslt/XSLTResult.java:168|core/src/main/java/org/apache/struts2/views/xslt/XSLTResult.java:169|core/src/main/java/org/apache/struts2/views/xslt/XSLTResult.java:170|core/src/main/java/org/apache/struts2/views/xslt/XSLTResult.java:171|core/src/main/java/org/apache/struts2/views/xslt/XSLTResult.java:172|core/src/main/java/org/apache/struts2/views/xslt/XSLTResult.java:173|core/src/main/java/org/apache/struts2/views/xslt/XSLTResult.java:174|core/src/main/java/org/apache/struts2/views/xslt/XSLTResult.java:175|core/src/main/java/org/apache/struts2/views/xslt/XSLTResult.java:176|core/src/main/java/org/apache/struts2/views/xslt/XSLTResult.java:177|core/src/main/java/org/apache/struts2/views/xslt/XSLTResult.java:178|core/src/main/java/org/apache/struts2/views/xslt/XSLTResult.java:179|core/src/main/java/org/apache/struts2/views/xslt/XSLTResult.java:180|core/src/main/java/org/apache/struts2/views/xslt/XSLTResult.java:181|core/src/main/java/org/apache/struts2/views/xslt/XSLTResult.java:182|core/src/main/java/org/apache/struts2/views/xslt/XSLTResult.java:183|core/src/main/java/org/apache/struts2/views/xslt/XSLTResult.java:184|core/src/main/java/org/apache/struts2/views/xslt/XSLTResult.java:185|core/src/main/java/org/apache/struts2/views/xslt/XSLTResult.java:186|core/src/main/java/org/apache/struts2/views/xslt/XSLTResult.java:187|core/src/main/java/org/apache/struts2/views/xslt/XSLTResult.java:188|core/src/main/java/org/apache/struts2/views/xslt/XSLTResult.java:189|core/src/main/java/org/apache/struts2/views/xslt/XSLTResult.java:190|core/src/main/java/org/apache/struts2/views/xslt/XSLTResult.java:191|core/src/main/java/org/apache/struts2/views/xslt/XSLTResult.java:192|core/src/main/java/org/apache/struts2/views/xslt/XSLTResult.java:193|core/src/main/java/org/apache/struts2/views/xslt/XSLTResult.java:194|core/src/main/java/org/apache/struts2/views/xslt/XSLTResult.java:195|core/src/main/java/org/apache/struts2/views/xslt/XSLTResult.java:196|core/src/main/java/org/apache/struts2/views/xslt/XSLTResult.java:197|core/src/main/java/org/apache/struts2/views/xslt/XSLTResult.java:198|core/src/main/java/org/apache/struts2/views/xslt/XSLTResult.java:199|core/src/main/java/org/apache/struts2/views/xslt/XSLTResult.java:201|core/src/main/java/org/apache/struts2/views/xslt/XSLTResult.java:202|core/src/main/java/org/apache/struts2/views/xslt/XSLTResult.java:204|core/src/main/java/org/apache/struts2/views/xslt/XSLTResult.java:206|core/src/main/java/org/apache/struts2/views/xslt/XSLTResult.java:272|core/src/main/java/org/apache/struts2/views/xslt/XSLTResult.java:395|core/src/main/java/org/apache/struts2/views/xslt/XSLTResult.java:485
f78d90ee22eed1e898cebefa4565687919b09c30:plugins/pell-multipart/src/main/java/org/apache/struts2/dispatcher/multipart/PellMultiPartRequest.java:79
baffa9a68b2ff02cab3387ab0b53794a1e541c7e:core/src/main/java/org/apache/struts2/interceptor/I18nInterceptor.java:157|core/src/main/java/org/apache/struts2/interceptor/I18nInterceptor.java:158
aabc90df6b8293f597903ac2c9016270b4a37d52:core/src/main/java/org/apache/struts2/interceptor/I18nInterceptor.java:23|core/src/main/java/org/apache/struts2/interceptor/I18nInterceptor.java:26|core/src/main/java/org/apache/struts2/interceptor/I18nInterceptor.java:140|core/src/main/java/org/apache/struts2/interceptor/I18nInterceptor.java:141|core/src/main/java/org/apache/struts2/interceptor/I18nInterceptor.java:143|core/src/main/java/org/apache/struts2/interceptor/I18nInterceptor.java:144|core/src/main/java/org/apache/struts2/interceptor/I18nInterceptor.java:145|core/src/main/java/org/apache/struts2/interceptor/I18nInterceptor.java:154
fddc6582e0a66e82b045824fb214e43d7d6c36fd:core/src/main/java/org/apache/struts2/interceptor/I18nInterceptor.java:113|core/src/main/java/org/apache/struts2/interceptor/I18nInterceptor.java:115|core/src/main/java/org/apache/struts2/interceptor/I18nInterceptor.java:116|core/src/main/java/org/apache/struts2/interceptor/I18nInterceptor.java:121|core/src/main/java/org/apache/struts2/interceptor/I18nInterceptor.java:131|core/src/main/java/org/apache/struts2/interceptor/I18nInterceptor.java:155
8971b5081055bd309f715aad63fd96825154c3f8:core/src/main/java/org/apache/struts2/interceptor/I18nInterceptor.java:161|core/src/main/java/org/apache/struts2/interceptor/I18nInterceptor.java:162|core/src/main/java/org/apache/struts2/interceptor/I18nInterceptor.java:163|core/src/main/java/org/apache/struts2/interceptor/I18nInterceptor.java:164|core/src/main/java/org/apache/struts2/interceptor/I18nInterceptor.java:165|core/src/main/java/org/apache/struts2/interceptor/I18nInterceptor.java:166|core/src/main/java/org/apache/struts2/interceptor/I18nInterceptor.java:167
6457f002d97cde76f98444ec98abdb9bc4be191f:core/src/main/java/org/apache/struts2/interceptor/I18nInterceptor.java:118|core/src/main/java/org/apache/struts2/interceptor/I18nInterceptor.java:119|core/src/main/java/org/apache/struts2/interceptor/I18nInterceptor.java:120
a245226b7f1fa2a2cd94508b132f0220989c1e5b:core/src/main/java/org/apache/struts2/interceptor/ProfilingActivationInterceptor.java:96|core/src/main/java/org/apache/struts2/interceptor/ProfilingActivationInterceptor.java:97|core/src/main/java/org/apache/struts2/interceptor/ProfilingActivationInterceptor.java:98|core/src/main/java/org/apache/struts2/interceptor/ScopeInterceptor.java:305
ef2939ffd0663f8a5d86fafa105deb7183e2ac2d:core/src/main/java/org/apache/struts2/views/xslt/XSLTResult.java:2|core/src/main/java/org/apache/struts2/views/xslt/XSLTResult.java:3|core/src/main/java/org/apache/struts2/views/xslt/XSLTResult.java:371|core/src/main/java/org/apache/struts2/views/xslt/XSLTResult.java:374|core/src/main/java/org/apache/struts2/views/xslt/XSLTResult.java:375|core/src/main/java/org/apache/struts2/views/xslt/XSLTResult.java:376|core/src/main/java/org/apache/struts2/views/xslt/XSLTResult.java:379|core/src/main/java/org/apache/struts2/views/xslt/XSLTResult.java:380|core/src/main/java/org/apache/struts2/views/xslt/XSLTResult.java:381|core/src/main/java/org/apache/struts2/views/xslt/XSLTResult.java:384|core/src/main/java/org/apache/struts2/views/xslt/XSLTResult.java:385|core/src/main/java/org/apache/struts2/views/xslt/XSLTResult.java:386|core/src/main/java/org/apache/struts2/views/xslt/XSLTResult.java:387|core/src/main/java/org/apache/struts2/views/xslt/XSLTResult.java:388|core/src/main/java/org/apache/struts2/views/xslt/XSLTResult.java:390
33ac7ac49aabfcf792d38fa44d271a93433ffe56:core/src/main/java/org/apache/struts2/dispatcher/multipart/JakartaMultiPartRequest.java:105|core/src/main/java/org/apache/struts2/dispatcher/multipart/JakartaMultiPartRequest.java:118|core/src/main/java/org/apache/struts2/dispatcher/multipart/JakartaMultiPartRequest.java:123|core/src/main/java/org/apache/struts2/dispatcher/multipart/JakartaMultiPartRequest.java:330|core/src/main/java/org/apache/struts2/dispatcher/multipart/JakartaStreamMultiPartRequest.java:148|core/src/main/java/org/apache/struts2/dispatcher/multipart/JakartaStreamMultiPartRequest.java:250|core/src/main/java/org/apache/struts2/dispatcher/multipart/JakartaStreamMultiPartRequest.java:527|core/src/main/java/org/apache/struts2/dispatcher/multipart/JakartaStreamMultiPartRequest.java:531|core/src/main/java/org/apache/struts2/dispatcher/multipart/MultiPartRequest.java:116|core/src/main/java/org/apache/struts2/dispatcher/multipart/MultiPartRequestWrapper.java:62|core/src/main/java/org/apache/struts2/dispatcher/multipart/MultiPartRequestWrapper.java:82|core/src/main/java/org/apache/struts2/dispatcher/multipart/MultiPartRequestWrapper.java:99|core/src/main/java/org/apache/struts2/dispatcher/multipart/MultiPartRequestWrapper.java:104|core/src/main/java/org/apache/struts2/dispatcher/multipart/MultiPartRequestWrapper.java:233|core/src/main/java/org/apache/struts2/dispatcher/multipart/MultiPartRequestWrapper.java:242|core/src/main/java/org/apache/struts2/interceptor/FileUploadInterceptor.java:267|core/src/main/java/org/apache/struts2/interceptor/FileUploadInterceptor.java:269|plugins/pell-multipart/src/main/java/org/apache/struts2/dispatcher/multipart/PellMultiPartRequest.java:134
835cc7cd096ba274ffd71e54115dbefc63cadffd:core/src/main/java/org/apache/struts2/dispatcher/multipart/JakartaMultiPartRequest.java:105|core/src/main/java/org/apache/struts2/dispatcher/multipart/JakartaMultiPartRequest.java:118|core/src/main/java/org/apache/struts2/dispatcher/multipart/JakartaMultiPartRequest.java:123|core/src/main/java/org/apache/struts2/dispatcher/multipart/JakartaMultiPartRequest.java:330|core/src/main/java/org/apache/struts2/dispatcher/multipart/JakartaStreamMultiPartRequest.java:148|core/src/main/java/org/apache/struts2/dispatcher/multipart/JakartaStreamMultiPartRequest.java:250|core/src/main/java/org/apache/struts2/dispatcher/multipart/JakartaStreamMultiPartRequest.java:527|core/src/main/java/org/apache/struts2/dispatcher/multipart/JakartaStreamMultiPartRequest.java:531|core/src/main/java/org/apache/struts2/dispatcher/multipart/MultiPartRequest.java:116|core/src/main/java/org/apache/struts2/dispatcher/multipart/MultiPartRequestWrapper.java:62|core/src/main/java/org/apache/struts2/dispatcher/multipart/MultiPartRequestWrapper.java:82|core/src/main/java/org/apache/struts2/dispatcher/multipart/MultiPartRequestWrapper.java:99|core/src/main/java/org/apache/struts2/dispatcher/multipart/MultiPartRequestWrapper.java:104|core/src/main/java/org/apache/struts2/dispatcher/multipart/MultiPartRequestWrapper.java:233|core/src/main/java/org/apache/struts2/dispatcher/multipart/MultiPartRequestWrapper.java:242|core/src/main/java/org/apache/struts2/interceptor/FileUploadInterceptor.java:267|core/src/main/java/org/apache/struts2/interceptor/FileUploadInterceptor.java:269|plugins/pell-multipart/src/main/java/org/apache/struts2/dispatcher/multipart/PellMultiPartRequest.java:134
e7ce5dcc0dc576fe8081c66e17b57b30257af9f4:core/src/main/java/org/apache/struts2/components/Param.java:47|core/src/main/java/org/apache/struts2/components/Param.java:74|core/src/main/java/org/apache/struts2/components/Param.java:75|core/src/main/java/org/apache/struts2/components/Param.java:78|core/src/main/java/org/apache/struts2/components/Param.java:79|core/src/main/java/org/apache/struts2/components/Param.java:80|core/src/main/java/org/apache/struts2/components/Param.java:140
7dbe3ea8bb97cd004e77541c761bbe20e4373c3d:core/src/main/java/org/apache/struts2/util/ComponentUtils.java:48
ef9c66118ede16f3ff239ea864641d5bdadeecae:core/src/main/java/org/apache/struts2/views/util/DefaultUrlHelper.java:276|core/src/main/java/org/apache/struts2/views/util/DefaultUrlHelper.java:282|core/src/main/java/org/apache/struts2/views/util/DefaultUrlHelper.java:283|core/src/main/java/org/apache/struts2/views/util/DefaultUrlHelper.java:302|core/src/main/java/org/apache/struts2/views/util/DefaultUrlHelper.java:303
af50018f11d4fdfa8ac04a55f942a4973cb15c87:core/src/main/java/org/apache/struts2/views/util/DefaultUrlHelper.java:24|core/src/main/java/org/apache/struts2/views/util/DefaultUrlHelper.java:31|core/src/main/java/org/apache/struts2/views/util/DefaultUrlHelper.java:32|core/src/main/java/org/apache/struts2/views/util/DefaultUrlHelper.java:33|core/src/main/java/org/apache/struts2/views/util/DefaultUrlHelper.java:34|core/src/main/java/org/apache/struts2/views/util/DefaultUrlHelper.java:35|core/src/main/java/org/apache/struts2/views/util/DefaultUrlHelper.java:177|core/src/main/java/org/apache/struts2/views/util/DefaultUrlHelper.java:179|core/src/main/java/org/apache/struts2/views/util/DefaultUrlHelper.java:217|core/src/main/java/org/apache/struts2/views/util/DefaultUrlHelper.java:227|core/src/main/java/org/apache/struts2/views/util/DefaultUrlHelper.java:234|core/src/main/java/org/apache/struts2/views/util/DefaultUrlHelper.java:244|core/src/main/java/org/apache/struts2/views/util/DefaultUrlHelper.java:246|core/src/main/java/org/apache/struts2/views/util/DefaultUrlHelper.java:248
5acc71f7c30e16807912bf99b4c32cc4b25f586e:core/src/main/java/org/apache/struts2/dispatcher/mapper/DefaultActionMapper.java:378|plugins/rest/src/main/java/org/apache/struts2/rest/RestActionMapper.java:292
a317668213062d071de68e6008197d1ca6ed3dbc:core/src/main/java/org/apache/struts2/dispatcher/DefaultStaticContentLoader.java:144
6e07a63797422994a96059188b1753597a22ffd1:plugins/json/src/main/java/org/apache/struts2/json/JSONInterceptor.java:100|plugins/json/src/main/java/org/apache/struts2/json/JSONInterceptor.java:101|plugins/json/src/main/java/org/apache/struts2/json/JSONInterceptor.java:103|plugins/json/src/main/java/org/apache/struts2/json/JSONInterceptor.java:104|plugins/json/src/main/java/org/apache/struts2/json/JSONInterceptor.java:106|plugins/json/src/main/java/org/apache/struts2/json/JSONInterceptor.java:108|plugins/json/src/main/java/org/apache/struts2/json/JSONInterceptor.java:110|plugins/json/src/main/java/org/apache/struts2/json/JSONInterceptor.java:111|plugins/json/src/main/java/org/apache/struts2/json/JSONInterceptor.java:113|plugins/json/src/main/java/org/apache/struts2/json/JSONInterceptor.java:114|plugins/json/src/main/java/org/apache/struts2/json/JSONInterceptor.java:115|plugins/json/src/main/java/org/apache/struts2/json/JSONInterceptor.java:116|plugins/json/src/main/java/org/apache/struts2/json/JSONInterceptor.java:117|plugins/json/src/main/java/org/apache/struts2/json/JSONInterceptor.java:118|plugins/json/src/main/java/org/apache/struts2/json/JSONInterceptor.java:120|plugins/json/src/main/java/org/apache/struts2/json/JSONInterceptor.java:121|plugins/json/src/main/java/org/apache/struts2/json/JSONInterceptor.java:122|plugins/json/src/main/java/org/apache/struts2/json/JSONInterceptor.java:123|plugins/json/src/main/java/org/apache/struts2/json/JSONInterceptor.java:125|plugins/json/src/main/java/org/apache/struts2/json/JSONInterceptor.java:126|plugins/json/src/main/java/org/apache/struts2/json/JSONInterceptor.java:129|plugins/json/src/main/java/org/apache/struts2/json/JSONInterceptor.java:131|plugins/json/src/main/java/org/apache/struts2/json/JSONInterceptor.java:132|plugins/json/src/main/java/org/apache/struts2/json/JSONInterceptor.java:133|plugins/json/src/main/java/org/apache/struts2/json/JSONInterceptor.java:134|plugins/json/src/main/java/org/apache/struts2/json/JSONInterceptor.java:136|plugins/json/src/main/java/org/apache/struts2/json/JSONInterceptor.java:137|plugins/json/src/main/java/org/apache/struts2/json/JSONInterceptor.java:142|plugins/json/src/main/java/org/apache/struts2/json/JSONInterceptor.java:145|plugins/json/src/main/java/org/apache/struts2/json/JSONInterceptor.java:148|plugins/json/src/main/java/org/apache/struts2/json/JSONInterceptor.java:149|plugins/json/src/main/java/org/apache/struts2/json/JSONInterceptor.java:150|plugins/json/src/main/java/org/apache/struts2/json/JSONInterceptor.java:152|plugins/json/src/main/java/org/apache/struts2/json/JSONInterceptor.java:153|plugins/json/src/main/java/org/apache/struts2/json/JSONInterceptor.java:154|plugins/json/src/main/java/org/apache/struts2/json/JSONInterceptor.java:157|plugins/json/src/main/java/org/apache/struts2/json/JSONInterceptor.java:158|plugins/json/src/main/java/org/apache/struts2/json/JSONInterceptor.java:159|plugins/json/src/main/java/org/apache/struts2/json/JSONInterceptor.java:160|plugins/json/src/main/java/org/apache/struts2/json/JSONInterceptor.java:161|plugins/json/src/main/java/org/apache/struts2/json/JSONInterceptor.java:162|plugins/json/src/main/java/org/apache/struts2/json/JSONInterceptor.java:164|plugins/json/src/main/java/org/apache/struts2/json/JSONInterceptor.java:165
3c68a3def6f85570ee5a931f82e5d53f442f0928:plugins/rest/src/main/java/org/apache/struts2/rest/RestActionMapper.java:293|plugins/rest/src/main/java/org/apache/struts2/rest/RestActionMapper.java:295|plugins/rest/src/main/java/org/apache/struts2/rest/RestActionMapper.java:296
41227fab823c7078d1f4879eefbfe39230191571:core/src/main/java/org/apache/struts2/interceptor/CookieInterceptor.java:235|core/src/main/java/org/apache/struts2/interceptor/CookieInterceptor.java:256|core/src/main/java/org/apache/struts2/interceptor/CookieInterceptor.java:257|core/src/main/java/org/apache/struts2/interceptor/CookieInterceptor.java:258|core/src/main/java/org/apache/struts2/interceptor/CookieInterceptor.java:259|core/src/main/java/org/apache/struts2/interceptor/CookieInterceptor.java:260|core/src/main/java/org/apache/struts2/interceptor/CookieInterceptor.java:262|core/src/main/java/org/apache/struts2/interceptor/CookieInterceptor.java:263|core/src/main/java/org/apache/struts2/interceptor/CookieInterceptor.java:264
0d4905038119f614f021af5738154079b30bca24:plugins/json/src/main/java/org/apache/struts2/json/JSONInterceptor.java:64|plugins/json/src/main/java/org/apache/struts2/json/JSONInterceptor.java:76|plugins/json/src/main/java/org/apache/struts2/json/JSONInterceptor.java:82|plugins/json/src/main/java/org/apache/struts2/json/JSONInterceptor.java:83|plugins/json/src/main/java/org/apache/struts2/json/JSONInterceptor.java:86|plugins/json/src/main/java/org/apache/struts2/json/JSONInterceptor.java:99|plugins/json/src/main/java/org/apache/struts2/json/JSONInterceptor.java:119|plugins/json/src/main/java/org/apache/struts2/json/JSONInterceptor.java:528|plugins/json/src/main/java/org/apache/struts2/json/JSONInterceptor.java:529
fab687a07e8d873c82465b29188100debf61097f:plugins/json/src/main/java/org/apache/struts2/json/JSONInterceptor.java:64|plugins/json/src/main/java/org/apache/struts2/json/JSONInterceptor.java:82
d8b6602e6fd5d4943217ea98dac6be69db9a615d:core/src/main/java/org/apache/struts2/interceptor/MessageStoreInterceptor.java:60|core/src/main/java/org/apache/struts2/interceptor/MessageStoreInterceptor.java:282|core/src/main/java/org/apache/struts2/interceptor/MessageStoreInterceptor.java:285|core/src/main/java/org/apache/struts2/interceptor/MessageStoreInterceptor.java:289|core/src/main/java/org/apache/struts2/interceptor/MessageStoreInterceptor.java:290
1fb695a82b589cdd6e7b5bc2501dfec6b95c906e:plugins/rest/src/main/java/org/apache/struts2/rest/RestActionMapper.java:218
5eaef08e52fbb46e1659b46435172d8e52b8b090:plugins/rest/src/main/java/org/apache/struts2/rest/RestActionMapper.java:302|plugins/rest/src/main/java/org/apache/struts2/rest/RestActionMapper.java:304
76f188406eb9f17a06afcb5f49f0c44d749da0d2:core/src/main/java/org/apache/struts2/dispatcher/mapper/Restful2ActionMapper.java:31|core/src/main/java/org/apache/struts2/dispatcher/mapper/Restful2ActionMapper.java:136|core/src/main/java/org/apache/struts2/dispatcher/mapper/Restful2ActionMapper.java:139|core/src/main/java/org/apache/struts2/dispatcher/mapper/RestfulActionMapper.java:30|core/src/main/java/org/apache/struts2/dispatcher/mapper/RestfulActionMapper.java:70|core/src/main/java/org/apache/struts2/dispatcher/mapper/RestfulActionMapper.java:73|core/src/main/java/org/apache/struts2/views/util/DefaultUrlHelper.java:270|core/src/main/java/org/apache/struts2/views/util/DefaultUrlHelper.java:277|core/src/main/java/org/apache/struts2/views/util/DefaultUrlHelper.java:278
fd33dc84a674edbeecfc5638995da9a13816dafc:core/src/main/java/org/apache/struts2/components/IteratorComponent.java:306
8966787499e7d0f844adcb4b5f31dc59af9527a1:plugins/json/src/main/java/org/apache/struts2/json/JSONResult.java:74
680ad75e3086009fd456b140b37bb0fd71c50c08:plugins/json/src/main/java/org/apache/struts2/json/JSONReader.java:177|plugins/json/src/main/java/org/apache/struts2/json/JSONReader.java:205|plugins/json/src/main/java/org/apache/struts2/json/JSONReader.java:207
bc8d37464756bf821acae003c6a140af6dcbaf09:core/src/main/java/org/apache/struts2/dispatcher/multipart/JakartaMultiPartRequest.java:93|core/src/main/java/org/apache/struts2/dispatcher/multipart/JakartaMultiPartRequest.java:97
e0003f0471f98d5986844cd799555618aae88fce:plugins/rest/src/main/java/org/apache/struts2/rest/RestActionMapper.java:302|plugins/rest/src/main/java/org/apache/struts2/rest/RestActionMapper.java:304
72471d7075681bea52046645ad7aa34e9c53751e:core/src/main/java/org/apache/struts2/dispatcher/mapper/Restful2ActionMapper.java:31|core/src/main/java/org/apache/struts2/dispatcher/mapper/Restful2ActionMapper.java:136|core/src/main/java/org/apache/struts2/dispatcher/mapper/Restful2ActionMapper.java:139|core/src/main/java/org/apache/struts2/dispatcher/mapper/RestfulActionMapper.java:30|core/src/main/java/org/apache/struts2/dispatcher/mapper/RestfulActionMapper.java:70|core/src/main/java/org/apache/struts2/dispatcher/mapper/RestfulActionMapper.java:73|core/src/main/java/org/apache/struts2/views/util/DefaultUrlHelper.java:270|core/src/main/java/org/apache/struts2/views/util/DefaultUrlHelper.java:277|core/src/main/java/org/apache/struts2/views/util/DefaultUrlHelper.java:278
1d3d7be4668e66314f7385a2b73f1c3a7dff66dd:core/src/main/java/org/apache/struts2/components/IteratorComponent.java:306
b198e3bf3d70f7bfd5b8d560a848261b4855be2e:plugins/json/src/main/java/org/apache/struts2/json/JSONResult.java:74
f9b7ebb87eb2beeffb2ca1b0f3b421b0cef4d658:plugins/json/src/main/java/org/apache/struts2/json/JSONResult.java:74
db483ccd153caa97137f00cb4ff2ebd35143d56e:plugins/json/src/main/java/org/apache/struts2/json/JSONReader.java:177|plugins/json/src/main/java/org/apache/struts2/json/JSONReader.java:205|plugins/json/src/main/java/org/apache/struts2/json/JSONReader.java:207
0a08f6b673a2334a76ab0ae64ad2956cc4f4947a:core/src/main/java/org/apache/struts2/interceptor/MessageStoreInterceptor.java:281|core/src/main/java/org/apache/struts2/interceptor/MessageStoreInterceptor.java:283
b44fa2934fbdcbe5b0c1e2abfc03d08f8771990c:core/src/main/java/org/apache/struts2/views/util/DefaultUrlHelper.java:88
4cd9a74cb8efa8dc0d3c57ac267a70b0538f3bf0:plugins/rest/src/main/java/org/apache/struts2/rest/DefaultContentTypeHandlerManager.java:146
30df43f1fa01ecbbc021d47cadb3cd759bdba8f9:plugins/json/src/main/java/org/apache/struts2/json/JSONResult.java:23|plugins/json/src/main/java/org/apache/struts2/json/JSONResult.java:24|plugins/json/src/main/java/org/apache/struts2/json/JSONResult.java:25|plugins/json/src/main/java/org/apache/struts2/json/JSONResult.java:26|plugins/json/src/main/java/org/apache/struts2/json/JSONResult.java:27|plugins/json/src/main/java/org/apache/struts2/json/JSONResult.java:28|plugins/json/src/main/java/org/apache/struts2/json/JSONResult.java:35|plugins/json/src/main/java/org/apache/struts2/json/JSONResult.java:36|plugins/json/src/main/java/org/apache/struts2/json/JSONResult.java:37|plugins/json/src/main/java/org/apache/struts2/json/JSONResult.java:38|plugins/json/src/main/java/org/apache/struts2/json/JSONResult.java:39|plugins/json/src/main/java/org/apache/struts2/json/JSONResult.java:40|plugins/json/src/main/java/org/apache/struts2/json/JSONResult.java:41|plugins/json/src/main/java/org/apache/struts2/json/JSONResult.java:204|plugins/json/src/main/java/org/apache/struts2/json/JSONUtil.java:23|plugins/json/src/main/java/org/apache/struts2/json/JSONUtil.java:24|plugins/json/src/main/java/org/apache/struts2/json/JSONUtil.java:30|plugins/json/src/main/java/org/apache/struts2/json/JSONUtil.java:31|plugins/json/src/main/java/org/apache/struts2/json/JSONUtil.java:32|plugins/json/src/main/java/org/apache/struts2/json/JSONUtil.java:33|plugins/json/src/main/java/org/apache/struts2/json/JSONUtil.java:34|plugins/json/src/main/java/org/apache/struts2/json/JSONUtil.java:35|plugins/json/src/main/java/org/apache/struts2/json/JSONUtil.java:36|plugins/json/src/main/java/org/apache/struts2/json/JSONUtil.java:121|plugins/json/src/main/java/org/apache/struts2/json/JSONUtil.java:141
d587a687a85edb771d8d6421e45f7e699f116a94:core/src/main/java/org/apache/struts2/components/Checkbox.java:63|core/src/main/java/org/apache/struts2/components/Checkbox.java:80|core/src/main/java/org/apache/struts2/components/Checkbox.java:81|core/src/main/java/org/apache/struts2/components/Checkbox.java:82|core/src/main/java/org/apache/struts2/components/Checkbox.java:95|core/src/main/java/org/apache/struts2/components/Checkbox.java:96|core/src/main/java/org/apache/struts2/components/Checkbox.java:97|core/src/main/java/org/apache/struts2/components/CheckboxList.java:56|core/src/main/java/org/apache/struts2/components/CheckboxList.java:69|core/src/main/java/org/apache/struts2/components/CheckboxList.java:70|core/src/main/java/org/apache/struts2/components/CheckboxList.java:71|core/src/main/java/org/apache/struts2/components/CheckboxList.java:72|core/src/main/java/org/apache/struts2/components/CheckboxList.java:75|core/src/main/java/org/apache/struts2/components/CheckboxList.java:76|core/src/main/java/org/apache/struts2/components/Radio.java:63|core/src/main/java/org/apache/struts2/components/Radio.java:76|core/src/main/java/org/apache/struts2/components/Radio.java:77|core/src/main/java/org/apache/struts2/components/Radio.java:78|core/src/main/java/org/apache/struts2/components/Radio.java:79|core/src/main/java/org/apache/struts2/components/Radio.java:82|core/src/main/java/org/apache/struts2/components/Radio.java:83
791364cf6d97528ec75b8859450204150d55ed5e:core/src/main/java/org/apache/struts2/components/Component.java:431|core/src/main/java/org/apache/struts2/components/Component.java:443
4a08f070f101dbe8a74b7ed53794d645274ee9da:xwork-core/src/main/java/com/opensymphony/xwork2/util/TextParseUtil.java:215|xwork-core/src/main/java/com/opensymphony/xwork2/util/TextParseUtil.java:221|xwork-core/src/main/java/com/opensymphony/xwork2/util/TextParseUtil.java:232|xwork-core/src/main/java/com/opensymphony/xwork2/util/TextParseUtil.java:233|xwork-core/src/main/java/com/opensymphony/xwork2/util/TextParseUtil.java:234|xwork-core/src/main/java/com/opensymphony/xwork2/util/TextParseUtil.java:235|xwork-core/src/main/java/com/opensymphony/xwork2/util/TextParseUtil.java:236|xwork-core/src/main/java/com/opensymphony/xwork2/util/TextParseUtil.java:237|xwork-core/src/main/java/com/opensymphony/xwork2/util/TextParseUtil.java:238
54c64234844488d178e4ac1579ab8194a36b8b4a:core/src/main/java/org/apache/struts2/interceptor/FileUploadInterceptor.java:34|core/src/main/java/org/apache/struts2/interceptor/FileUploadInterceptor.java:198|core/src/main/java/org/apache/struts2/interceptor/FileUploadInterceptor.java:202
a1d277fac53e8567dae28842599b8ab92872a92b:core/src/main/java/org/apache/struts2/dispatcher/Dispatcher.java:838|core/src/main/java/org/apache/struts2/dispatcher/multipart/MultiPartRequestWrapper.java:74|core/src/main/java/org/apache/struts2/dispatcher/multipart/MultiPartRequestWrapper.java:75
4ad023207fa61e2bac96a8d88ea2bacd8da6a81b:plugins/javatemplates/src/main/java/org/apache/struts2/views/java/simple/SubmitHandler.java:56
c5867e2ea2c72864730c77167b9827e49c0cd38f:core/src/main/java/org/apache/struts2/dispatcher/ServletActionRedirectResult.java:213
e0d72397c24542a8b83a371a36590570ccd8fd74:xwork-core/src/main/java/com/opensymphony/xwork2/ognl/OgnlValueStack.java:314|xwork-core/src/main/java/com/opensymphony/xwork2/ognl/OgnlValueStack.java:316
0f44e11cd1f3cff51ed4a2a10dec593d8822ade2:core/src/main/java/org/apache/struts2/dispatcher/ServletRedirectResult.java:275
243378937969e5caeeeefc2bd98ce799a995e431:core/src/main/java/org/apache/struts2/components/Hidden.java:69|core/src/main/java/org/apache/struts2/components/Hidden.java:70|core/src/main/java/org/apache/struts2/components/Hidden.java:71|core/src/main/java/org/apache/struts2/components/Hidden.java:72|core/src/main/java/org/apache/struts2/components/Hidden.java:73|core/src/main/java/org/apache/struts2/components/Hidden.java:74
64234907c6e766bc14283ce5fef59e073276ffe2:plugins/convention/src/main/java/org/apache/struts2/convention/PackageBasedActionConfigBuilder.java:96|plugins/convention/src/main/java/org/apache/struts2/convention/PackageBasedActionConfigBuilder.java:461|plugins/convention/src/main/java/org/apache/struts2/convention/PackageBasedActionConfigBuilder.java:462|plugins/convention/src/main/java/org/apache/struts2/convention/PackageBasedActionConfigBuilder.java:463|plugins/convention/src/main/java/org/apache/struts2/convention/PackageBasedActionConfigBuilder.java:465|plugins/convention/src/main/java/org/apache/struts2/convention/PackageBasedActionConfigBuilder.java:466|plugins/convention/src/main/java/org/apache/struts2/convention/PackageBasedActionConfigBuilder.java:467|plugins/convention/src/main/java/org/apache/struts2/convention/PackageBasedActionConfigBuilder.java:468|plugins/convention/src/main/java/org/apache/struts2/convention/PackageBasedActionConfigBuilder.java:469|plugins/convention/src/main/java/org/apache/struts2/convention/PackageBasedActionConfigBuilder.java:470|plugins/convention/src/main/java/org/apache/struts2/convention/PackageBasedActionConfigBuilder.java:471|plugins/convention/src/main/java/org/apache/struts2/convention/PackageBasedActionConfigBuilder.java:472|plugins/convention/src/main/java/org/apache/struts2/convention/PackageBasedActionConfigBuilder.java:473|plugins/convention/src/main/java/org/apache/struts2/convention/PackageBasedActionConfigBuilder.java:476|plugins/convention/src/main/java/org/apache/struts2/convention/PackageBasedActionConfigBuilder.java:477|plugins/convention/src/main/java/org/apache/struts2/convention/PackageBasedActionConfigBuilder.java:478|plugins/convention/src/main/java/org/apache/struts2/convention/PackageBasedActionConfigBuilder.java:480|plugins/convention/src/main/java/org/apache/struts2/convention/PackageBasedActionConfigBuilder.java:482|plugins/convention/src/main/java/org/apache/struts2/convention/PackageBasedActionConfigBuilder.java:483|plugins/convention/src/main/java/org/apache/struts2/convention/PackageBasedActionConfigBuilder.java:484|plugins/convention/src/main/java/org/apache/struts2/convention/PackageBasedActionConfigBuilder.java:485|plugins/convention/src/main/java/org/apache/struts2/convention/PackageBasedActionConfigBuilder.java:489
095018c3a022fbc867ace58942139c395a272fd8:xwork-core/src/main/java/com/opensymphony/xwork2/ognl/SecurityMemberAccess.java:23|xwork-core/src/main/java/com/opensymphony/xwork2/ognl/SecurityMemberAccess.java:72|xwork-core/src/main/java/com/opensymphony/xwork2/ognl/SecurityMemberAccess.java:121|xwork-core/src/main/java/com/opensymphony/xwork2/ognl/SecurityMemberAccess.java:122|xwork-core/src/main/java/com/opensymphony/xwork2/ognl/SecurityMemberAccess.java:126
f1c04d6f4d4f2af6244977a15714aca18fdc3224:xwork-core/src/main/java/com/opensymphony/xwork2/ognl/OgnlValueStack.java:333
2bea99e96b448585caa0080ac1dc5faa1db85826:xwork-core/src/main/java/com/opensymphony/xwork2/interceptor/ParametersInterceptor.java:365
532841d40f164a8d8ae6ac0b85b60d3cf6db0011:xwork-core/src/main/java/com/opensymphony/xwork2/ognl/SecurityMemberAccess.java:63|xwork-core/src/main/java/com/opensymphony/xwork2/ognl/SecurityMemberAccess.java:70
40822d67f5b6b667bb2760986cb78efc9e2e3ac4:core/src/main/java/org/apache/struts2/interceptor/CookieInterceptor.java:40|core/src/main/java/org/apache/struts2/interceptor/CookieInterceptor.java:177|core/src/main/java/org/apache/struts2/interceptor/CookieInterceptor.java:178|core/src/main/java/org/apache/struts2/interceptor/CookieInterceptor.java:211|core/src/main/java/org/apache/struts2/interceptor/CookieInterceptor.java:213|core/src/main/java/org/apache/struts2/interceptor/CookieInterceptor.java:215|core/src/main/java/org/apache/struts2/interceptor/CookieInterceptor.java:216|core/src/main/java/org/apache/struts2/interceptor/CookieInterceptor.java:283|core/src/main/java/org/apache/struts2/interceptor/CookieInterceptor.java:284|core/src/main/java/org/apache/struts2/interceptor/CookieInterceptor.java:285|core/src/main/java/org/apache/struts2/interceptor/CookieInterceptor.java:286|core/src/main/java/org/apache/struts2/interceptor/CookieInterceptor.java:287|core/src/main/java/org/apache/struts2/interceptor/CookieInterceptor.java:288|core/src/main/java/org/apache/struts2/interceptor/CookieInterceptor.java:290|core/src/main/java/org/apache/struts2/interceptor/CookieInterceptor.java:293
4964b74797971751bedad0ba0982f53ef0934a2c:core/src/main/java/org/apache/struts2/views/jsp/ui/AbstractUITagBeanInfo.java:48|core/src/main/java/org/apache/struts2/views/jsp/ui/AbstractUITagBeanInfo.java:49|core/src/main/java/org/apache/struts2/views/jsp/ui/AbstractUITagBeanInfo.java:50|core/src/main/java/org/apache/struts2/views/jsp/ui/AbstractUITagBeanInfo.java:56
c349dfa5abb6f6072304eca3d679d6f2dd448f52:xwork-core/src/main/java/com/opensymphony/xwork2/validator/validators/EmailValidator.java:81|xwork-core/src/main/java/com/opensymphony/xwork2/validator/validators/EmailValidator.java:82
6f5ddca47153886611c7fbeac1bf60fb35f0b8ba:xwork-core/src/main/java/com/opensymphony/xwork2/config/providers/InterceptorBuilder.java:187|xwork-core/src/main/java/com/opensymphony/xwork2/config/providers/InterceptorBuilder.java:188|xwork-core/src/main/java/com/opensymphony/xwork2/config/providers/InterceptorBuilder.java:189|xwork-core/src/main/java/com/opensymphony/xwork2/config/providers/InterceptorBuilder.java:190|xwork-core/src/main/java/com/opensymphony/xwork2/config/providers/InterceptorBuilder.java:191|xwork-core/src/main/java/com/opensymphony/xwork2/config/providers/InterceptorBuilder.java:192
cc0d52f216f97df296dd136b34af708c19a741ea:core/src/main/java/org/apache/struts2/util/ComponentUtils.java:48
23e0181328bd095f50f80d4a1bf47c1620f992a0:core/src/main/java/org/apache/struts2/dispatcher/mapper/DefaultActionMapper.java:378|plugins/rest/src/main/java/org/apache/struts2/rest/RestActionMapper.java:292
7d8c3598ef4a4699515a2b8e1064d4e9b921a58b:core/src/main/java/org/apache/struts2/views/util/DefaultUrlHelper.java:302|core/src/main/java/org/apache/struts2/views/util/DefaultUrlHelper.java:303
ae2840f18386492530de1fb875ca9f8804adbb3e:core/src/main/java/org/apache/struts2/views/util/DefaultUrlHelper.java:177|core/src/main/java/org/apache/struts2/views/util/DefaultUrlHelper.java:179|core/src/main/java/org/apache/struts2/views/util/DefaultUrlHelper.java:217|core/src/main/java/org/apache/struts2/views/util/DefaultUrlHelper.java:227|core/src/main/java/org/apache/struts2/views/util/DefaultUrlHelper.java:234|core/src/main/java/org/apache/struts2/views/util/DefaultUrlHelper.java:244|core/src/main/java/org/apache/struts2/views/util/DefaultUrlHelper.java:246|core/src/main/java/org/apache/struts2/views/util/DefaultUrlHelper.java:248
e8b48f8bb4a0926bcc89e566f666c5b6b499c55b:core/src/main/java/org/apache/struts2/dispatcher/DefaultStaticContentLoader.java:104|core/src/main/java/org/apache/struts2/dispatcher/DefaultStaticContentLoader.java:105|core/src/main/java/org/apache/struts2/dispatcher/DefaultStaticContentLoader.java:112|core/src/main/java/org/apache/struts2/dispatcher/DefaultStaticContentLoader.java:116|core/src/main/java/org/apache/struts2/dispatcher/DefaultStaticContentLoader.java:117|core/src/main/java/org/apache/struts2/dispatcher/DefaultStaticContentLoader.java:122|core/src/main/java/org/apache/struts2/dispatcher/DefaultStaticContentLoader.java:125|core/src/main/java/org/apache/struts2/dispatcher/DefaultStaticContentLoader.java:126|core/src/main/java/org/apache/struts2/dispatcher/DefaultStaticContentLoader.java:144|core/src/main/java/org/apache/struts2/dispatcher/DefaultStaticContentLoader.java:276
9bcd1bc9f610c85117087dfb82f6e5f1424f14e7:xwork-core/src/main/java/com/opensymphony/xwork2/validator/validators/EmailValidator.java:26
609cb0bb971db3fe84778188b6c1f77bf5d38fe2:plugins/rest/src/main/java/org/apache/struts2/rest/RestActionMapper.java:285|plugins/rest/src/main/java/org/apache/struts2/rest/RestActionMapper.java:293|plugins/rest/src/main/java/org/apache/struts2/rest/RestActionMapper.java:295|plugins/rest/src/main/java/org/apache/struts2/rest/RestActionMapper.java:296
1b4868df3ed0a82098a34048e4a22333242667de:xwork-core/src/main/java/com/opensymphony/xwork2/validator/DelegatingValidatorContext.java:187
5cfe05075b24869c0770ef4df9d58c0ab52bc459:core/src/main/java/org/apache/struts2/interceptor/CookieInterceptor.java:235|core/src/main/java/org/apache/struts2/interceptor/CookieInterceptor.java:256|core/src/main/java/org/apache/struts2/interceptor/CookieInterceptor.java:257|core/src/main/java/org/apache/struts2/interceptor/CookieInterceptor.java:258|core/src/main/java/org/apache/struts2/interceptor/CookieInterceptor.java:259|core/src/main/java/org/apache/struts2/interceptor/CookieInterceptor.java:260|core/src/main/java/org/apache/struts2/interceptor/CookieInterceptor.java:262|core/src/main/java/org/apache/struts2/interceptor/CookieInterceptor.java:263|core/src/main/java/org/apache/struts2/interceptor/CookieInterceptor.java:264
5efc5950117651b2505f6b2a8f6ccc825d4af86f:xwork-core/src/main/java/com/opensymphony/xwork2/interceptor/ParametersInterceptor.java:270|xwork-core/src/main/java/com/opensymphony/xwork2/interceptor/ParametersInterceptor.java:345|xwork-core/src/main/java/com/opensymphony/xwork2/interceptor/ParametersInterceptor.java:346|xwork-core/src/main/java/com/opensymphony/xwork2/interceptor/ParametersInterceptor.java:347|xwork-core/src/main/java/com/opensymphony/xwork2/interceptor/ParametersInterceptor.java:348|xwork-core/src/main/java/com/opensymphony/xwork2/interceptor/ParametersInterceptor.java:349|xwork-core/src/main/java/com/opensymphony/xwork2/interceptor/ParametersInterceptor.java:350|xwork-core/src/main/java/com/opensymphony/xwork2/interceptor/ParametersInterceptor.java:351|xwork-core/src/main/java/com/opensymphony/xwork2/interceptor/ParametersInterceptor.java:353|xwork-core/src/main/java/com/opensymphony/xwork2/interceptor/ParametersInterceptor.java:354|xwork-core/src/main/java/com/opensymphony/xwork2/interceptor/ParametersInterceptor.java:355|xwork-core/src/main/java/com/opensymphony/xwork2/interceptor/ParametersInterceptor.java:356|xwork-core/src/main/java/com/opensymphony/xwork2/interceptor/ParametersInterceptor.java:357|xwork-core/src/main/java/com/opensymphony/xwork2/interceptor/ParametersInterceptor.java:358|xwork-core/src/main/java/com/opensymphony/xwork2/interceptor/ParametersInterceptor.java:359|xwork-core/src/main/java/com/opensymphony/xwork2/interceptor/ParametersInterceptor.java:360|xwork-core/src/main/java/com/opensymphony/xwork2/interceptor/ParametersInterceptor.java:361|xwork-core/src/main/java/com/opensymphony/xwork2/interceptor/ParametersInterceptor.java:362|xwork-core/src/main/java/com/opensymphony/xwork2/interceptor/ParametersInterceptor.java:363|xwork-core/src/main/java/com/opensymphony/xwork2/interceptor/ParametersInterceptor.java:364|xwork-core/src/main/java/com/opensymphony/xwork2/interceptor/ParametersInterceptor.java:366|xwork-core/src/main/java/com/opensymphony/xwork2/interceptor/ParametersInterceptor.java:367|xwork-core/src/main/java/com/opensymphony/xwork2/interceptor/ParametersInterceptor.java:368|xwork-core/src/main/java/com/opensymphony/xwork2/interceptor/ParametersInterceptor.java:369|xwork-core/src/main/java/com/opensymphony/xwork2/interceptor/ParametersInterceptor.java:370
9c7b8336685d810a657f3f3c56ad8662dcc85dbf:core/src/main/java/org/apache/struts2/interceptor/MessageStoreInterceptor.java:198|core/src/main/java/org/apache/struts2/interceptor/MessageStoreInterceptor.java:264|core/src/main/java/org/apache/struts2/interceptor/MessageStoreInterceptor.java:265|core/src/main/java/org/apache/struts2/interceptor/MessageStoreInterceptor.java:266|core/src/main/java/org/apache/struts2/interceptor/MessageStoreInterceptor.java:267|core/src/main/java/org/apache/struts2/interceptor/MessageStoreInterceptor.java:268|core/src/main/java/org/apache/struts2/interceptor/MessageStoreInterceptor.java:269|core/src/main/java/org/apache/struts2/interceptor/MessageStoreInterceptor.java:270|core/src/main/java/org/apache/struts2/interceptor/MessageStoreInterceptor.java:272|core/src/main/java/org/apache/struts2/interceptor/MessageStoreInterceptor.java:274|core/src/main/java/org/apache/struts2/interceptor/MessageStoreInterceptor.java:275|core/src/main/java/org/apache/struts2/interceptor/MessageStoreInterceptor.java:276|core/src/main/java/org/apache/struts2/interceptor/MessageStoreInterceptor.java:277|core/src/main/java/org/apache/struts2/interceptor/MessageStoreInterceptor.java:278|core/src/main/java/org/apache/struts2/interceptor/MessageStoreInterceptor.java:280|core/src/main/java/org/apache/struts2/interceptor/MessageStoreInterceptor.java:296|core/src/main/java/org/apache/struts2/interceptor/MessageStoreInterceptor.java:297|core/src/main/java/org/apache/struts2/interceptor/MessageStoreInterceptor.java:298|core/src/main/java/org/apache/struts2/interceptor/MessageStoreInterceptor.java:299|core/src/main/java/org/apache/struts2/interceptor/MessageStoreInterceptor.java:303|core/src/main/java/org/apache/struts2/interceptor/MessageStoreInterceptor.java:304|core/src/main/java/org/apache/struts2/interceptor/MessageStoreInterceptor.java:305|xwork-core/src/main/java/com/opensymphony/xwork2/DefaultActionInvocation.java:363
85373951b7dfe55a92a76c87ee8faf50233bf07c:core/src/main/java/org/apache/struts2/interceptor/MessageStoreInterceptor.java:282|core/src/main/java/org/apache/struts2/interceptor/MessageStoreInterceptor.java:285|core/src/main/java/org/apache/struts2/interceptor/MessageStoreInterceptor.java:286|core/src/main/java/org/apache/struts2/interceptor/MessageStoreInterceptor.java:287|core/src/main/java/org/apache/struts2/interceptor/MessageStoreInterceptor.java:288|core/src/main/java/org/apache/struts2/interceptor/MessageStoreInterceptor.java:289|core/src/main/java/org/apache/struts2/interceptor/MessageStoreInterceptor.java:290|core/src/main/java/org/apache/struts2/interceptor/MessageStoreInterceptor.java:292|core/src/main/java/org/apache/struts2/interceptor/MessageStoreInterceptor.java:293|core/src/main/java/org/apache/struts2/interceptor/MessageStoreInterceptor.java:294
1d160f4d5f166b4806b475562a8808ac1eeae4aa:plugins/rest/src/main/java/org/apache/struts2/rest/RestActionMapper.java:218
ff4cdd967031ed21740ee555d9e0c58b2033aa0c:plugins/rest/src/main/java/org/apache/struts2/rest/RestActionMapper.java:302|plugins/rest/src/main/java/org/apache/struts2/rest/RestActionMapper.java:304
5421930b49822606792f36653b17d3d95ef106f9:core/src/main/java/org/apache/struts2/dispatcher/mapper/Restful2ActionMapper.java:31|core/src/main/java/org/apache/struts2/dispatcher/mapper/Restful2ActionMapper.java:136|core/src/main/java/org/apache/struts2/dispatcher/mapper/Restful2ActionMapper.java:139|core/src/main/java/org/apache/struts2/dispatcher/mapper/RestfulActionMapper.java:30|core/src/main/java/org/apache/struts2/dispatcher/mapper/RestfulActionMapper.java:70|core/src/main/java/org/apache/struts2/dispatcher/mapper/RestfulActionMapper.java:73|core/src/main/java/org/apache/struts2/views/util/DefaultUrlHelper.java:34|core/src/main/java/org/apache/struts2/views/util/DefaultUrlHelper.java:270|core/src/main/java/org/apache/struts2/views/util/DefaultUrlHelper.java:277|core/src/main/java/org/apache/struts2/views/util/DefaultUrlHelper.java:278
1158b0adda67eaf9ab021b8b6d0376d4f13e81ba:xwork-core/src/main/java/com/opensymphony/xwork2/util/CompoundRoot.java:28|xwork-core/src/main/java/com/opensymphony/xwork2/util/CompoundRoot.java:33
f2958524823a2b514aa5de239d264cf6a622297d:plugins/rest/src/main/java/org/apache/struts2/rest/DefaultContentTypeHandlerManager.java:146
38e8f86a75c82033d657e1ed5e52d864ea9eafa3:xwork-core/src/main/java/com/opensymphony/xwork2/validator/validators/EmailValidator.java:83
095807776288ce982ee064f820de428cd3969761:core/src/main/java/org/apache/struts2/interceptor/MessageStoreInterceptor.java:281|core/src/main/java/org/apache/struts2/interceptor/MessageStoreInterceptor.java:283|core/src/main/java/org/apache/struts2/interceptor/MessageStoreInterceptor.java:300|core/src/main/java/org/apache/struts2/interceptor/MessageStoreInterceptor.java:301|core/src/main/java/org/apache/struts2/interceptor/MessageStoreInterceptor.java:302
7848534e2f2a8cf4aa956d27b6cf672f36cfacfe:xwork-core/src/main/java/com/opensymphony/xwork2/spring/SpringObjectFactory.java:195|xwork-core/src/main/java/com/opensymphony/xwork2/spring/SpringObjectFactory.java:197
3e2d5da12c3bc426df346554d9d53cf9b6f09c1a:core/src/main/java/org/apache/struts2/views/util/DefaultUrlHelper.java:88
30d30e07dee736243b035eb47be4a1c8dae469a2:xwork-core/src/main/java/com/opensymphony/xwork2/validator/AnnotationActionValidatorManager.java:31|xwork-core/src/main/java/com/opensymphony/xwork2/validator/AnnotationActionValidatorManager.java:257
755ad3fadb0f3b6b6b351c9bc41b59b95c45c07b:xwork-core/src/main/java/com/opensymphony/xwork2/validator/AnnotationActionValidatorManager.java:235
1191ca3ed091d350bc3fce12230ab07de81304de:core/src/main/java/org/apache/struts2/components/Set.java:37|core/src/main/java/org/apache/struts2/components/Set.java:38|core/src/main/java/org/apache/struts2/components/Set.java:98|core/src/main/java/org/apache/struts2/components/Set.java:99|core/src/main/java/org/apache/struts2/components/Set.java:100|core/src/main/java/org/apache/struts2/components/Set.java:101|core/src/main/java/org/apache/struts2/components/Set.java:102
5b0ec3400dc0777e6dfaeaded1e497ace710e5ff:core/src/main/java/org/apache/struts2/interceptor/TokenSessionStoreInterceptor.java:134|core/src/main/java/org/apache/struts2/interceptor/TokenSessionStoreInterceptor.java:166|core/src/main/java/org/apache/struts2/interceptor/TokenSessionStoreInterceptor.java:167
7bca98205d720fc3ad30f0ea5f0c477e970ac702:core/src/main/java/org/apache/struts2/StrutsConstants.java:48|core/src/main/java/org/apache/struts2/StrutsConstants.java:62|core/src/main/java/org/apache/struts2/StrutsConstants.java:211|core/src/main/java/org/apache/struts2/StrutsConstants.java:214|core/src/main/java/org/apache/struts2/components/Include.java:231|core/src/main/java/org/apache/struts2/components/Include.java:287|core/src/main/java/org/apache/struts2/components/Include.java:376|core/src/main/java/org/apache/struts2/components/Include.java:377|core/src/main/java/org/apache/struts2/components/Include.java:378|core/src/main/java/org/apache/struts2/util/FastByteArrayOutputStream.java:162|core/src/main/java/org/apache/struts2/util/FastByteArrayOutputStream.java:190|core/src/main/java/org/apache/struts2/util/FastByteArrayOutputStream.java:194
567fae9dfc86d467537e9c5255624f4f18e433a2:core/src/main/java/org/apache/struts2/components/Include.java:106|core/src/main/java/org/apache/struts2/components/Include.java:111|core/src/main/java/org/apache/struts2/components/Include.java:167|core/src/main/java/org/apache/struts2/util/FastByteArrayOutputStream.java:176|core/src/main/java/org/apache/struts2/util/FastByteArrayOutputStream.java:185
458acb89e597b905835760255433fc4580c83dad:xwork-core/src/main/java/com/opensymphony/xwork2/conversion/impl/CollectionConverter.java:6|xwork-core/src/main/java/com/opensymphony/xwork2/util/XWorkList.java:16|xwork-core/src/main/java/com/opensymphony/xwork2/util/XWorkList.java:22