0383625b5b4adb14b774f322704456596e7ab185:src/java/main/org/apache/zookeeper/server/DataTree.java|src/java/main/org/apache/zookeeper/server/ZKDatabase.java
14d0aaab853d535be268a1d7a234c9c47bf4cd25:src/java/main/org/apache/zookeeper/server/admin/Commands.java
5bcbb2ca61309f37634b530788c01989e7a4001a:src/java/main/org/apache/zookeeper/ClientCnxn.java|src/java/main/org/apache/zookeeper/server/SyncRequestProcessor.java
fed3ae8aee3d8811f90d8f8858959f4585be84cc:src/java/main/org/apache/zookeeper/ClientCnxn.java|src/java/main/org/apache/zookeeper/ZooKeeper.java
1e65b9f4873fc995308972433ea8a664e98fe41f:src/java/main/org/apache/zookeeper/client/HostProvider.java|src/java/main/org/apache/zookeeper/client/StaticHostProvider.java
f81fb443f772d363f411b356048e949cd90bcc3a:src/java/main/org/apache/zookeeper/ClientCnxn.java
7f317127f06336a2ee02fb7a1ace71f35679911e:src/java/main/org/apache/zookeeper/server/NIOServerCnxnFactory.java
a692563a1054f0678adb81de68e8ef3b19e64dbe:src/java/main/org/apache/zookeeper/server/admin/JsonOutputter.java
87c59c03fe39c12bfb7dedb0f7da1ecc2106849d:src/java/main/org/apache/zookeeper/common/PathUtils.java
c86349060274e18ce9f839cd6a50fe5f34000edd:src/java/main/org/apache/zookeeper/server/quorum/Leader.java|src/java/main/org/apache/zookeeper/server/quorum/LearnerHandler.java
282dc836802f67ed4814a36bdf45423cff27b577:src/java/main/org/apache/zookeeper/server/ZooKeeperServer.java
3a309c5080674088c96c2c63915b3d313543c0dd:src/java/main/org/apache/zookeeper/server/quorum/FastLeaderElection.java
df4801328d63c1b827caa86a64e8ea3fb941f7ad:src/java/main/org/apache/zookeeper/server/ZKDatabase.java
828eb9cd932e4ec72c5876d07d57965aefd9af17:src/java/main/org/apache/zookeeper/server/ContainerManager.java
ffb81b9a618c2e3bc0dcffb9c2d240224d49409f:src/java/main/org/apache/zookeeper/server/ZKDatabase.java|src/java/main/org/apache/zookeeper/server/ZooKeeperServer.java
e40d4050bdc15ddddda19cab0d1c76ad176cbc9b:src/java/main/org/apache/zookeeper/ZooKeeper.java
85acd1bed41ff207966a5c50a5c7588d05b45250:src/java/main/org/apache/zookeeper/ClientCnxnSocketNetty.java
9affdd14464a97f5b634cbde9d5ff9b413137172:src/java/main/org/apache/zookeeper/server/quorum/QuorumPeer.java
67b6767c0f1f10d4c1262bcb23cb33f72ad1ae37:src/java/main/org/apache/zookeeper/server/ZooKeeperServer.java
5fc4a8b8e937afe99bc0837e6e1f46763c358156:src/java/main/org/apache/zookeeper/server/persistence/FileTxnLog.java|src/java/main/org/apache/zookeeper/server/persistence/Util.java
accc7468a6309cf04f07a0ec3149032d576c526d:src/java/main/org/apache/zookeeper/ClientCnxn.java
28d1a66f08b8f22ced7b45254884bf2926299a41:src/recipes/lock/src/java/org/apache/zookeeper/recipes/lock/ZNodeName.java
c98d44a7af8e7883eb7e37d165b3ececb1f5cd7d:src/java/main/org/apache/zookeeper/server/quorum/CommitProcessor.java
ad2837b0add8aa96771508acb9d94613a9b450e1:src/java/main/org/apache/zookeeper/jmx/ManagedUtil.java|src/java/main/org/apache/zookeeper/server/NIOServerCnxn.java|src/java/main/org/apache/zookeeper/server/auth/ProviderRegistry.java
88c1c934785e5c0964f433c4af83e22da2d0bdff:src/java/main/org/apache/zookeeper/server/auth/X509AuthenticationProvider.java
23962f12395ada67e689b8ff57573fc1398a54eb:src/java/main/org/apache/zookeeper/server/NettyServerCnxn.java
5d85cfa34ed9c7415dde7f7cda7918499d9ec065:src/java/main/org/apache/zookeeper/server/persistence/FileTxnLog.java
71dbe74065d7139e216981009ad3d62c7a120761:src/java/main/org/apache/zookeeper/client/StaticHostProvider.java
fce8286684f96441ce7cdf0a9a337027a041e51b:src/java/main/org/apache/zookeeper/server/ZKDatabase.java|src/java/main/org/apache/zookeeper/server/quorum/LearnerHandler.java
6ab74115e2576a81f649f12708ebc4d4efdb15ac:src/java/main/org/apache/zookeeper/server/quorum/QuorumPeer.java|src/java/main/org/apache/zookeeper/server/quorum/QuorumPeerConfig.java
2d843405bcf4ca119e42163b4521ca62deba24c3:src/contrib/zooinspector/src/java/org/apache/zookeeper/retry/ZooKeeperRetry.java|src/java/main/org/apache/zookeeper/ZooKeeper.java
ca22b3db19371f6b0f5507b7dd80b283cddc7700:src/java/main/org/apache/zookeeper/server/quorum/Learner.java
822e51a01201fc56e810aacf36f828cf226c45e3:src/java/main/org/apache/zookeeper/server/auth/SASLAuthenticationProvider.java
b9ff4935bf8cb6d85229eb5012b9b5d0a8049e79:src/java/main/org/apache/zookeeper/server/DataTree.java|src/java/main/org/apache/zookeeper/server/ZKDatabase.java
ac544de9b63f536d4a38fc9413782d52a0accf75:src/java/main/org/apache/zookeeper/cli/DelQuotaCommand.java|src/java/main/org/apache/zookeeper/cli/DeleteCommand.java|src/java/main/org/apache/zookeeper/cli/SetQuotaCommand.java|src/java/main/org/apache/zookeeper/cli/SyncCommand.java
7dfaeb4de04321227b48f9b6a296566067e8fc97:src/java/main/org/apache/zookeeper/server/quorum/Leader.java
d34a94963678e8176617603e22247c6109bc8b79:src/java/main/org/apache/zookeeper/server/quorum/QuorumZooKeeperServer.java
434fecb1192c7c5968fa396ab217447716a44d7f:src/java/main/org/apache/zookeeper/server/NettyServerCnxn.java
5c356f5a47402c000b5e206a536273afc75de883:src/java/main/org/apache/zookeeper/server/NettyServerCnxnFactory.java
6d9fc04c052adbc79bbbb1c63f3f00c816fb8e56:src/java/main/org/apache/zookeeper/server/NIOServerCnxn.java|src/java/main/org/apache/zookeeper/server/NettyServerCnxn.java|src/java/main/org/apache/zookeeper/server/command/FourLetterCommands.java
c164ee454cd70b3e65212ea1367ec86bb16ec022:src/java/main/org/apache/zookeeper/server/ZooKeeperServer.java|src/java/main/org/apache/zookeeper/server/ZooKeeperServerMain.java|src/java/main/org/apache/zookeeper/server/quorum/Learner.java
0816970930bb9565f13d310a1f55636e62cdfd19:src/contrib/zooinspector/src/java/org/apache/zookeeper/inspector/manager/ZooInspectorManagerImpl.java|src/java/main/org/apache/zookeeper/server/DatadirCleanupManager.java|src/java/main/org/apache/zookeeper/server/ZooKeeperThread.java
5c414230e7b277abdc819a6d6dd196a1ad17cc16:src/java/main/org/apache/zookeeper/server/quorum/QuorumPeerMain.java
91c400829ef92110d17ca1f328dda4749aae57b0:src/java/main/org/apache/zookeeper/server/DataNode.java|src/java/main/org/apache/zookeeper/server/DataTree.java|src/java/main/org/apache/zookeeper/server/PrepRequestProcessor.java|src/java/main/org/apache/zookeeper/server/SnapshotFormatter.java
c84a61134f3d1d27ec8269eddc4e110e5e41c536:src/java/main/org/apache/zookeeper/server/ZooTrace.java
41da3c8e3c39f81aa0f667199c5f4eb3d5a28adc:src/java/main/org/apache/zookeeper/Version.java|src/java/main/org/apache/zookeeper/version/util/VerGen.java
77c3c14a8adefb8ae1bd4a215383581f6069110d:src/java/main/org/apache/zookeeper/server/PurgeTxnLog.java|src/java/main/org/apache/zookeeper/server/persistence/FileSnap.java|src/java/main/org/apache/zookeeper/server/persistence/FileTxnSnapLog.java
3cdaeedf8b59da50421c5b6bba1d3f72dcfdd661:src/java/main/org/apache/zookeeper/server/persistence/FileTxnSnapLog.java
9ebbef3567ceed2bcec1e808d859565c4bf4b330:src/java/main/org/apache/zookeeper/ClientCnxnSocket.java|src/java/main/org/apache/zookeeper/ClientCnxnSocketNetty.java
9efc3d3dedefc7db9255b5b11bd77ed518399e3f:src/java/main/org/apache/zookeeper/server/NIOServerCnxn.java|src/java/main/org/apache/zookeeper/server/NettyServerCnxn.java|src/java/main/org/apache/zookeeper/server/admin/Commands.java|src/java/main/org/apache/zookeeper/server/command/CnxnStatResetCommand.java|src/java/main/org/apache/zookeeper/server/command/ConfCommand.java|src/java/main/org/apache/zookeeper/server/command/ConsCommand.java|src/java/main/org/apache/zookeeper/server/command/DirsCommand.java|src/java/main/org/apache/zookeeper/server/command/DumpCommand.java|src/java/main/org/apache/zookeeper/server/command/IsroCommand.java|src/java/main/org/apache/zookeeper/server/command/MonitorCommand.java|src/java/main/org/apache/zookeeper/server/command/StatCommand.java|src/java/main/org/apache/zookeeper/server/command/StatResetCommand.java|src/java/main/org/apache/zookeeper/server/command/WatchCommand.java
c0eaa5fdfcc0f11ce34ba6818438dda9ba47a807:src/java/main/org/apache/zookeeper/server/ServerConfig.java
b0fbdba0c2a0334704f4c8969f2d0deb5d73cf95:src/java/main/org/apache/jute/compiler/CGenerator.java|src/java/main/org/apache/jute/compiler/CppGenerator.java|src/java/main/org/apache/jute/compiler/JRecord.java|src/java/main/org/apache/zookeeper/ZooKeeperMain.java|src/java/main/org/apache/zookeeper/cli/DeleteCommand.java|src/java/main/org/apache/zookeeper/server/DataTree.java|src/java/main/org/apache/zookeeper/server/NIOServerCnxn.java|src/java/main/org/apache/zookeeper/server/NettyServerCnxn.java|src/java/main/org/apache/zookeeper/server/PurgeTxnLog.java|src/java/main/org/apache/zookeeper/server/ZooKeeperServer.java|src/java/main/org/apache/zookeeper/server/command/FourLetterCommands.java|src/java/main/org/apache/zookeeper/server/quorum/flexible/QuorumHierarchical.java|src/java/main/org/apache/zookeeper/version/util/VerGen.java
65d2572d98b4c93df180448cfccea27024585a75:src/java/main/org/apache/zookeeper/ClientCnxn.java|src/java/main/org/apache/zookeeper/KeeperException.java|src/java/main/org/apache/zookeeper/ZooKeeper.java|src/java/main/org/apache/zookeeper/ZooKeeperMain.java|src/java/main/org/apache/zookeeper/cli/CliCommand.java|src/java/main/org/apache/zookeeper/cli/ReconfigCommand.java|src/java/main/org/apache/zookeeper/server/DataTree.java|src/java/main/org/apache/zookeeper/server/ZooKeeperServer.java|src/java/main/org/apache/zookeeper/server/ZooKeeperServerMain.java|src/java/main/org/apache/zookeeper/server/quorum/QuorumPeerConfig.java|src/java/main/org/apache/zookeeper/server/quorum/QuorumPeerMain.java
6bd38e3d89ecc03285459be3e511d32f487ced0c:src/java/main/org/apache/zookeeper/server/quorum/QuorumCnxManager.java
4eeb90dd127c84e8f038466efb215671e0cbb4be:src/java/main/org/apache/zookeeper/server/auth/SaslServerCallbackHandler.java
45e784f17a3d12d190b02c534f0bccbacceb88e3:src/java/main/org/apache/zookeeper/server/quorum/Learner.java
2fb3a8f73d765371fb8d508e691105fe91133744:src/java/main/org/apache/zookeeper/server/util/ConfigUtils.java
991d5e62b55f41c106bb464d4faacaa7865a890a:src/java/main/org/apache/zookeeper/server/ZooKeeperServer.java|src/java/main/org/apache/zookeeper/server/ZooKeeperServerMain.java|src/java/main/org/apache/zookeeper/server/quorum/Follower.java|src/java/main/org/apache/zookeeper/server/quorum/LearnerZooKeeperServer.java|src/java/main/org/apache/zookeeper/server/quorum/Observer.java|src/java/main/org/apache/zookeeper/server/quorum/ObserverZooKeeperServer.java|src/java/main/org/apache/zookeeper/server/quorum/ReadOnlyZooKeeperServer.java
4a9d94db8084249dce564561fec5d682077a3023:src/java/main/org/apache/zookeeper/ZooKeeperMain.java|src/java/main/org/apache/zookeeper/cli/AddAuthCommand.java|src/java/main/org/apache/zookeeper/cli/CliCommand.java|src/java/main/org/apache/zookeeper/cli/CloseCommand.java|src/java/main/org/apache/zookeeper/cli/CreateCommand.java|src/java/main/org/apache/zookeeper/cli/DelQuotaCommand.java|src/java/main/org/apache/zookeeper/cli/DeleteAllCommand.java|src/java/main/org/apache/zookeeper/cli/DeleteCommand.java|src/java/main/org/apache/zookeeper/cli/GetAclCommand.java|src/java/main/org/apache/zookeeper/cli/GetCommand.java|src/java/main/org/apache/zookeeper/cli/GetConfigCommand.java|src/java/main/org/apache/zookeeper/cli/ListQuotaCommand.java|src/java/main/org/apache/zookeeper/cli/Ls2Command.java|src/java/main/org/apache/zookeeper/cli/LsCommand.java|src/java/main/org/apache/zookeeper/cli/ReconfigCommand.java|src/java/main/org/apache/zookeeper/cli/RemoveWatchesCommand.java|src/java/main/org/apache/zookeeper/cli/SetAclCommand.java|src/java/main/org/apache/zookeeper/cli/SetCommand.java|src/java/main/org/apache/zookeeper/cli/SetQuotaCommand.java|src/java/main/org/apache/zookeeper/cli/StatCommand.java|src/java/main/org/apache/zookeeper/cli/SyncCommand.java
a859410aea35dfef5fa54c99fb8a5bfc81f1a46b:src/java/main/org/apache/zookeeper/server/ZooKeeperServer.java