0383625b5b4adb14b774f322704456596e7ab185:src/java/main/org/apache/zookeeper/server/DataTree.java:929|src/java/main/org/apache/zookeeper/server/DataTree.java:948|src/java/main/org/apache/zookeeper/server/DataTree.java:949|src/java/main/org/apache/zookeeper/server/DataTree.java:950|src/java/main/org/apache/zookeeper/server/DataTree.java:951|src/java/main/org/apache/zookeeper/server/DataTree.java:952|src/java/main/org/apache/zookeeper/server/DataTree.java:953|src/java/main/org/apache/zookeeper/server/DataTree.java:954|src/java/main/org/apache/zookeeper/server/DataTree.java:956|src/java/main/org/apache/zookeeper/server/DataTree.java:957|src/java/main/org/apache/zookeeper/server/DataTree.java:958|src/java/main/org/apache/zookeeper/server/DataTree.java:959|src/java/main/org/apache/zookeeper/server/DataTree.java:961|src/java/main/org/apache/zookeeper/server/DataTree.java:962|src/java/main/org/apache/zookeeper/server/ZKDatabase.java:98|src/java/main/org/apache/zookeeper/server/ZKDatabase.java:124
14d0aaab853d535be268a1d7a234c9c47bf4cd25:src/java/main/org/apache/zookeeper/server/admin/Commands.java:177
5bcbb2ca61309f37634b530788c01989e7a4001a:src/java/main/org/apache/zookeeper/ClientCnxn.java:798|src/java/main/org/apache/zookeeper/server/SyncRequestProcessor.java:64
fed3ae8aee3d8811f90d8f8858959f4585be84cc:src/java/main/org/apache/zookeeper/ClientCnxn.java:673|src/java/main/org/apache/zookeeper/ClientCnxn.java:1245|src/java/main/org/apache/zookeeper/ClientCnxn.java:1246|src/java/main/org/apache/zookeeper/ClientCnxn.java:1247|src/java/main/org/apache/zookeeper/ClientCnxn.java:1248|src/java/main/org/apache/zookeeper/ClientCnxn.java:1249|src/java/main/org/apache/zookeeper/ClientCnxn.java:1250|src/java/main/org/apache/zookeeper/ClientCnxn.java:1251|src/java/main/org/apache/zookeeper/ClientCnxn.java:1252|src/java/main/org/apache/zookeeper/ClientCnxn.java:1253|src/java/main/org/apache/zookeeper/ClientCnxn.java:1498|src/java/main/org/apache/zookeeper/ClientCnxn.java:1499|src/java/main/org/apache/zookeeper/ZooKeeper.java:878
1e65b9f4873fc995308972433ea8a664e98fe41f:src/java/main/org/apache/zookeeper/client/HostProvider.java:35|src/java/main/org/apache/zookeeper/client/HostProvider.java:36|src/java/main/org/apache/zookeeper/client/StaticHostProvider.java:34|src/java/main/org/apache/zookeeper/client/StaticHostProvider.java:35|src/java/main/org/apache/zookeeper/client/StaticHostProvider.java:74|src/java/main/org/apache/zookeeper/client/StaticHostProvider.java:76|src/java/main/org/apache/zookeeper/client/StaticHostProvider.java:77|src/java/main/org/apache/zookeeper/client/StaticHostProvider.java:78|src/java/main/org/apache/zookeeper/client/StaticHostProvider.java:79|src/java/main/org/apache/zookeeper/client/StaticHostProvider.java:80|src/java/main/org/apache/zookeeper/client/StaticHostProvider.java:81|src/java/main/org/apache/zookeeper/client/StaticHostProvider.java:82|src/java/main/org/apache/zookeeper/client/StaticHostProvider.java:97|src/java/main/org/apache/zookeeper/client/StaticHostProvider.java:99|src/java/main/org/apache/zookeeper/client/StaticHostProvider.java:100|src/java/main/org/apache/zookeeper/client/StaticHostProvider.java:103|src/java/main/org/apache/zookeeper/client/StaticHostProvider.java:105|src/java/main/org/apache/zookeeper/client/StaticHostProvider.java:108|src/java/main/org/apache/zookeeper/client/StaticHostProvider.java:109|src/java/main/org/apache/zookeeper/client/StaticHostProvider.java:110|src/java/main/org/apache/zookeeper/client/StaticHostProvider.java:111|src/java/main/org/apache/zookeeper/client/StaticHostProvider.java:112|src/java/main/org/apache/zookeeper/client/StaticHostProvider.java:113|src/java/main/org/apache/zookeeper/client/StaticHostProvider.java:114|src/java/main/org/apache/zookeeper/client/StaticHostProvider.java:115|src/java/main/org/apache/zookeeper/client/StaticHostProvider.java:116|src/java/main/org/apache/zookeeper/client/StaticHostProvider.java:117|src/java/main/org/apache/zookeeper/client/StaticHostProvider.java:118|src/java/main/org/apache/zookeeper/client/StaticHostProvider.java:119|src/java/main/org/apache/zookeeper/client/StaticHostProvider.java:120|src/java/main/org/apache/zookeeper/client/StaticHostProvider.java:125|src/java/main/org/apache/zookeeper/client/StaticHostProvider.java:154|src/java/main/org/apache/zookeeper/client/StaticHostProvider.java:155|src/java/main/org/apache/zookeeper/client/StaticHostProvider.java:156|src/java/main/org/apache/zookeeper/client/StaticHostProvider.java:182|src/java/main/org/apache/zookeeper/client/StaticHostProvider.java:199|src/java/main/org/apache/zookeeper/client/StaticHostProvider.java:200|src/java/main/org/apache/zookeeper/client/StaticHostProvider.java:201|src/java/main/org/apache/zookeeper/client/StaticHostProvider.java:203|src/java/main/org/apache/zookeeper/client/StaticHostProvider.java:244|src/java/main/org/apache/zookeeper/client/StaticHostProvider.java:248|src/java/main/org/apache/zookeeper/client/StaticHostProvider.java:313|src/java/main/org/apache/zookeeper/client/StaticHostProvider.java:338
f81fb443f772d363f411b356048e949cd90bcc3a:src/java/main/org/apache/zookeeper/ClientCnxn.java:824
7f317127f06336a2ee02fb7a1ace71f35679911e:src/java/main/org/apache/zookeeper/server/NIOServerCnxnFactory.java:818
a692563a1054f0678adb81de68e8ef3b19e64dbe:src/java/main/org/apache/zookeeper/server/admin/JsonOutputter.java:21|src/java/main/org/apache/zookeeper/server/admin/JsonOutputter.java:22|src/java/main/org/apache/zookeeper/server/admin/JsonOutputter.java:23|src/java/main/org/apache/zookeeper/server/admin/JsonOutputter.java:25|src/java/main/org/apache/zookeeper/server/admin/JsonOutputter.java:26|src/java/main/org/apache/zookeeper/server/admin/JsonOutputter.java:27|src/java/main/org/apache/zookeeper/server/admin/JsonOutputter.java:28|src/java/main/org/apache/zookeeper/server/admin/JsonOutputter.java:29|src/java/main/org/apache/zookeeper/server/admin/JsonOutputter.java:42|src/java/main/org/apache/zookeeper/server/admin/JsonOutputter.java:43|src/java/main/org/apache/zookeeper/server/admin/JsonOutputter.java:44
87c59c03fe39c12bfb7dedb0f7da1ecc2106849d:src/java/main/org/apache/zookeeper/common/PathUtils.java:93
c86349060274e18ce9f839cd6a50fe5f34000edd:src/java/main/org/apache/zookeeper/server/quorum/Leader.java:95|src/java/main/org/apache/zookeeper/server/quorum/Leader.java:349|src/java/main/org/apache/zookeeper/server/quorum/Leader.java:493|src/java/main/org/apache/zookeeper/server/quorum/Leader.java:1168|src/java/main/org/apache/zookeeper/server/quorum/Leader.java:1177|src/java/main/org/apache/zookeeper/server/quorum/Leader.java:1200|src/java/main/org/apache/zookeeper/server/quorum/Leader.java:1201|src/java/main/org/apache/zookeeper/server/quorum/Leader.java:1215|src/java/main/org/apache/zookeeper/server/quorum/Leader.java:1297|src/java/main/org/apache/zookeeper/server/quorum/LearnerHandler.java:491
282dc836802f67ed4814a36bdf45423cff27b577:src/java/main/org/apache/zookeeper/ZooKeeper.java:1505|src/java/main/org/apache/zookeeper/cli/CreateCommand.java:103|src/java/main/org/apache/zookeeper/server/ContainerManager.java:161|src/java/main/org/apache/zookeeper/server/ContainerManager.java:162|src/java/main/org/apache/zookeeper/server/ContainerManager.java:163|src/java/main/org/apache/zookeeper/server/ContainerManager.java:164|src/java/main/org/apache/zookeeper/server/DataTree.java:818|src/java/main/org/apache/zookeeper/server/EphemeralType.java:39|src/java/main/org/apache/zookeeper/server/EphemeralType.java:42|src/java/main/org/apache/zookeeper/server/EphemeralType.java:43|src/java/main/org/apache/zookeeper/server/EphemeralType.java:49|src/java/main/org/apache/zookeeper/server/EphemeralType.java:50|src/java/main/org/apache/zookeeper/server/EphemeralType.java:51|src/java/main/org/apache/zookeeper/server/EphemeralType.java:57|src/java/main/org/apache/zookeeper/server/EphemeralType.java:63|src/java/main/org/apache/zookeeper/server/EphemeralType.java:64|src/java/main/org/apache/zookeeper/server/EphemeralType.java:65|src/java/main/org/apache/zookeeper/server/EphemeralType.java:66|src/java/main/org/apache/zookeeper/server/EphemeralType.java:67|src/java/main/org/apache/zookeeper/server/EphemeralType.java:70|src/java/main/org/apache/zookeeper/server/EphemeralType.java:71|src/java/main/org/apache/zookeeper/server/EphemeralType.java:72|src/java/main/org/apache/zookeeper/server/EphemeralType.java:73|src/java/main/org/apache/zookeeper/server/EphemeralType.java:74|src/java/main/org/apache/zookeeper/server/ZooKeeperServer.java:475
3a309c5080674088c96c2c63915b3d313543c0dd:src/java/main/org/apache/zookeeper/server/quorum/FastLeaderElection.java:25|src/java/main/org/apache/zookeeper/server/quorum/FastLeaderElection.java:325|src/java/main/org/apache/zookeeper/server/quorum/FastLeaderElection.java:930|src/java/main/org/apache/zookeeper/server/quorum/FastLeaderElection.java:933|src/java/main/org/apache/zookeeper/server/quorum/FastLeaderElection.java:1059
df4801328d63c1b827caa86a64e8ea3fb941f7ad:src/java/main/org/apache/zookeeper/server/ZKDatabase.java:279
828eb9cd932e4ec72c5876d07d57965aefd9af17:src/java/main/org/apache/zookeeper/server/ContainerManager.java:119|src/java/main/org/apache/zookeeper/server/ContainerManager.java:123|src/java/main/org/apache/zookeeper/server/ContainerManager.java:124
ffb81b9a618c2e3bc0dcffb9c2d240224d49409f:src/java/main/org/apache/zookeeper/server/ZKDatabase.java:218|src/java/main/org/apache/zookeeper/server/ZKDatabase.java:219|src/java/main/org/apache/zookeeper/server/ZKDatabase.java:220|src/java/main/org/apache/zookeeper/server/ZKDatabase.java:221|src/java/main/org/apache/zookeeper/server/ZKDatabase.java:222|src/java/main/org/apache/zookeeper/server/ZKDatabase.java:223|src/java/main/org/apache/zookeeper/server/ZKDatabase.java:225|src/java/main/org/apache/zookeeper/server/ZooKeeperServer.java:555|src/java/main/org/apache/zookeeper/server/ZooKeeperServer.java:556|src/java/main/org/apache/zookeeper/server/ZooKeeperServer.java:558|src/java/main/org/apache/zookeeper/server/ZooKeeperServer.java:559|src/java/main/org/apache/zookeeper/server/ZooKeeperServer.java:560|src/java/main/org/apache/zookeeper/server/ZooKeeperServer.java:561|src/java/main/org/apache/zookeeper/server/ZooKeeperServer.java:562
e40d4050bdc15ddddda19cab0d1c76ad176cbc9b:src/java/main/org/apache/zookeeper/ZooKeeper.java:518
85acd1bed41ff207966a5c50a5c7588d05b45250:src/java/main/org/apache/zookeeper/ClientCnxnSocketNetty.java:115|src/java/main/org/apache/zookeeper/ClientCnxnSocketNetty.java:366
9affdd14464a97f5b634cbde9d5ff9b413137172:src/java/main/org/apache/zookeeper/server/quorum/QuorumPeer.java:467|src/java/main/org/apache/zookeeper/server/quorum/QuorumPeer.java:1686|src/java/main/org/apache/zookeeper/server/quorum/QuorumPeer.java:1687|src/java/main/org/apache/zookeeper/server/quorum/QuorumPeer.java:1688
67b6767c0f1f10d4c1262bcb23cb33f72ad1ae37:src/java/main/org/apache/zookeeper/server/ZooKeeperServer.java:187|src/java/main/org/apache/zookeeper/server/ZooKeeperServer.java:191
5fc4a8b8e937afe99bc0837e6e1f46763c358156:src/java/main/org/apache/zookeeper/server/persistence/FileTxnLog.java:237|src/java/main/org/apache/zookeeper/server/persistence/FileTxnLog.java:238|src/java/main/org/apache/zookeeper/server/persistence/FileTxnLog.java:241|src/java/main/org/apache/zookeeper/server/persistence/FileTxnLog.java:242|src/java/main/org/apache/zookeeper/server/persistence/Util.java:24|src/java/main/org/apache/zookeeper/server/persistence/Util.java:54|src/java/main/org/apache/zookeeper/server/persistence/Util.java:201|src/java/main/org/apache/zookeeper/server/persistence/Util.java:203|src/java/main/org/apache/zookeeper/server/persistence/Util.java:204|src/java/main/org/apache/zookeeper/server/persistence/Util.java:205|src/java/main/org/apache/zookeeper/server/persistence/Util.java:206|src/java/main/org/apache/zookeeper/server/persistence/Util.java:208|src/java/main/org/apache/zookeeper/server/persistence/Util.java:209|src/java/main/org/apache/zookeeper/server/persistence/Util.java:210|src/java/main/org/apache/zookeeper/server/persistence/Util.java:211|src/java/main/org/apache/zookeeper/server/persistence/Util.java:213|src/java/main/org/apache/zookeeper/server/persistence/Util.java:214|src/java/main/org/apache/zookeeper/server/persistence/Util.java:215|src/java/main/org/apache/zookeeper/server/persistence/Util.java:216|src/java/main/org/apache/zookeeper/server/persistence/Util.java:217|src/java/main/org/apache/zookeeper/server/persistence/Util.java:218|src/java/main/org/apache/zookeeper/server/persistence/Util.java:219|src/java/main/org/apache/zookeeper/server/persistence/Util.java:220|src/java/main/org/apache/zookeeper/server/persistence/Util.java:221|src/java/main/org/apache/zookeeper/server/persistence/Util.java:222
accc7468a6309cf04f07a0ec3149032d576c526d:src/java/main/org/apache/zookeeper/ClientCnxn.java:1056|src/java/main/org/apache/zookeeper/ClientCnxn.java:1066|src/java/main/org/apache/zookeeper/ClientCnxn.java:1067|src/java/main/org/apache/zookeeper/ClientCnxn.java:1068|src/java/main/org/apache/zookeeper/ClientCnxn.java:1069|src/java/main/org/apache/zookeeper/ClientCnxn.java:1070|src/java/main/org/apache/zookeeper/ClientCnxn.java:1071|src/java/main/org/apache/zookeeper/ClientCnxn.java:1072|src/java/main/org/apache/zookeeper/ClientCnxn.java:1133|src/java/main/org/apache/zookeeper/ClientCnxn.java:1235|src/java/main/org/apache/zookeeper/ClientCnxn.java:1236|src/java/main/org/apache/zookeeper/ClientCnxn.java:1238|src/java/main/org/apache/zookeeper/ClientCnxn.java:1240|src/java/main/org/apache/zookeeper/ClientCnxn.java:1241
28d1a66f08b8f22ced7b45254884bf2926299a41:src/recipes/lock/src/java/org/apache/zookeeper/recipes/lock/ZNodeName.java:78|src/recipes/lock/src/java/org/apache/zookeeper/recipes/lock/ZNodeName.java:80|src/recipes/lock/src/java/org/apache/zookeeper/recipes/lock/ZNodeName.java:81|src/recipes/lock/src/java/org/apache/zookeeper/recipes/lock/ZNodeName.java:82|src/recipes/lock/src/java/org/apache/zookeeper/recipes/lock/ZNodeName.java:83|src/recipes/lock/src/java/org/apache/zookeeper/recipes/lock/ZNodeName.java:84|src/recipes/lock/src/java/org/apache/zookeeper/recipes/lock/ZNodeName.java:85
c98d44a7af8e7883eb7e37d165b3ececb1f5cd7d:src/java/main/org/apache/zookeeper/server/quorum/CommitProcessor.java:109
ad2837b0add8aa96771508acb9d94613a9b450e1:src/java/main/org/apache/zookeeper/jmx/ManagedUtil.java:72|src/java/main/org/apache/zookeeper/server/NIOServerCnxn.java:255|src/java/main/org/apache/zookeeper/server/auth/ProviderRegistry.java:52
88c1c934785e5c0964f433c4af83e22da2d0bdff:src/java/main/org/apache/zookeeper/server/auth/X509AuthenticationProvider.java:67|src/java/main/org/apache/zookeeper/server/auth/X509AuthenticationProvider.java:75|src/java/main/org/apache/zookeeper/server/auth/X509AuthenticationProvider.java:76|src/java/main/org/apache/zookeeper/server/auth/X509AuthenticationProvider.java:77|src/java/main/org/apache/zookeeper/server/auth/X509AuthenticationProvider.java:78|src/java/main/org/apache/zookeeper/server/auth/X509AuthenticationProvider.java:79|src/java/main/org/apache/zookeeper/server/auth/X509AuthenticationProvider.java:87|src/java/main/org/apache/zookeeper/server/auth/X509AuthenticationProvider.java:88|src/java/main/org/apache/zookeeper/server/auth/X509AuthenticationProvider.java:89|src/java/main/org/apache/zookeeper/server/auth/X509AuthenticationProvider.java:90|src/java/main/org/apache/zookeeper/server/auth/X509AuthenticationProvider.java:91
23962f12395ada67e689b8ff57573fc1398a54eb:src/java/main/org/apache/zookeeper/server/NettyServerCnxn.java:112|src/java/main/org/apache/zookeeper/server/NettyServerCnxn.java:169
5d85cfa34ed9c7415dde7f7cda7918499d9ec065:src/java/main/org/apache/zookeeper/server/persistence/FileTxnLog.java:57|src/java/main/org/apache/zookeeper/server/persistence/FileTxnLog.java:63|src/java/main/org/apache/zookeeper/server/persistence/FileTxnLog.java:66|src/java/main/org/apache/zookeeper/server/persistence/FileTxnLog.java:69|src/java/main/org/apache/zookeeper/server/persistence/FileTxnLog.java:72|src/java/main/org/apache/zookeeper/server/persistence/FileTxnLog.java:75|src/java/main/org/apache/zookeeper/server/persistence/FileTxnLog.java:83|src/java/main/org/apache/zookeeper/server/persistence/FileTxnLog.java:86|src/java/main/org/apache/zookeeper/server/persistence/FileTxnLog.java:89|src/java/main/org/apache/zookeeper/server/persistence/FileTxnLog.java:191|src/java/main/org/apache/zookeeper/server/persistence/FileTxnLog.java:196|src/java/main/org/apache/zookeeper/server/persistence/FileTxnLog.java:197|src/java/main/org/apache/zookeeper/server/persistence/FileTxnLog.java:199|src/java/main/org/apache/zookeeper/server/persistence/FileTxnLog.java:200|src/java/main/org/apache/zookeeper/server/persistence/FileTxnLog.java:201|src/java/main/org/apache/zookeeper/server/persistence/FileTxnLog.java:202|src/java/main/org/apache/zookeeper/server/persistence/FileTxnLog.java:203|src/java/main/org/apache/zookeeper/server/persistence/FileTxnLog.java:204|src/java/main/org/apache/zookeeper/server/persistence/FileTxnLog.java:205|src/java/main/org/apache/zookeeper/server/persistence/FileTxnLog.java:206|src/java/main/org/apache/zookeeper/server/persistence/FileTxnLog.java:208|src/java/main/org/apache/zookeeper/server/persistence/FileTxnLog.java:209|src/java/main/org/apache/zookeeper/server/persistence/FileTxnLog.java:210|src/java/main/org/apache/zookeeper/server/persistence/FileTxnLog.java:211|src/java/main/org/apache/zookeeper/server/persistence/FileTxnLog.java:212|src/java/main/org/apache/zookeeper/server/persistence/FileTxnLog.java:213|src/java/main/org/apache/zookeeper/server/persistence/FileTxnLog.java:214|src/java/main/org/apache/zookeeper/server/persistence/FileTxnLog.java:215|src/java/main/org/apache/zookeeper/server/persistence/FileTxnLog.java:216|src/java/main/org/apache/zookeeper/server/persistence/FileTxnLog.java:217|src/java/main/org/apache/zookeeper/server/persistence/FileTxnLog.java:218|src/java/main/org/apache/zookeeper/server/persistence/FileTxnLog.java:219|src/java/main/org/apache/zookeeper/server/persistence/FileTxnLog.java:220|src/java/main/org/apache/zookeeper/server/persistence/FileTxnLog.java:221|src/java/main/org/apache/zookeeper/server/persistence/FileTxnLog.java:222|src/java/main/org/apache/zookeeper/server/persistence/FileTxnLog.java:223|src/java/main/org/apache/zookeeper/server/persistence/FileTxnLog.java:224|src/java/main/org/apache/zookeeper/server/persistence/FileTxnLog.java:225|src/java/main/org/apache/zookeeper/server/persistence/FileTxnLog.java:226|src/java/main/org/apache/zookeeper/server/persistence/FileTxnLog.java:227|src/java/main/org/apache/zookeeper/server/persistence/FileTxnLog.java:228|src/java/main/org/apache/zookeeper/server/persistence/FileTxnLog.java:229|src/java/main/org/apache/zookeeper/server/persistence/FileTxnLog.java:231|src/java/main/org/apache/zookeeper/server/persistence/FileTxnLog.java:233|src/java/main/org/apache/zookeeper/server/persistence/FileTxnLog.java:451|src/java/main/org/apache/zookeeper/server/persistence/FileTxnLog.java:453|src/java/main/org/apache/zookeeper/server/persistence/FileTxnLog.java:454|src/java/main/org/apache/zookeeper/server/persistence/FileTxnLog.java:478|src/java/main/org/apache/zookeeper/server/persistence/FileTxnLog.java:630
71dbe74065d7139e216981009ad3d62c7a120761:src/java/main/org/apache/zookeeper/client/StaticHostProvider.java:141|src/java/main/org/apache/zookeeper/client/StaticHostProvider.java:142|src/java/main/org/apache/zookeeper/client/StaticHostProvider.java:143
fce8286684f96441ce7cdf0a9a337027a041e51b:src/java/main/org/apache/zookeeper/server/ZKDatabase.java:83|src/java/main/org/apache/zookeeper/server/ZKDatabase.java:272|src/java/main/org/apache/zookeeper/server/ZKDatabase.java:273|src/java/main/org/apache/zookeeper/server/quorum/LearnerHandler.java:674
6ab74115e2576a81f649f12708ebc4d4efdb15ac:src/java/main/org/apache/zookeeper/server/quorum/QuorumPeer.java:1767|src/java/main/org/apache/zookeeper/server/quorum/QuorumPeerConfig.java:363
2d843405bcf4ca119e42163b4521ca62deba24c3:src/contrib/zooinspector/src/java/org/apache/zookeeper/retry/ZooKeeperRetry.java:225|src/java/main/org/apache/zookeeper/ZooKeeper.java:2366|src/java/main/org/apache/zookeeper/ZooKeeper.java:2373|src/java/main/org/apache/zookeeper/ZooKeeper.java:2375|src/java/main/org/apache/zookeeper/ZooKeeper.java:2376|src/java/main/org/apache/zookeeper/ZooKeeper.java:2377|src/java/main/org/apache/zookeeper/ZooKeeper.java:2400
ca22b3db19371f6b0f5507b7dd80b283cddc7700:src/java/main/org/apache/zookeeper/server/quorum/Learner.java:373|src/java/main/org/apache/zookeeper/server/quorum/Learner.java:402
822e51a01201fc56e810aacf36f828cf226c45e3:src/java/main/org/apache/zookeeper/server/auth/SASLAuthenticationProvider.java:41|src/java/main/org/apache/zookeeper/server/auth/SASLAuthenticationProvider.java:42|src/java/main/org/apache/zookeeper/server/auth/SASLAuthenticationProvider.java:43|src/java/main/org/apache/zookeeper/server/auth/SASLAuthenticationProvider.java:44|src/java/main/org/apache/zookeeper/server/auth/SASLAuthenticationProvider.java:45
b9ff4935bf8cb6d85229eb5012b9b5d0a8049e79:src/java/main/org/apache/zookeeper/server/DataTree.java:226|src/java/main/org/apache/zookeeper/server/DataTree.java:227|src/java/main/org/apache/zookeeper/server/DataTree.java:228|src/java/main/org/apache/zookeeper/server/DataTree.java:230|src/java/main/org/apache/zookeeper/server/DataTree.java:256|src/java/main/org/apache/zookeeper/server/DataTree.java:409|src/java/main/org/apache/zookeeper/server/DataTree.java:410|src/java/main/org/apache/zookeeper/server/DataTree.java:435|src/java/main/org/apache/zookeeper/server/DataTree.java:436|src/java/main/org/apache/zookeeper/server/DataTree.java:1330|src/java/main/org/apache/zookeeper/server/DataTree.java:1333|src/java/main/org/apache/zookeeper/server/DataTree.java:1337|src/java/main/org/apache/zookeeper/server/DataTree.java:1338|src/java/main/org/apache/zookeeper/server/DataTree.java:1342|src/java/main/org/apache/zookeeper/server/DataTree.java:1346|src/java/main/org/apache/zookeeper/server/DataTree.java:1347|src/java/main/org/apache/zookeeper/server/DataTree.java:1351|src/java/main/org/apache/zookeeper/server/DataTree.java:1354|src/java/main/org/apache/zookeeper/server/DataTree.java:1358|src/java/main/org/apache/zookeeper/server/DataTree.java:1359|src/java/main/org/apache/zookeeper/server/DataTree.java:1360|src/java/main/org/apache/zookeeper/server/ZKDatabase.java:573|src/java/main/org/apache/zookeeper/server/ZKDatabase.java:606
90495d96131cc4cf6a8f2533c06b796136234c35:src/java/main/org/apache/zookeeper/server/PrepRequestProcessor.java:657|src/java/main/org/apache/zookeeper/server/PrepRequestProcessor.java:660
ac544de9b63f536d4a38fc9413782d52a0accf75:src/java/main/org/apache/zookeeper/cli/DelQuotaCommand.java:98|src/java/main/org/apache/zookeeper/cli/DeleteCommand.java:83|src/java/main/org/apache/zookeeper/cli/RemoveWatchesCommand.java:65|src/java/main/org/apache/zookeeper/cli/SetQuotaCommand.java:94|src/java/main/org/apache/zookeeper/cli/SetQuotaCommand.java:98|src/java/main/org/apache/zookeeper/cli/SyncCommand.java:60|src/java/main/org/apache/zookeeper/cli/SyncCommand.java:62|src/java/main/org/apache/zookeeper/cli/SyncCommand.java:63|src/java/main/org/apache/zookeeper/cli/SyncCommand.java:64|src/java/main/org/apache/zookeeper/cli/SyncCommand.java:65
7dfaeb4de04321227b48f9b6a296566067e8fc97:src/java/main/org/apache/zookeeper/server/quorum/Leader.java:727|src/java/main/org/apache/zookeeper/server/quorum/Leader.java:740
d34a94963678e8176617603e22247c6109bc8b79:src/java/main/org/apache/zookeeper/server/quorum/QuorumZooKeeperServer.java:65|src/java/main/org/apache/zookeeper/server/quorum/QuorumZooKeeperServer.java:69|src/java/main/org/apache/zookeeper/server/quorum/QuorumZooKeeperServer.java:70|src/java/main/org/apache/zookeeper/server/quorum/QuorumZooKeeperServer.java:71|src/java/main/org/apache/zookeeper/server/quorum/QuorumZooKeeperServer.java:72|src/java/main/org/apache/zookeeper/server/quorum/QuorumZooKeeperServer.java:73|src/java/main/org/apache/zookeeper/server/quorum/QuorumZooKeeperServer.java:74|src/java/main/org/apache/zookeeper/server/quorum/QuorumZooKeeperServer.java:75
434fecb1192c7c5968fa396ab217447716a44d7f:src/java/main/org/apache/zookeeper/server/NettyServerCnxn.java:114
a859410aea35dfef5fa54c99fb8a5bfc81f1a46b:src/java/main/org/apache/zookeeper/server/ZooKeeperServer.java:1090|src/java/main/org/apache/zookeeper/server/ZooKeeperServer.java:1091|src/java/main/org/apache/zookeeper/server/ZooKeeperServer.java:1092|src/java/main/org/apache/zookeeper/server/ZooKeeperServer.java:1093|src/java/main/org/apache/zookeeper/server/ZooKeeperServer.java:1094|src/java/main/org/apache/zookeeper/server/ZooKeeperServer.java:1095|src/java/main/org/apache/zookeeper/server/ZooKeeperServer.java:1096|src/java/main/org/apache/zookeeper/server/ZooKeeperServer.java:1097|src/java/main/org/apache/zookeeper/server/ZooKeeperServer.java:1098|src/java/main/org/apache/zookeeper/server/ZooKeeperServer.java:1099|src/java/main/org/apache/zookeeper/server/ZooKeeperServer.java:1100|src/java/main/org/apache/zookeeper/server/ZooKeeperServer.java:1101|src/java/main/org/apache/zookeeper/server/ZooKeeperServer.java:1102|src/java/main/org/apache/zookeeper/server/ZooKeeperServer.java:1103|src/java/main/org/apache/zookeeper/server/ZooKeeperServer.java:1105