9879fa6122d325951d98f8bc601ff64dd04c2c67:src/java/org/apache/cassandra/config/DatabaseDescriptor.java|src/java/org/apache/cassandra/hadoop/ColumnFamilyOutputFormat.java|src/java/org/apache/cassandra/thrift/TBinaryProtocol.java
7d36c1e025abbcdd4ed50c580bbd990fd262bbed:src/java/org/apache/cassandra/utils/SlabAllocator.java
2762f484c90152eb23c641732ecf6f650e937bfc:src/java/org/apache/cassandra/net/OutboundTcpConnection.java
ffc9bece4854c8f6aae7f672e262897d06fce50d:src/java/org/apache/cassandra/db/ColumnFamilyStore.java|src/java/org/apache/cassandra/db/MeteredFlusher.java|src/java/org/apache/cassandra/service/AbstractCassandraDaemon.java
ba06e4128b4cc66edb3e8e3ea02ce5cb5eae211c:src/java/org/apache/cassandra/io/sstable/Descriptor.java
577cb2c7600c6e26f5a2a252cb157769e861ece9:src/java/org/apache/cassandra/db/HintedHandOffManager.java
6bddbb2dd242cacd50cf1b98643385c7b22c1939:src/java/org/apache/cassandra/service/AntiEntropyService.java|src/java/org/apache/cassandra/tools/NodeCmd.java
9c8d949301f1f082362225934cfeddd0d2cbe982:src/java/org/apache/cassandra/db/compaction/LazilyCompactedRow.java
11d1414628c18d07f7449af0aa9374406077b9a8:src/java/org/apache/cassandra/net/OutboundTcpConnectionPool.java
f930eb79cd4567efaeca44142bf8ea93a181f37e:src/java/org/apache/cassandra/io/sstable/SSTableReader.java
3cc8656f8fbb67c7e665fe27642076ae0109c2b5:src/java/org/apache/cassandra/db/compaction/CompactionTask.java
f481a39167086ee4958d88b49e87ade091d4d858:src/java/org/apache/cassandra/db/compaction/CompactionManager.java
55f936f1da13dc732da52735f1d1becc18546b0b:src/java/org/apache/cassandra/io/compress/CompressedRandomAccessReader.java
8a3b29174b7b6ed921b93fe604fac95afd1d8924:src/java/org/apache/cassandra/thrift/ThriftValidation.java
3d01ec7e752ec31761ec45637258bc57c6d0f4cc:src/java/org/apache/cassandra/utils/Throttle.java
1a66ee9a94d67ae475ae287b280517aa9e3cc318:src/java/org/apache/cassandra/io/compress/CompressionParameters.java
134e8c78d2acff21d960b8d78c7efd6bff5c6b29:src/java/org/apache/cassandra/db/compaction/AbstractCompactedRow.java
dd1633ba0bf0e15547f5b7048271ab7334e862f0:src/java/org/apache/cassandra/net/MessagingService.java
d909fb4faf7de41b3cf19f19b48f962ab0e6fb32:src/java/org/apache/cassandra/hadoop/ColumnFamilyRecordReader.java
110f69c3b857483162c7e86c7ad63061a13dab7f:src/java/org/apache/cassandra/service/StorageService.java
73f479c287d3f8b399926abea7d771e34c79f623:src/java/org/apache/cassandra/db/CounterColumn.java|src/java/org/apache/cassandra/db/CounterMutationVerbHandler.java|src/java/org/apache/cassandra/service/AbstractWriteResponseHandler.java|src/java/org/apache/cassandra/service/DatacenterSyncWriteResponseHandler.java|src/java/org/apache/cassandra/service/DatacenterWriteResponseHandler.java|src/java/org/apache/cassandra/service/StorageProxy.java|src/java/org/apache/cassandra/service/WriteResponseHandler.java
6f31aba0e1183a9ad3977bd8e0ed97b42bc7d1d5:src/java/org/apache/cassandra/db/RowIteratorFactory.java|src/java/org/apache/cassandra/io/sstable/SSTableScanner.java
95fb613bf996c715392f9aa1f491609b6acaeff5:src/java/org/apache/cassandra/thrift/CassandraServer.java
533bf3f6a8c3a1802c5a88a79dba34027a60075a:src/java/org/apache/cassandra/hadoop/ColumnFamilyInputFormat.java|src/java/org/apache/cassandra/hadoop/ColumnFamilyRecordReader.java|src/java/org/apache/cassandra/hadoop/ColumnFamilySplit.java|src/java/org/apache/cassandra/service/StorageService.java|src/java/org/apache/cassandra/thrift/CassandraServer.java
9d7ba39cbb6f93759f654c7df1771b52354dec36:src/java/org/apache/cassandra/cql/jdbc/JdbcDate.java
4d637f1f1b62593e0c52e49966e3f286bf65c3e9:src/java/org/apache/cassandra/thrift/CassandraServer.java
b8874ad1a892cfc45c87ed1187d43df356f48315:src/java/org/apache/cassandra/db/compaction/LeveledCompactionStrategy.java
936302cb3876df87e6afb45c775850eb851e9b18:src/java/org/apache/cassandra/service/StorageProxy.java
0d12493721fdf3212ecfe58a341ca07ba83453cd:src/java/org/apache/cassandra/db/HintedHandOffManager.java
6d13ce69b68a0f88fc2b13b2302c70294e078223:src/java/org/apache/cassandra/db/compaction/LeveledManifest.java
d170a7a99dfc04499e8bb8cbca0fc4e14aa1fc26:src/java/org/apache/cassandra/config/Config.java
93bd3d896f828b1c2f8b02d7361f33aa67fcbc2b:src/java/org/apache/cassandra/locator/NetworkTopologyStrategy.java
0307dca20d9d641d2c715772d3a4b33f1c6642da:src/java/org/apache/cassandra/cql/UpdateStatement.java
cad32377d71d0f711f5f98eb72fc6828d92bc318:src/java/org/apache/cassandra/utils/ExpiringMap.java
103d9fba48cf2c486b6bcde11877c1ffb1158aba:src/java/org/apache/cassandra/utils/ExpiringMap.java
db45670a3e0650738fee52ebba5bbe9b43af26c0:src/java/org/apache/cassandra/utils/ExpiringMap.java
98708d817f8df91be4cfcba06c9523027fab881c:src/java/org/apache/cassandra/cli/CliClient.java
e395307893d93a01e976656f6e0f5cee1acf3c3b:src/java/org/apache/cassandra/utils/CLibrary.java
4764a379e295bdc68612359a26bf96a8833823c8:src/java/org/apache/cassandra/db/HintedHandOffManager.java
ec76baf0dd2a976542106cd5e58652c3d36ffd23:src/java/org/apache/cassandra/service/AntiEntropyService.java
aa81f84c38f2c1fcad08eae955bec031341f8f75:src/java/org/apache/cassandra/cache/AutoSavingCache.java|src/java/org/apache/cassandra/db/compaction/CompactionManager.java
197511f0b1b10b67fdd4942fe6f9c88adcad6f57:src/java/org/apache/cassandra/hadoop/ColumnFamilyRecordReader.java
988c4132d77b40740b93a9eaca8fb54318bf8a97:src/java/org/apache/cassandra/dht/BootStrapper.java|src/java/org/apache/cassandra/service/StorageService.java
953bcb345d46eb982bf97a285c00c4dadbedbf7a:src/java/org/apache/cassandra/hadoop/ColumnFamilyRecordReader.java
8b6ce324bf35210196e0f0ec0665ba87b0f3991f:src/java/org/apache/cassandra/hadoop/ColumnFamilyRecordReader.java
2714056562a4435da48f5a12db18c60ea6551f41:src/java/org/apache/cassandra/config/DatabaseDescriptor.java|src/java/org/apache/cassandra/io/util/MmappedSegmentedFile.java
0819ad144c8e3e4c035f8254743ec9cd1f82b919:src/java/org/apache/cassandra/service/MigrationManager.java|src/java/org/apache/cassandra/service/StorageService.java
cc0be1b40007ef4b653e4ad6bc4dbe0438b97785:src/java/org/apache/cassandra/db/ColumnFamilyStore.java|src/java/org/apache/cassandra/db/compaction/SizeTieredCompactionStrategy.java|src/java/org/apache/cassandra/tools/NodeProbe.java
ff1ba870726d9c0de24ff8dad3e23aa96465290e:src/java/org/apache/cassandra/db/SystemTable.java|src/java/org/apache/cassandra/service/StorageService.java
51a9fd131a815bf4d368d89b0961429a1d51a532:src/java/org/apache/cassandra/service/MigrationManager.java
be969899c954751f861b3861b3b709be56270ccd:src/java/org/apache/cassandra/db/ColumnFamilyStore.java
67dec69f53d2bfd3818fea4ede40e5d5a6b2356b:src/java/org/apache/cassandra/db/AbstractColumnContainer.java|src/java/org/apache/cassandra/db/Memtable.java
5bcfcbc3ed1bbaadcd0f6e373d0d207db38ec6c2:src/java/org/apache/cassandra/db/IColumn.java|src/java/org/apache/cassandra/db/IColumnContainer.java
fbb5ec0374e1a5f1b24680f1604b6e9201fb535f:src/java/org/apache/cassandra/db/compaction/CompactionIterable.java
8a3bb80e0dfff6bfc0fba195a38baf9be7d443ca:src/java/org/apache/cassandra/db/compaction/CompactionManager.java
0627c8aaec966d01500f2bb957aaefb9873fff38:src/java/org/apache/cassandra/cache/AutoSavingCache.java
98dc41393fc6cc2b2b8756f6d8b33f86c45c0726:src/java/org/apache/cassandra/tools/SSTableExport.java
a846cd659ee1f3f1adcfc9dbf40e63c05ea8cde2:src/java/org/apache/cassandra/thrift/CustomTHsHaServer.java
eacdca02dd400c514278a2e0665f3878298f2c7f:src/java/org/apache/cassandra/service/StorageService.java
8128119a04f04a89efaf3808d5ebcc4a06cc12a7:src/java/org/apache/cassandra/hadoop/ColumnFamilyRecordReader.java
45c8f53a2c42f48317110908734119a7cb24baf1:src/java/org/apache/cassandra/locator/AbstractNetworkTopologySnitch.java
f74ed12a70ba0e59efef20a2207ef6bf4df0ae04:src/java/org/apache/cassandra/db/compaction/LeveledManifest.java
6352edb3fe0a3a678e83ba11002e4cdde2cac468:src/java/org/apache/cassandra/db/compaction/AbstractCompactionIterable.java|src/java/org/apache/cassandra/db/compaction/CompactionController.java|src/java/org/apache/cassandra/db/compaction/CompactionManager.java|src/java/org/apache/cassandra/db/index/SecondaryIndexBuilder.java
edfc06fdd0794831cf7d1401fa98ff38bb4e4210:src/java/org/apache/cassandra/cql/QueryProcessor.java
1d9b7f5597f2cd090e312e270431ab56c81de9d9:src/java/org/apache/cassandra/cache/AutoSavingCache.java|src/java/org/apache/cassandra/db/compaction/AbstractCompactionIterable.java|src/java/org/apache/cassandra/db/compaction/CompactionInfo.java|src/java/org/apache/cassandra/db/compaction/CompactionManager.java|src/java/org/apache/cassandra/db/index/SecondaryIndexBuilder.java
271761038ce1b77eea05b96f1226016b45f5f3d0:src/java/org/apache/cassandra/db/compaction/SizeTieredCompactionStrategy.java
1bfb68518a20abdfd7fd1c3e3422df9214df6b05:src/java/org/apache/cassandra/db/ColumnFamilyStore.java
00a553438623945117066d4adfc2826c17d59ccb:src/java/org/apache/cassandra/db/ColumnFamilyStore.java
b5f99a3364a6b0a8531d8bb1c240a8f0603b4f56:src/java/org/apache/cassandra/service/StorageService.java
e515e4b25b4839d8c15fbf0b747185d2fa93ca66:src/java/org/apache/cassandra/db/compaction/LeveledManifest.java
02672936f635c93e84ed6625bb994e1628da5a9b:src/java/org/apache/cassandra/cache/ICache.java
d90f0f3e7a2597a4327d39b3047bd34ab9af0c70:src/java/org/apache/cassandra/db/compaction/LeveledCompactionStrategy.java
827de3f2099065c2b6ebff3907155d42861dc5b1:src/java/org/apache/cassandra/service/StorageService.java
452619cd07ca7985bff6f6fa8fe6f9764ea7fa4a:src/java/org/apache/cassandra/tools/NodeCmd.java
c1148cec0d24532b213dd3e3c2f50d0cce4ca964:src/java/org/apache/cassandra/io/sstable/Descriptor.java|src/java/org/apache/cassandra/io/sstable/SSTableMetadata.java
abb39c2bc4f985b848c07d181b45efd378b4795c:src/java/org/apache/cassandra/config/DatabaseDescriptor.java|src/java/org/apache/cassandra/db/Table.java|src/java/org/apache/cassandra/db/compaction/CompactionTask.java
dfdf89cbc93917052aac5b9e1ed7581a1d026fa3:src/java/org/apache/cassandra/db/ColumnFamily.java
48a22695f471f7477bc015db8113d777a36406c1:src/java/org/apache/cassandra/db/ColumnFamily.java
3a04d85488b32c106ccfec76092b187f5728b3dd:src/java/org/apache/cassandra/db/CollationController.java
cb67c98d574d941819a127bb60033fbbf34e511f:tools/stress/src/org/apache/cassandra/stress/Stress.java|tools/stress/src/org/apache/cassandra/stress/StressAction.java
10a64bd681c8f7e213fc74f04ac598cad2427464:src/java/org/apache/cassandra/io/sstable/AbstractSSTableSimpleWriter.java|src/java/org/apache/cassandra/io/sstable/SSTableSimpleUnsortedWriter.java|src/java/org/apache/cassandra/io/sstable/SSTableSimpleWriter.java
c738813098e4306f6e102526121820dbbb3ee648:src/java/org/apache/cassandra/locator/PropertyFileSnitch.java
97aa922a7476dce06121ae289877abccf161afae:src/java/org/apache/cassandra/hadoop/ColumnFamilyInputFormat.java|src/java/org/apache/cassandra/hadoop/ColumnFamilyRecordReader.java|src/java/org/apache/cassandra/thrift/ThriftValidation.java
fd3bfac6cbc487e36ac1c39740c5897e350d0d16:src/java/org/apache/cassandra/db/Memtable.java
092dc586f556b1c2bef048d9ee8672240a31f442:src/java/org/apache/cassandra/db/compaction/AbstractCompactionIterable.java|src/java/org/apache/cassandra/db/compaction/CompactionIterable.java|src/java/org/apache/cassandra/db/compaction/ParallelCompactionIterable.java
5923d32959ff419821dbb7fb36114a0604324498:src/java/org/apache/cassandra/db/commitlog/CommitLog.java|src/java/org/apache/cassandra/utils/CLibrary.java|src/java/org/apache/cassandra/utils/FBUtilities.java
25da034fb3bb8edb393ae7908ee0d292efbb4ed9:tools/stress/src/org/apache/cassandra/stress/Stress.java|tools/stress/src/org/apache/cassandra/stress/StressAction.java
17d6354f65592de48525764da4817d03c1e0da1d:src/java/org/apache/cassandra/cli/CliClient.java|src/java/org/apache/cassandra/cli/CliCompiler.java
2b77ef61cc119fbaf76080f5d6e6083571e7b02c:interface/thrift/gen-java/org/apache/cassandra/thrift/CfDef.java
4a9634a31ea7bbdf3b6c0173a94e6ab3911bc989:src/java/org/apache/cassandra/tools/NodeProbe.java
135513cf9b95edadf7ab52be8b05c2d83019f3cd:src/java/org/apache/cassandra/utils/ByteBufferUtil.java
f72738125339c21a6981ecd2bfe86035244e8257:src/java/org/apache/cassandra/thrift/CustomTThreadPoolServer.java
b6849375151f79d0aa708a990dc9daef567dfcb5:src/java/org/apache/cassandra/service/StorageService.java
ed5cac1d2ab18f03ec2fe211c46b5382729b4c4d:src/java/org/apache/cassandra/service/MigrationManager.java|src/java/org/apache/cassandra/service/StorageService.java
6ad995e8fa7703e082ea9ce67dc4c1ed0b1fd18a:src/java/org/apache/cassandra/streaming/IncomingStreamReader.java|src/java/org/apache/cassandra/streaming/StreamInSession.java
1d81765daa1360aa361c12774838cd705ddc4116:src/java/org/apache/cassandra/net/OutboundTcpConnection.java
c0c31ed0f654da1a73aeae4e51440332495fdbec:src/java/org/apache/cassandra/gms/FailureDetector.java
3de845426aebaba733d616f7e6426b2a6c410a3e:src/java/org/apache/cassandra/net/MessagingService.java|src/java/org/apache/cassandra/service/StorageService.java
b168f3e294e7db6abfbfda777a567acd76bfa863:src/java/org/apache/cassandra/service/StorageService.java
5977e7b6d61a9dab2a6e699b4cb75eb9d93cffc8:src/java/org/apache/cassandra/service/StorageService.java
a3d91dc9d67572e16d9ad92f22b89eb969373899:src/java/org/apache/cassandra/locator/AbstractReplicationStrategy.java
8145c83566450feb68a12352ac88efe9983ec266:src/java/org/apache/cassandra/locator/AbstractReplicationStrategy.java|src/java/org/apache/cassandra/locator/TokenMetadata.java
e01224ede63e941fffa7b9b3906c1d54fb699bea:src/java/org/apache/cassandra/gms/FailureDetector.java
3d58c5ae183b4a4bd0dbf099849ded894e2f53a5:src/java/org/apache/cassandra/db/SystemTable.java
7793a85214d04c6c2bd6a44ce1e9e5767fe9226d:src/java/org/apache/cassandra/utils/FBUtilities.java
59bf44dd94939cea513a74250f6002357d1f9f2c:src/java/org/apache/cassandra/db/HintedHandOffManager.java
351d43ef120a725cf83d29f80fd243ad9fc30fc2:src/java/org/apache/cassandra/service/StorageService.java
d40f3c8d7f826e88c4e2d23dfa2712b258b9857f:src/java/org/apache/cassandra/db/DataTracker.java
7290abd198d6c63f1109094cf237d9c84f617f7d:src/java/org/apache/cassandra/config/CFMetaData.java
92b3622dc219798b3bacce6f37eb1d5885bafeb4:src/java/org/apache/cassandra/dht/BootStrapper.java
d73380e319c663d5bff23a7730dcf97cbd323970:src/java/org/apache/cassandra/locator/TokenMetadata.java
bb3ec4ce9ec020d0bf7963517f802c2b86e9047a:src/java/org/apache/cassandra/gms/Gossiper.java|src/java/org/apache/cassandra/service/StorageProxy.java
fcc51ea49bb45b5862acdb458a5c9a96880597bc:src/java/org/apache/cassandra/utils/obs/OpenBitSet.java
7d45d2bde3724a15a9e0f68bb047a41853ccd340:src/java/org/apache/cassandra/db/SystemTable.java
299396537102b4ac5bf6d40952a1b6ef83ce3662:src/java/org/apache/cassandra/gms/Gossiper.java
d735cfdcc9aab8c196035672d69dca0183ee45d3:src/java/org/apache/cassandra/dht/OrderPreservingPartitioner.java
ab8a28e365da8ef515a40e838e773d67ad92a282:src/java/org/apache/cassandra/io/sstable/SSTableSimpleUnsortedWriter.java
b0107843c41d1d82e7631f2d5557e67c73c6e51b:src/java/org/apache/cassandra/db/SystemTable.java
8c2a28050f67dbd9949d28a9e68a256d0658d036:src/java/org/apache/cassandra/cli/CliMain.java
33a3d2ca57e855ff5484fb039f14d424132db93b:src/java/org/apache/cassandra/hadoop/ColumnFamilyRecordReader.java
fbe8a6eb213ee3558be701c73c31a0da79446657:src/java/org/apache/cassandra/concurrent/DebuggableThreadPoolExecutor.java|src/java/org/apache/cassandra/net/MessagingService.java|src/java/org/apache/cassandra/service/MigrationManager.java
b1d7405fd1263a04d8cc4bbfcba3ec1928b75738:src/java/org/apache/cassandra/db/RowMutationVerbHandler.java|src/java/org/apache/cassandra/service/StorageProxy.java
843dc796ea5e80b003f6429a329ec04a9f1bfff4:src/java/org/apache/cassandra/tools/NodeCmd.java|src/java/org/apache/cassandra/tools/NodeProbe.java
aaf18bd08af50bbaae0954d78d5e6cbb684aded9:src/java/org/apache/cassandra/hadoop/ColumnFamilyInputFormat.java
03f0116611795836009ea488dd8035b70641ecb3:src/java/org/apache/cassandra/db/compaction/LeveledManifest.java
dac69926613f96fdbacd49ada869bded21d0e3ab:src/java/org/apache/cassandra/db/commitlog/BatchCommitLogExecutorService.java
ac19c121524c928ff6f3237e12a26e42766ae836:src/java/org/apache/cassandra/config/DatabaseDescriptor.java|src/java/org/apache/cassandra/hadoop/ColumnFamilyOutputFormat.java|src/java/org/apache/cassandra/thrift/TBinaryProtocol.java
8b96334a0c107216604d85d59ff50b1edbec89fa:src/java/org/apache/cassandra/db/ColumnFamilyStore.java|src/java/org/apache/cassandra/streaming/StreamingRepairTask.java
3950de9e830b8e5c21367ce98f7b34a5049dac00:src/java/org/apache/cassandra/dht/BytesToken.java
3b41d21d9b997530e48511e1d09ea904e8937bf0:src/java/org/apache/cassandra/db/compaction/CompactionManager.java
fbc4bbcecf9e2a9b6f305031bb3086dd11fbc509:src/java/org/apache/cassandra/service/AntiEntropyService.java
9793d6f32de5aab8b45fbf870104617e02bf3183:src/java/org/apache/cassandra/hadoop/ColumnFamilyRecordReader.java
debd8f0176038f6933978eb9b4f8ee6adc07b541:src/java/org/apache/cassandra/service/StorageService.java
262e006eb76ca7fce366fd51310a980fd5312837:src/java/org/apache/cassandra/net/OutboundTcpConnection.java
da93a1cfe483a1522b2c149d287279a74e43a8a9:src/java/org/apache/cassandra/cache/ConcurrentLinkedHashCache.java
4f75875c2ec1b5324d2c4afea5251fb02fadf268:src/java/org/apache/cassandra/io/sstable/IndexHelper.java
a143966e1cfe3f782f6237d67d216ef8bc2d4713:src/java/org/apache/cassandra/db/compaction/ParallelCompactionIterable.java|src/java/org/apache/cassandra/db/compaction/PrecompactedRow.java
6de0495e53adef564141eeb312d7e61e951a9ebc:examples/client_only/src/ClientOnlyExample.java|src/java/org/apache/cassandra/service/StorageService.java
9f18611775fc6c277ec1521d0bcd084bda4498ef:src/java/org/apache/cassandra/config/DatabaseDescriptor.java
0d51a5464c8e57a6ecf7b8593035786fcf53b52d:src/java/org/apache/cassandra/gms/Gossiper.java
c688125ba895c47ad04cb048187e162c4105892a:src/java/org/apache/cassandra/io/sstable/Descriptor.java
686f516ccb887fe977238b53b9be307b56432b8c:src/java/org/apache/cassandra/db/compaction/AbstractCompactionTask.java|src/java/org/apache/cassandra/db/compaction/CompactionManager.java|src/java/org/apache/cassandra/db/compaction/CompactionTask.java|src/java/org/apache/cassandra/db/compaction/LeveledCompactionStrategy.java
457b546e65b851d6ddac44148c66949558e9410b:src/java/org/apache/cassandra/cache/AutoSavingCache.java
1c79426ab86a1d26e7214d8d86b8eb24d67c0ab0:src/java/org/apache/cassandra/db/RowMutation.java
aa90c88be14b337714739cd857c12cad2a9fedeb:src/java/org/apache/cassandra/db/ColumnFamilyStore.java|src/java/org/apache/cassandra/db/SystemTable.java
43c9e8156a5b9ae3fd5fce07f885365538d6ca50:src/java/org/apache/cassandra/gms/Gossiper.java|src/java/org/apache/cassandra/service/StorageService.java
e6b6eaa583e8fc15f03c3e27664bf7fc06b3af0a:src/java/org/apache/cassandra/service/StorageService.java
1fac06a848013863f47067f8ff7f769a2a08e276:src/java/org/apache/cassandra/db/Table.java|src/java/org/apache/cassandra/service/StorageService.java
6487bc50bbe91b559906d90695c91f3d7f54fd2f:src/java/org/apache/cassandra/net/OutboundTcpConnection.java
1c2a69c3580c0f093e48e06aea06408fe6e9d942:src/java/org/apache/cassandra/db/compaction/CompactionManager.java
dac6048c50a8dff0b4522c669c2f7115876483eb:src/java/org/apache/cassandra/io/sstable/SSTableWriter.java
e19cdaa1f1c7eee106417ea8fa80058157db8720:src/java/org/apache/cassandra/utils/Throttle.java
de2495c2c9bf8d8387d241df2962ae52f092b145:src/java/org/apache/cassandra/service/StorageProxy.java
8c24d019fced1bb6039310c192208721462d280a:src/java/org/apache/cassandra/db/ColumnFamilyStore.java|src/java/org/apache/cassandra/db/ColumnFamilyStoreMBean.java|src/java/org/apache/cassandra/service/StorageService.java|src/java/org/apache/cassandra/service/StorageServiceMBean.java|src/java/org/apache/cassandra/tools/NodeProbe.java
309666b4dddd7e0292d8dfc5661901d9cb9fc549:src/java/org/apache/cassandra/service/StorageService.java
901a54a6d6c7b6f7276088e67b45f95dcc7b57f7:src/java/org/apache/cassandra/streaming/StreamHeader.java|src/java/org/apache/cassandra/streaming/StreamInSession.java|src/java/org/apache/cassandra/streaming/StreamOutSession.java|src/java/org/apache/cassandra/streaming/StreamReply.java
f5e3ae67c4a4fef6a541a8a06a9871810639a7ec:src/java/org/apache/cassandra/gms/Gossiper.java
a850abd16e2d87200e942e9523548f17ba3a6e7b:src/java/org/apache/cassandra/service/StorageService.java
b8de4885192e5d83a38be21ae0a17b59504e0d33:src/java/org/apache/cassandra/tools/NodeCmd.java
69ad77d8c6a1e2c78255d54477798d5619a3a84d:src/java/org/apache/cassandra/concurrent/Stage.java|src/java/org/apache/cassandra/concurrent/StageManager.java|src/java/org/apache/cassandra/service/StorageService.java
a58b87020b4315eab48482666450049fb7cf0674:src/java/org/apache/cassandra/tools/BulkLoader.java
f81864ebae0f7e098a21ab957921a7a3f4ad1b3f:src/java/org/apache/cassandra/io/util/FileUtils.java
e8438b808460ed2adaead034ee727f22671f157c:src/java/org/apache/cassandra/service/ClientState.java|src/java/org/apache/cassandra/service/SocketSessionManagementService.java|src/java/org/apache/cassandra/thrift/CassandraServer.java|src/java/org/apache/cassandra/thrift/CustomTHsHaServer.java|src/java/org/apache/cassandra/thrift/CustomTNonBlockingServer.java|src/java/org/apache/cassandra/thrift/TCustomNonblockingServerSocket.java
480cb2f5a29a271b91008becaa68a7c11caf2024:src/java/org/apache/cassandra/locator/PropertyFileSnitch.java
fe5fa0e81b4a90516a1b6a22d7952a72a9a541bb:src/java/org/apache/cassandra/hadoop/ColumnFamilyInputFormat.java
dc97a8ff524ce9fa56e3dc0932d9074006495596:src/java/org/apache/cassandra/db/CounterColumn.java|src/java/org/apache/cassandra/locator/TokenMetadata.java|src/java/org/apache/cassandra/service/AbstractWriteResponseHandler.java|src/java/org/apache/cassandra/service/DatacenterWriteResponseHandler.java|src/java/org/apache/cassandra/service/StorageProxy.java|src/java/org/apache/cassandra/service/WriteResponseHandler.java
c5df208327826dd197f1a9f743243bcd53de50f5:tools/stress/src/org/apache/cassandra/stress/Session.java
0388a3370ec0400ccee33e669a3dd635b708ea77:src/java/org/apache/cassandra/utils/CLibrary.java
e1201dff2c9c89ce2ff9a197ac5d99d9288c06e2:src/java/org/apache/cassandra/cql/jdbc/JdbcDate.java
978d7bb7d59492129aee2747308d55f949003b02:src/java/org/apache/cassandra/cql/jdbc/JdbcAscii.java|src/java/org/apache/cassandra/streaming/StreamingRepairTask.java|src/java/org/apache/cassandra/utils/ByteBufferUtil.java|src/java/org/apache/cassandra/utils/UUIDGen.java
3925aba84260063618bf85db6d51b409116f4050:src/java/org/apache/cassandra/config/Config.java|src/java/org/apache/cassandra/service/StorageProxy.java
71f5d91ab7825196990a2744cf3e40e654917d33:src/java/org/apache/cassandra/cli/CliClient.java|src/java/org/apache/cassandra/cli/CliMain.java|src/java/org/apache/cassandra/cql/QueryProcessor.java|src/java/org/apache/cassandra/thrift/CassandraServer.java
5577ff626bb38d419a3540e0c0ccb1a9d8b8680f:src/java/org/apache/cassandra/service/AbstractRowResolver.java|src/java/org/apache/cassandra/service/ReadCallback.java|src/java/org/apache/cassandra/service/StorageProxy.java
738bd9e1589151872db48c8b4f65b9a54a6c5847:src/java/org/apache/cassandra/hadoop/ColumnFamilyRecordReader.java
d569f873de40f0336a9a34e260c1942866e48950:src/java/org/apache/cassandra/tools/SSTableExport.java|src/java/org/apache/cassandra/tools/SSTableImport.java
9688a79d0c315395772d15d92e051d00e18b966b:src/java/org/apache/cassandra/locator/NetworkTopologyStrategy.java
893d1da990b4f31462ad241dc0c4b6a91cf3dbee:src/java/org/apache/cassandra/locator/AbstractReplicationStrategy.java|src/java/org/apache/cassandra/locator/TokenMetadata.java|src/java/org/apache/cassandra/service/StorageService.java
0240cc9dfaac62660af61bfee2df42f71a1d4b3e:src/java/org/apache/cassandra/thrift/CustomTHsHaServer.java
c82a9d9b96667cc2afeb2609fbff955b4232fc2b:src/java/org/apache/cassandra/gms/Gossiper.java|src/java/org/apache/cassandra/net/IncomingTcpConnection.java|src/java/org/apache/cassandra/net/MessagingService.java|src/java/org/apache/cassandra/net/OutboundTcpConnection.java|src/java/org/apache/cassandra/net/OutboundTcpConnectionPool.java|src/java/org/apache/cassandra/net/io/SerializerType.java
9383aebfcb911ff64787be750815193715f14900:src/java/org/apache/cassandra/db/ColumnFamilyStore.java
fb89e2be16f45f34c5e355de68003ef20505dd3e:src/java/org/apache/cassandra/io/sstable/Descriptor.java|src/java/org/apache/cassandra/streaming/StreamIn.java
f774b7fc396f4fec611247159023c58863de5f85:src/java/org/apache/cassandra/db/compaction/AbstractCompactionIterable.java|src/java/org/apache/cassandra/db/compaction/CompactionIterable.java|src/java/org/apache/cassandra/db/compaction/ParallelCompactionIterable.java
7a40abb6a5108688fb1b10c375bb751cbb782ea4:src/java/org/apache/cassandra/gms/EndpointState.java
6b927783ba0777d3dd7c2c3311b246a8dbce5b59:src/java/org/apache/cassandra/gms/Gossiper.java
732d1af866b91e5ba63e7e2a467d99d4cb90e11f:src/java/org/apache/cassandra/net/MessagingService.java
ffc0840d03014331035f24be3c76aa812973089f:src/java/org/apache/cassandra/locator/TokenMetadata.java
b84ed1176c015552550f30629e240c320a00001b:src/java/org/apache/cassandra/net/MessagingService.java
c4de752758c3cf7f5de5a92e4ede30e430a36255:src/java/org/apache/cassandra/locator/PropertyFileSnitch.java
1db386e46e451250b2375060f92093f670091c02:src/java/org/apache/cassandra/utils/Hex.java
ba9a69ea21b6cf2e70408ba62522a4a58b695e3f:src/java/org/apache/cassandra/gms/Gossiper.java
2c9b490c972a7d7bca698d03c2a212fcf22a7a63:src/java/org/apache/cassandra/gms/Gossiper.java
74bfa773a299f2f0c825096c9c6ec521a5073e69:src/java/org/apache/cassandra/db/compaction/PrecompactedRow.java
f44110c7fc2ab43fb4cb8d1ae3ac6aa52dcc8eea:src/java/org/apache/cassandra/hadoop/ColumnFamilyOutputFormat.java|src/java/org/apache/cassandra/io/IVersionedSerializer.java
7bff18357e1e9227c13016b1c5b5e1a71db4f811:src/java/org/apache/cassandra/db/commitlog/CommitLog.java
6e6a6c39794a06dfdaf7c5499e58b532188e7896:src/java/org/apache/cassandra/concurrent/DebuggableThreadPoolExecutor.java
91d61b3276ec5ffda85a99009a779f1ebcb4358a:src/java/org/apache/cassandra/tools/SSTableExport.java|src/java/org/apache/cassandra/tools/SSTableImport.java
51a1f232b42b4385df7f2aca42a97b4c5b02c077:src/java/org/apache/cassandra/service/GCInspector.java
1569bd9c4b7af1099a922f16e6873cdff6bf4f07:src/java/org/apache/cassandra/config/DatabaseDescriptor.java
9d06ea6f144c3a1327d9c1322f1543067852701e:src/java/org/apache/cassandra/db/marshal/AbstractCompositeType.java|src/java/org/apache/cassandra/db/marshal/DynamicCompositeType.java
706afc300d9b298cb9456671a514cc9580b94ecc:src/java/org/apache/cassandra/config/CFMetaData.java
0a20f5f170b3596e6e74bba7daddebd4c1f5963a:src/java/org/apache/cassandra/service/StorageService.java
c18ce589efdf480ad4623298ffb7038eb4091afb:src/java/org/apache/cassandra/io/compress/CompressedRandomAccessReader.java|src/java/org/apache/cassandra/io/util/AbstractDataInput.java|src/java/org/apache/cassandra/io/util/MappedFileDataInput.java|src/java/org/apache/cassandra/io/util/MemoryInputStream.java|src/java/org/apache/cassandra/io/util/RandomAccessReader.java
56e2b4ac02f31ff14be36d73597cfcf95fb4815e:src/java/org/apache/cassandra/thrift/CustomTThreadPoolServer.java
3050134c263f830240e3e9f56b675c3251e312ba:src/java/org/apache/cassandra/service/StorageProxy.java
4cf8a8a6c356889609f9ffb74d548a68e52ec506:src/java/org/apache/cassandra/hadoop/ColumnFamilyRecordWriter.java
249230834c2ce1ac169b2b3228d5d222f5ecacc2:src/java/org/apache/cassandra/hadoop/ColumnFamilyRecordWriter.java
d21c0c932c7d962feb958159578cf2cfb471a648:src/java/org/apache/cassandra/locator/DynamicEndpointSnitch.java
f007a35357da582e928dc1ac872e4ebb4c09b708:src/java/org/apache/cassandra/hadoop/ColumnFamilyInputFormat.java|src/java/org/apache/cassandra/hadoop/ColumnFamilyRecordReader.java|src/java/org/apache/cassandra/hadoop/ColumnFamilyRecordWriter.java
b9aece45e913fb20f9e04f3c5fdd02622ebb7898:src/java/org/apache/cassandra/hadoop/ColumnFamilyInputFormat.java|src/java/org/apache/cassandra/hadoop/ColumnFamilyRecordReader.java|src/java/org/apache/cassandra/hadoop/ColumnFamilyRecordWriter.java
16f99c5a2edd2df3ed9512d3598d60f845e58d19:src/java/org/apache/cassandra/utils/EstimatedHistogram.java
93bd89fbba7d76821d3d85ae371cb2e665176b6a:src/java/org/apache/cassandra/service/MigrationManager.java|src/java/org/apache/cassandra/service/StorageService.java
36af40925b3e8e01ede5ff6d7ed9a16046409fe3:src/java/org/apache/cassandra/io/sstable/Descriptor.java
07f85b139ffb2e40a32f06eb0942b5b614699e07:src/java/org/apache/cassandra/service/StorageService.java
c1c3d8f3f351a6834e5b02c12790d0d1163107bf:src/java/org/apache/cassandra/service/StorageService.java
1b2a190379141094a986495bd1386e720786c9b7:src/java/org/apache/cassandra/tools/BulkLoader.java
5d24c55335e91fde5470ce94306fde26272e2b44:src/java/org/apache/cassandra/db/compaction/CompactionManager.java
dbd1a727b7481a3dcd9867e3a6f7791c1095e12a:src/java/org/apache/cassandra/db/DataTracker.java|src/java/org/apache/cassandra/io/sstable/IndexSummary.java|src/java/org/apache/cassandra/io/sstable/SSTableReader.java
917bc05c9fe5397714025678e990160722807aa4:src/java/org/apache/cassandra/net/MessagingService.java
b45715665845f7d2b597adfc0fc9c055b271e8d0:src/java/org/apache/cassandra/gms/Gossiper.java
cf8fa6e11bf16ffed84a8805c4bc63077d6a7bcf:src/java/org/apache/cassandra/db/compaction/PrecompactedRow.java
36cdf34bd92ede5ad99447e10d90e6caa1fd743a:src/java/org/apache/cassandra/config/Config.java|src/java/org/apache/cassandra/config/DatabaseDescriptor.java|src/java/org/apache/cassandra/db/compaction/AbstractCompactedRow.java|src/java/org/apache/cassandra/db/compaction/CompactionController.java|src/java/org/apache/cassandra/db/compaction/CompactionIterable.java|src/java/org/apache/cassandra/db/compaction/LazilyCompactedRow.java|src/java/org/apache/cassandra/db/compaction/ParallelCompactionIterable.java|src/java/org/apache/cassandra/db/compaction/PrecompactedRow.java
d4b5b0dbc541b4b6249ccd1b507c777d7fc0bc4f:src/java/org/apache/cassandra/db/compaction/AbstractCompactedRow.java|src/java/org/apache/cassandra/db/compaction/CompactionController.java|src/java/org/apache/cassandra/db/compaction/LazilyCompactedRow.java
16bb89810df5d1b0d8c7262c1f6c426e36866372:src/java/org/apache/cassandra/gms/FailureDetector.java|src/java/org/apache/cassandra/utils/BoundedStatsDeque.java
c198b76c46e4beae45e2a98910322a8761b73684:src/java/org/apache/cassandra/service/StorageService.java
111c74ef94d4d75c19611ca3e77d7c54552810f0:src/java/org/apache/cassandra/net/MessagingService.java|src/java/org/apache/cassandra/service/AbstractWriteResponseHandler.java
53f7c328ae4aca0affaed4f0c73678011a4e152a:src/java/org/apache/cassandra/net/MessagingService.java
01a57eea841e51fb4a97329ab9fa0f59d0b826f6:src/java/org/apache/cassandra/io/util/SegmentedFile.java
20c419b9480e0e5b3c1da53a106b2a6760be35b9:src/java/org/apache/cassandra/service/StorageProxy.java
5a7cc11f29c69265d6302a54690476b7ef2de61a:src/java/org/apache/cassandra/io/util/BufferedSegmentedFile.java
2ccbe3c6f547511e79454b79cbef682ef8a6973a:src/java/org/apache/cassandra/dht/OrderPreservingPartitioner.java
06939dda2cb307fe5489c9b7ca83ebc259f6cee2:src/java/org/apache/cassandra/db/HintedHandOffManager.java|src/java/org/apache/cassandra/db/HintedHandOffManagerMBean.java
d881024eeff2406809732c7a24016e02ab129d34:src/java/org/apache/cassandra/io/sstable/SSTableLoader.java|src/java/org/apache/cassandra/service/StorageService.java|src/java/org/apache/cassandra/tools/BulkLoader.java
764bcd3f3da32da77deb052e1a22987d326e46e5:src/java/org/apache/cassandra/hadoop/ColumnFamilyRecordReader.java
67435b528dd474bd25fc90eaace6e6786f75ce04:src/java/org/apache/cassandra/config/CFMetaData.java|src/java/org/apache/cassandra/cql/QueryProcessor.java|src/java/org/apache/cassandra/cql/WhereClause.java
3ec4ff5ed3f362fc77f25c31ae16afbb46030624:src/java/org/apache/cassandra/db/compaction/ParallelCompactionIterable.java|src/java/org/apache/cassandra/service/ReadCallback.java|src/java/org/apache/cassandra/service/TruncateResponseHandler.java|src/java/org/apache/cassandra/utils/SimpleCondition.java
22be25b89c22f3a77a73b20ce1b819b257914d20:src/java/org/apache/cassandra/config/DatabaseDescriptor.java
98b9cb47f991937b5e92178856bb6017ff6c13c0:src/java/org/apache/cassandra/db/compaction/LeveledManifest.java
6f467d920fc79569dd39cd651889b44efb1fd332:src/java/org/apache/cassandra/utils/FBUtilities.java|tools/stress/src/org/apache/cassandra/stress/Session.java
94d42a9b0a38105a811bc8b73632518fa65ba31a:src/java/org/apache/cassandra/db/CollationController.java
740e344c7fc1ee0283744fefd659db999b48c71f:src/java/org/apache/cassandra/db/compaction/CompactionManager.java
c33ccd9e38cae018022bec16e66489428bfc8912:src/java/org/apache/cassandra/io/sstable/IndexSummary.java
b6be6835d15c1c709d503d7f03aad2355ea60f40:src/java/org/apache/cassandra/tools/SSTableExport.java
7f2c3a8e40f97c626def5c510d77c1da3d9ae926:src/java/org/apache/cassandra/config/DatabaseDescriptor.java|src/java/org/apache/cassandra/db/IndexScanCommand.java|src/java/org/apache/cassandra/db/RowMutation.java|src/java/org/apache/cassandra/db/SystemTable.java|src/java/org/apache/cassandra/db/columniterator/SSTableNamesIterator.java|src/java/org/apache/cassandra/dht/AbstractByteOrderedPartitioner.java|src/java/org/apache/cassandra/dht/IPartitioner.java|src/java/org/apache/cassandra/dht/LocalPartitioner.java|src/java/org/apache/cassandra/dht/OrderPreservingPartitioner.java|src/java/org/apache/cassandra/io/sstable/Descriptor.java|src/java/org/apache/cassandra/io/sstable/SSTableIdentityIterator.java|src/java/org/apache/cassandra/io/sstable/SSTableMetadata.java|src/java/org/apache/cassandra/io/sstable/SSTableReader.java|src/java/org/apache/cassandra/service/IndexScanVerbHandler.java|src/java/org/apache/cassandra/service/MigrationManager.java|src/java/org/apache/cassandra/service/StorageService.java|src/java/org/apache/cassandra/streaming/IncomingStreamReader.java|src/java/org/apache/cassandra/utils/LegacyBloomFilter.java|src/java/org/apache/cassandra/utils/LegacyBloomFilterSerializer.java
6968f68cd7c8d4a1ab4a6d4638c547e9de33a560:src/java/org/apache/cassandra/db/compaction/LeveledCompactionStrategy.java|src/java/org/apache/cassandra/db/compaction/SizeTieredCompactionStrategy.java
75d5639014a4680f2a734b4ec9b452ed0cfff058:src/java/org/apache/cassandra/db/ColumnFamilyStore.java|src/java/org/apache/cassandra/db/compaction/LeveledManifest.java|src/java/org/apache/cassandra/db/compaction/SizeTieredCompactionStrategy.java|src/java/org/apache/cassandra/io/sstable/SSTableReader.java
aa76394764bcb4af54150f12528fed9ddfa66044:src/java/org/apache/cassandra/db/ArrayBackedSortedColumns.java|src/java/org/apache/cassandra/db/CollationController.java|src/java/org/apache/cassandra/db/ColumnFamily.java|src/java/org/apache/cassandra/db/ColumnFamilyStore.java|src/java/org/apache/cassandra/db/ISortedColumns.java|src/java/org/apache/cassandra/db/Memtable.java|src/java/org/apache/cassandra/db/RowIteratorFactory.java|src/java/org/apache/cassandra/db/TreeMapBackedSortedColumns.java|src/java/org/apache/cassandra/db/columniterator/IndexedSliceReader.java|src/java/org/apache/cassandra/db/columniterator/SSTableNamesIterator.java|src/java/org/apache/cassandra/db/columniterator/SimpleSliceReader.java|src/java/org/apache/cassandra/db/compaction/LazilyCompactedRow.java|src/java/org/apache/cassandra/db/filter/SliceQueryFilter.java|src/java/org/apache/cassandra/io/sstable/SSTableIdentityIterator.java|src/java/org/apache/cassandra/io/sstable/SSTableSimpleUnsortedWriter.java|src/java/org/apache/cassandra/io/sstable/SSTableSimpleWriter.java|src/java/org/apache/cassandra/io/sstable/SSTableWriter.java|src/java/org/apache/cassandra/tools/SSTableImport.java
91907513cba4493f37f8aa86a7c14578d8bb065e:src/java/org/apache/cassandra/db/compaction/ParallelCompactionIterable.java|src/java/org/apache/cassandra/db/compaction/PrecompactedRow.java
338fa9a30747d18befc0ff66b5cb5265f7bb65f1:examples/client_only/src/ClientOnlyExample.java|src/java/org/apache/cassandra/service/StorageService.java
59af0b9c4d4cd00ea742e197b2b3cb2f384feec3:src/java/org/apache/cassandra/db/compaction/CompactionManager.java|src/java/org/apache/cassandra/db/compaction/CompactionManagerMBean.java
baca0bc7fe4b13bf8970f974c15d83701e02c048:src/java/org/apache/cassandra/db/commitlog/CommitLogSegment.java
1d641f5111613a5a049042a8723d0dd9ffc29c02:src/java/org/apache/cassandra/cache/AutoSavingCache.java
298606afdc5d0caf5e47bc8aac327d46e67111d2:src/java/org/apache/cassandra/db/CounterColumn.java