57e44fad89f0166bf46fb1e7c1a66dc0182c7ef4:src/main/org/codehaus/groovy/classgen/asm/sc/StaticTypesUnaryExpressionHelper.java:36|src/main/org/codehaus/groovy/classgen/asm/sc/StaticTypesUnaryExpressionHelper.java:37|src/main/org/codehaus/groovy/classgen/asm/sc/StaticTypesUnaryExpressionHelper.java:61
cf51a3fcfc82a38ea7534e950094a13d62f330bd:src/main/groovy/lang/MetaClassImpl.java:2802|src/main/groovy/lang/MetaClassImpl.java:2803|src/main/groovy/lang/MetaClassImpl.java:2807|src/main/groovy/lang/MetaClassImpl.java:2808|src/main/groovy/lang/MetaClassImpl.java:2846|src/main/groovy/lang/MetaClassImpl.java:2886
75409883243c5ccec63595e2904c07b3ac0a73a4:src/main/org/codehaus/groovy/vmplugin/v5/Java5.java:246
4456480dc18efb854195805368fb8e7afc61bcf5:src/main/org/codehaus/groovy/ast/tools/GenericsUtils.java:166|src/main/org/codehaus/groovy/ast/tools/GenericsUtils.java:167|src/main/org/codehaus/groovy/ast/tools/GenericsUtils.java:168|src/main/org/codehaus/groovy/ast/tools/GenericsUtils.java:169|src/main/org/codehaus/groovy/ast/tools/GenericsUtils.java:170|src/main/org/codehaus/groovy/ast/tools/GenericsUtils.java:171|src/main/org/codehaus/groovy/ast/tools/GenericsUtils.java:172|src/main/org/codehaus/groovy/ast/tools/GenericsUtils.java:173|src/main/org/codehaus/groovy/ast/tools/GenericsUtils.java:174|src/main/org/codehaus/groovy/ast/tools/GenericsUtils.java:175|src/main/org/codehaus/groovy/ast/tools/GenericsUtils.java:176|src/main/org/codehaus/groovy/ast/tools/GenericsUtils.java:177|src/main/org/codehaus/groovy/ast/tools/GenericsUtils.java:178
8c623ce7399583f615dfa1db5d68b32d33d31910:src/main/org/codehaus/groovy/control/CompilerConfiguration.java:31|src/main/org/codehaus/groovy/control/CompilerConfiguration.java:32|src/main/org/codehaus/groovy/control/CompilerConfiguration.java:33|src/main/org/codehaus/groovy/control/CompilerConfiguration.java:34|src/main/org/codehaus/groovy/control/CompilerConfiguration.java:35|src/main/org/codehaus/groovy/control/CompilerConfiguration.java:62|src/main/org/codehaus/groovy/control/CompilerConfiguration.java:67|src/main/org/codehaus/groovy/control/CompilerConfiguration.java:68|src/main/org/codehaus/groovy/control/CompilerConfiguration.java:723|src/main/org/codehaus/groovy/control/CompilerConfiguration.java:724|src/main/org/codehaus/groovy/control/CompilerConfiguration.java:725|src/main/org/codehaus/groovy/control/CompilerConfiguration.java:726|src/main/org/codehaus/groovy/control/CompilerConfiguration.java:727|src/main/org/codehaus/groovy/control/CompilerConfiguration.java:738|src/main/org/codehaus/groovy/control/CompilerConfiguration.java:739|src/main/org/codehaus/groovy/control/CompilerConfiguration.java:740|src/main/org/codehaus/groovy/control/CompilerConfiguration.java:750|src/main/org/codehaus/groovy/control/CompilerConfiguration.java:751|subprojects/groovy-ant/src/main/java/org/codehaus/groovy/ant/Groovyc.java:164|subprojects/groovy-ant/src/main/java/org/codehaus/groovy/ant/Groovyc.java:167|subprojects/groovy-ant/src/main/java/org/codehaus/groovy/ant/Groovyc.java:168|subprojects/groovy-ant/src/main/java/org/codehaus/groovy/ant/Groovyc.java:169|subprojects/groovy-ant/src/main/java/org/codehaus/groovy/ant/Groovyc.java:170|subprojects/groovy-ant/src/main/java/org/codehaus/groovy/ant/Groovyc.java:171|subprojects/groovy-ant/src/main/java/org/codehaus/groovy/ant/Groovyc.java:172|subprojects/groovy-ant/src/main/java/org/codehaus/groovy/ant/Groovyc.java:288|subprojects/groovy-ant/src/main/java/org/codehaus/groovy/ant/Groovyc.java:290|subprojects/groovy-ant/src/main/java/org/codehaus/groovy/ant/Groovyc.java:293|subprojects/groovy-ant/src/main/java/org/codehaus/groovy/ant/Groovyc.java:294|subprojects/groovy-ant/src/main/java/org/codehaus/groovy/ant/Groovyc.java:299|subprojects/groovy-ant/src/main/java/org/codehaus/groovy/ant/Groovyc.java:301
abdd04242a62be120cbcc7f58b94be550c258686:src/main/org/codehaus/groovy/transform/stc/StaticTypeCheckingVisitor.java:784|src/main/org/codehaus/groovy/transform/stc/StaticTypeCheckingVisitor.java:785|src/main/org/codehaus/groovy/transform/stc/StaticTypeCheckingVisitor.java:786|src/main/org/codehaus/groovy/transform/stc/StaticTypeCheckingVisitor.java:787|src/main/org/codehaus/groovy/transform/stc/StaticTypeCheckingVisitor.java:793
acd211ef724ec8f53f4e17ac6c43b848504d80b0:src/main/org/codehaus/groovy/ast/ConstructorNode.java:29|src/main/org/codehaus/groovy/ast/ConstructorNode.java:30|src/main/org/codehaus/groovy/ast/ConstructorNode.java:39|src/main/org/codehaus/groovy/ast/ConstructorNode.java:41|src/main/org/codehaus/groovy/ast/ConstructorNode.java:42|src/main/org/codehaus/groovy/ast/ConstructorNode.java:43|src/main/org/codehaus/groovy/ast/ConstructorNode.java:44|src/main/org/codehaus/groovy/ast/ConstructorNode.java:45|src/main/org/codehaus/groovy/ast/ConstructorNode.java:46|src/main/org/codehaus/groovy/ast/MethodNode.java:60|src/main/org/codehaus/groovy/ast/MethodNode.java:61
a67493f918801cf7a857105fead50f098b3e97bc:subprojects/groovy-groovydoc/src/main/java/org/codehaus/groovy/tools/groovydoc/SimpleGroovyClassDocAssembler.java:64
d890d571c139fc23f2a30b0fa0b773c5bb9663de:src/main/org/codehaus/groovy/ast/tools/GenericsUtils.java:422
44bb92160feb473c7a3ba2ef1db5998301de2fea:src/main/org/codehaus/groovy/vmplugin/v5/Java5.java:377
a65b3d4748dbf041a2762281391e230fafb5cdda:src/main/org/codehaus/groovy/classgen/AsmClassGenerator.java:1256
2068455544a7f835d1198e54a9a72666359522ac:src/main/org/codehaus/groovy/transform/sc/transformers/VariableExpressionTransformer.java:37|src/main/org/codehaus/groovy/transform/sc/transformers/VariableExpressionTransformer.java:41
6ffe0f62df5068bca2d596ae40dbb5bcd2f28866:src/main/org/codehaus/groovy/transform/sc/transformers/MethodCallExpressionTransformer.java:64
8d044bbbe072b715a7f09fd809e2c7d628e47931:src/main/org/codehaus/groovy/ast/tools/GenericsUtils.java:53|src/main/org/codehaus/groovy/ast/tools/GenericsUtils.java:54|src/main/org/codehaus/groovy/ast/tools/GenericsUtils.java:55
064e8653cdf0127660c6ee6bd6e5d8b646359d92:src/main/org/codehaus/groovy/classgen/asm/BinaryBooleanExpressionHelper.java:28|src/main/org/codehaus/groovy/classgen/asm/BinaryBooleanExpressionHelper.java:71|src/main/org/codehaus/groovy/classgen/asm/BinaryBooleanExpressionHelper.java:72|src/main/org/codehaus/groovy/classgen/asm/BinaryBooleanExpressionHelper.java:73
9c2a788c641656d1294e096519a0f1f900cffa75:src/main/org/codehaus/groovy/control/ResolveVisitor.java:244|src/main/org/codehaus/groovy/control/ResolveVisitor.java:944
67bdf0a7acc4a7aa8d6c9cdccb621e090a4da220:src/main/org/codehaus/groovy/control/ResolveVisitor.java:238|src/main/org/codehaus/groovy/control/ResolveVisitor.java:249|src/main/org/codehaus/groovy/control/ResolveVisitor.java:250
6e8ac9d4b797b9cb5d653c6341a5f4dda63c885c:src/main/groovy/lang/MissingMethodException.java:53|subprojects/groovy-jsr223/src/main/java/org/codehaus/groovy/jsr223/GroovyScriptEngineImpl.java:403
00af138c0b0d6a9a06cf7f87d654ef7fb9505d60:src/main/org/codehaus/groovy/vmplugin/VMPluginFactory.java:40
c6f1a815133ceef9234fa2da5ccf51b4d5f82367:src/main/org/codehaus/groovy/transform/stc/StaticTypeCheckingSupport.java:1927|src/main/org/codehaus/groovy/transform/stc/StaticTypeCheckingSupport.java:1928|src/main/org/codehaus/groovy/transform/stc/StaticTypeCheckingSupport.java:1929|src/main/org/codehaus/groovy/transform/stc/StaticTypeCheckingSupport.java:1930
84eb68b4ce2371f02fab11bbef6e83c984f17952:src/main/org/codehaus/groovy/classgen/asm/CallSiteWriter.java:56
8e39bfbc1cab706e9aebd457e0ab8feee78ce9c3:subprojects/groovy-ant/src/main/java/org/codehaus/groovy/ant/Groovyc.java:1038
668ad85655e9891d1a6387e2a3db08afc6a80e90:src/main/org/codehaus/groovy/classgen/AsmClassGenerator.java:915
5cee00956bc85cd034afbdde8773abb991264c33:src/main/org/codehaus/groovy/ast/ClassHelper.java:401
2267a02972604e9ce4631b280642b88aff96b4f2:src/main/org/codehaus/groovy/transform/stc/TraitTypeCheckingExtension.java:41|src/main/org/codehaus/groovy/transform/stc/TraitTypeCheckingExtension.java:43|src/main/org/codehaus/groovy/transform/stc/TraitTypeCheckingExtension.java:81
e9c09dbb852829ffaf67c63a2deb4b6a1b72fc4a:src/main/org/codehaus/groovy/control/ResolveVisitor.java:317
e34823cbabbce2a90829ead5d83c72806326946d:src/main/org/codehaus/groovy/runtime/callsite/CallSiteGenerator.java:94|src/main/org/codehaus/groovy/runtime/callsite/CallSiteGenerator.java:164|src/main/org/codehaus/groovy/runtime/callsite/CallSiteGenerator.java:183|src/main/org/codehaus/groovy/runtime/callsite/CallSiteGenerator.java:198|src/main/org/codehaus/groovy/runtime/callsite/CallSiteGenerator.java:214|src/main/org/codehaus/groovy/runtime/callsite/CallSiteGenerator.java:226|src/main/org/codehaus/groovy/runtime/callsite/CallSiteGenerator.java:238
714fb10537397d5108fb7950ec80800dac9cbca8:src/main/org/codehaus/groovy/transform/stc/StaticTypeCheckingVisitor.java:2422|src/main/org/codehaus/groovy/transform/stc/StaticTypeCheckingVisitor.java:3979|src/main/org/codehaus/groovy/transform/stc/StaticTypeCheckingVisitor.java:3981|src/main/org/codehaus/groovy/transform/stc/StaticTypeCheckingVisitor.java:3988|src/main/org/codehaus/groovy/transform/stc/StaticTypeCheckingVisitor.java:3989|src/main/org/codehaus/groovy/transform/stc/StaticTypeCheckingVisitor.java:3991|src/main/org/codehaus/groovy/transform/stc/StaticTypeCheckingVisitor.java:4006|src/main/org/codehaus/groovy/transform/stc/StaticTypeCheckingVisitor.java:4007|src/main/org/codehaus/groovy/transform/stc/StaticTypeCheckingVisitor.java:4008|src/main/org/codehaus/groovy/transform/stc/StaticTypeCheckingVisitor.java:4010|src/main/org/codehaus/groovy/transform/stc/StaticTypeCheckingVisitor.java:4011|src/main/org/codehaus/groovy/transform/stc/StaticTypeCheckingVisitor.java:4014|src/main/org/codehaus/groovy/transform/stc/StaticTypeCheckingVisitor.java:4022|src/main/org/codehaus/groovy/transform/stc/StaticTypeCheckingVisitor.java:4035|src/main/org/codehaus/groovy/transform/stc/StaticTypeCheckingVisitor.java:4036|src/main/org/codehaus/groovy/transform/stc/StaticTypeCheckingVisitor.java:4037|src/main/org/codehaus/groovy/transform/stc/StaticTypeCheckingVisitor.java:4038|src/main/org/codehaus/groovy/transform/stc/StaticTypeCheckingVisitor.java:4039|src/main/org/codehaus/groovy/transform/stc/StaticTypeCheckingVisitor.java:4040|src/main/org/codehaus/groovy/transform/stc/StaticTypeCheckingVisitor.java:4041|src/main/org/codehaus/groovy/transform/stc/StaticTypeCheckingVisitor.java:4042|src/main/org/codehaus/groovy/transform/stc/StaticTypeCheckingVisitor.java:4043|src/main/org/codehaus/groovy/transform/stc/StaticTypeCheckingVisitor.java:4069|src/main/org/codehaus/groovy/transform/stc/StaticTypeCheckingVisitor.java:4070|src/main/org/codehaus/groovy/transform/stc/StaticTypeCheckingVisitor.java:4071|src/main/org/codehaus/groovy/transform/stc/StaticTypeCheckingVisitor.java:4072|src/main/org/codehaus/groovy/transform/stc/StaticTypeCheckingVisitor.java:4073|src/main/org/codehaus/groovy/transform/stc/StaticTypeCheckingVisitor.java:4074|src/main/org/codehaus/groovy/transform/stc/StaticTypeCheckingVisitor.java:4086|src/main/org/codehaus/groovy/transform/stc/StaticTypeCheckingVisitor.java:4656
ada9a91dd7e9aef7a4f9ea3b1a309683a71bd00d:src/main/groovy/util/GroovyScriptEngine.java:229|src/main/groovy/util/GroovyScriptEngine.java:230|src/main/groovy/util/GroovyScriptEngine.java:231|src/main/groovy/util/GroovyScriptEngine.java:232|src/main/groovy/util/GroovyScriptEngine.java:233|src/main/groovy/util/GroovyScriptEngine.java:234|src/main/groovy/util/GroovyScriptEngine.java:235
b4ccc85fa4470ea76f9cc835331c77744b4682a3:src/main/org/codehaus/groovy/classgen/asm/CallSiteWriter.java:46|src/main/org/codehaus/groovy/classgen/asm/CallSiteWriter.java:50|src/main/org/codehaus/groovy/classgen/asm/CallSiteWriter.java:51|src/main/org/codehaus/groovy/classgen/asm/CallSiteWriter.java:52|src/main/org/codehaus/groovy/classgen/asm/CallSiteWriter.java:53|src/main/org/codehaus/groovy/classgen/asm/CallSiteWriter.java:54|src/main/org/codehaus/groovy/classgen/asm/CallSiteWriter.java:55|src/main/org/codehaus/groovy/runtime/typehandling/NumberMathModificationInfo.java:32|src/main/org/codehaus/groovy/runtime/typehandling/NumberMathModificationInfo.java:34|src/main/org/codehaus/groovy/runtime/typehandling/NumberMathModificationInfo.java:35|src/main/org/codehaus/groovy/transform/stc/StaticTypeCheckingSupport.java:422|src/main/org/codehaus/groovy/transform/stc/StaticTypeCheckingVisitor.java:911|src/main/org/codehaus/groovy/transform/stc/StaticTypeCheckingVisitor.java:3067|src/main/org/codehaus/groovy/transform/stc/StaticTypeCheckingVisitor.java:3068|src/main/org/codehaus/groovy/transform/stc/StaticTypeCheckingVisitor.java:3511|src/main/org/codehaus/groovy/transform/stc/StaticTypeCheckingVisitor.java:3513|src/main/org/codehaus/groovy/transform/stc/StaticTypeCheckingVisitor.java:3527|src/main/org/codehaus/groovy/transform/stc/StaticTypeCheckingVisitor.java:3533|src/main/org/codehaus/groovy/transform/stc/StaticTypeCheckingVisitor.java:3541|src/main/org/codehaus/groovy/transform/stc/StaticTypeCheckingVisitor.java:3556|src/main/org/codehaus/groovy/transform/stc/StaticTypeCheckingVisitor.java:3582|src/main/org/codehaus/groovy/transform/stc/StaticTypeCheckingVisitor.java:3583|src/main/org/codehaus/groovy/transform/stc/StaticTypeCheckingVisitor.java:3584|src/main/org/codehaus/groovy/transform/stc/StaticTypeCheckingVisitor.java:3585|src/main/org/codehaus/groovy/transform/stc/StaticTypeCheckingVisitor.java:3586|src/main/org/codehaus/groovy/transform/stc/StaticTypeCheckingVisitor.java:3588|src/main/org/codehaus/groovy/transform/stc/StaticTypeCheckingVisitor.java:3589|src/main/org/codehaus/groovy/transform/stc/StaticTypeCheckingVisitor.java:3590|src/main/org/codehaus/groovy/transform/stc/StaticTypeCheckingVisitor.java:3591|src/main/org/codehaus/groovy/transform/stc/StaticTypeCheckingVisitor.java:3592|src/main/org/codehaus/groovy/transform/stc/StaticTypeCheckingVisitor.java:3593|src/main/org/codehaus/groovy/transform/stc/StaticTypeCheckingVisitor.java:3594|src/main/org/codehaus/groovy/transform/stc/StaticTypeCheckingVisitor.java:3596|src/main/org/codehaus/groovy/transform/stc/StaticTypeCheckingVisitor.java:3597
e4a31f2c1ec0f8e3cdb90f95514fe6306318a3dd:src/main/org/codehaus/groovy/control/OptimizerVisitor.java:39|src/main/org/codehaus/groovy/control/OptimizerVisitor.java:40|src/main/org/codehaus/groovy/control/OptimizerVisitor.java:47|src/main/org/codehaus/groovy/control/OptimizerVisitor.java:48|src/main/org/codehaus/groovy/control/OptimizerVisitor.java:56|src/main/org/codehaus/groovy/control/OptimizerVisitor.java:88|src/main/org/codehaus/groovy/control/OptimizerVisitor.java:89|src/main/org/codehaus/groovy/control/OptimizerVisitor.java:98|src/main/org/codehaus/groovy/control/OptimizerVisitor.java:100|src/main/org/codehaus/groovy/control/OptimizerVisitor.java:101|src/main/org/codehaus/groovy/control/OptimizerVisitor.java:105|src/main/org/codehaus/groovy/control/OptimizerVisitor.java:106|src/main/org/codehaus/groovy/control/OptimizerVisitor.java:107|src/main/org/codehaus/groovy/control/OptimizerVisitor.java:108|src/main/org/codehaus/groovy/control/OptimizerVisitor.java:109|src/main/org/codehaus/groovy/control/OptimizerVisitor.java:110|src/main/org/codehaus/groovy/control/OptimizerVisitor.java:111|src/main/org/codehaus/groovy/control/OptimizerVisitor.java:112|src/main/org/codehaus/groovy/control/OptimizerVisitor.java:113|src/main/org/codehaus/groovy/control/OptimizerVisitor.java:114|src/main/org/codehaus/groovy/control/OptimizerVisitor.java:115|src/main/org/codehaus/groovy/control/OptimizerVisitor.java:116|src/main/org/codehaus/groovy/control/OptimizerVisitor.java:117|src/main/org/codehaus/groovy/control/OptimizerVisitor.java:120|src/main/org/codehaus/groovy/control/OptimizerVisitor.java:126
091a787af6ae3c0a999955ff4d2b8d19e65a5cc0:src/main/org/codehaus/groovy/classgen/asm/sc/StaticTypesCallSiteWriter.java:654|src/main/org/codehaus/groovy/transform/stc/StaticTypeCheckingVisitor.java:3542|src/main/org/codehaus/groovy/transform/stc/StaticTypeCheckingVisitor.java:3543|src/main/org/codehaus/groovy/transform/stc/StaticTypeCheckingVisitor.java:3544
a83909683bbdc6dba253fbb9ca9f8e52e3d6461c:subprojects/groovy-ant/src/main/java/org/codehaus/groovy/ant/Groovyc.java:24|subprojects/groovy-ant/src/main/java/org/codehaus/groovy/ant/Groovyc.java:25|subprojects/groovy-ant/src/main/java/org/codehaus/groovy/ant/Groovyc.java:26|subprojects/groovy-ant/src/main/java/org/codehaus/groovy/ant/Groovyc.java:27|subprojects/groovy-ant/src/main/java/org/codehaus/groovy/ant/Groovyc.java:28|subprojects/groovy-ant/src/main/java/org/codehaus/groovy/ant/Groovyc.java:29|subprojects/groovy-ant/src/main/java/org/codehaus/groovy/ant/Groovyc.java:30|subprojects/groovy-ant/src/main/java/org/codehaus/groovy/ant/Groovyc.java:31|subprojects/groovy-ant/src/main/java/org/codehaus/groovy/ant/Groovyc.java:32|subprojects/groovy-ant/src/main/java/org/codehaus/groovy/ant/Groovyc.java:33|subprojects/groovy-ant/src/main/java/org/codehaus/groovy/ant/Groovyc.java:34|subprojects/groovy-ant/src/main/java/org/codehaus/groovy/ant/Groovyc.java:35|subprojects/groovy-ant/src/main/java/org/codehaus/groovy/ant/Groovyc.java:36|subprojects/groovy-ant/src/main/java/org/codehaus/groovy/ant/Groovyc.java:37|subprojects/groovy-ant/src/main/java/org/codehaus/groovy/ant/Groovyc.java:38|subprojects/groovy-ant/src/main/java/org/codehaus/groovy/ant/Groovyc.java:1009|subprojects/groovy-ant/src/main/java/org/codehaus/groovy/ant/Groovyc.java:1039|subprojects/groovy-ant/src/main/java/org/codehaus/groovy/ant/Groovyc.java:1103|subprojects/groovy-ant/src/main/java/org/codehaus/groovy/ant/Groovyc.java:1104|subprojects/groovy-ant/src/main/java/org/codehaus/groovy/ant/Groovyc.java:1105|subprojects/groovy-ant/src/main/java/org/codehaus/groovy/ant/Groovyc.java:1106|subprojects/groovy-ant/src/main/java/org/codehaus/groovy/ant/Groovyc.java:1107|subprojects/groovy-ant/src/main/java/org/codehaus/groovy/ant/Groovyc.java:1108|subprojects/groovy-ant/src/main/java/org/codehaus/groovy/ant/Groovyc.java:1109|subprojects/groovy-ant/src/main/java/org/codehaus/groovy/ant/Groovyc.java:1113|subprojects/groovy-ant/src/main/java/org/codehaus/groovy/ant/Groovyc.java:1114
da310b6adbda3654cdbeacaa4fdbabaf723bd1f2:src/main/org/codehaus/groovy/classgen/AsmClassGenerator.java:430|src/main/org/codehaus/groovy/classgen/AsmClassGenerator.java:431
becb9ceab308aa620b6f8d289150d3b9cc8d9fc5:src/main/org/codehaus/groovy/transform/sc/transformers/ConstructorCallTransformer.java:58|src/main/org/codehaus/groovy/transform/sc/transformers/ConstructorCallTransformer.java:65|src/main/org/codehaus/groovy/transform/sc/transformers/ConstructorCallTransformer.java:66|src/main/org/codehaus/groovy/transform/sc/transformers/ConstructorCallTransformer.java:76|src/main/org/codehaus/groovy/transform/sc/transformers/ConstructorCallTransformer.java:98|src/main/org/codehaus/groovy/transform/sc/transformers/ConstructorCallTransformer.java:99|src/main/org/codehaus/groovy/transform/sc/transformers/ConstructorCallTransformer.java:100|src/main/org/codehaus/groovy/transform/sc/transformers/ConstructorCallTransformer.java:106|src/main/org/codehaus/groovy/transform/sc/transformers/ConstructorCallTransformer.java:110|src/main/org/codehaus/groovy/transform/sc/transformers/ConstructorCallTransformer.java:111|src/main/org/codehaus/groovy/transform/sc/transformers/ConstructorCallTransformer.java:112|src/main/org/codehaus/groovy/transform/sc/transformers/ConstructorCallTransformer.java:120|src/main/org/codehaus/groovy/transform/sc/transformers/ConstructorCallTransformer.java:140|src/main/org/codehaus/groovy/transform/stc/StaticTypeCheckingVisitor.java:1907|src/main/org/codehaus/groovy/transform/stc/StaticTypeCheckingVisitor.java:1909|src/main/org/codehaus/groovy/transform/stc/StaticTypeCheckingVisitor.java:1921|src/main/org/codehaus/groovy/transform/stc/StaticTypeCheckingVisitor.java:1936|src/main/org/codehaus/groovy/transform/stc/StaticTypeCheckingVisitor.java:1937|src/main/org/codehaus/groovy/transform/stc/StaticTypeCheckingVisitor.java:1941
ed69389a62c413f71d78eb26bbaab364a9c2318c:src/main/org/codehaus/groovy/transform/FieldASTTransformation.java:33|src/main/org/codehaus/groovy/transform/FieldASTTransformation.java:53|src/main/org/codehaus/groovy/transform/FieldASTTransformation.java:54|src/main/org/codehaus/groovy/transform/FieldASTTransformation.java:55|src/main/org/codehaus/groovy/transform/FieldASTTransformation.java:156|src/main/org/codehaus/groovy/transform/FieldASTTransformation.java:157|src/main/org/codehaus/groovy/transform/FieldASTTransformation.java:158|src/main/org/codehaus/groovy/transform/FieldASTTransformation.java:159|src/main/org/codehaus/groovy/transform/FieldASTTransformation.java:160|src/main/org/codehaus/groovy/transform/FieldASTTransformation.java:161|src/main/org/codehaus/groovy/transform/FieldASTTransformation.java:162|src/main/org/codehaus/groovy/transform/FieldASTTransformation.java:163|src/main/org/codehaus/groovy/transform/FieldASTTransformation.java:164|src/main/org/codehaus/groovy/transform/FieldASTTransformation.java:165|src/main/org/codehaus/groovy/transform/FieldASTTransformation.java:166|src/main/org/codehaus/groovy/transform/FieldASTTransformation.java:192|src/main/org/codehaus/groovy/transform/FieldASTTransformation.java:193|src/main/org/codehaus/groovy/transform/FieldASTTransformation.java:194
a3acf47101cf472bc7449aee20e12b6c8ebf7b95:src/main/org/codehaus/groovy/runtime/EncodingGroovyMethodsSupport.java:27|src/main/org/codehaus/groovy/runtime/EncodingGroovyMethodsSupport.java:28|src/main/org/codehaus/groovy/runtime/EncodingGroovyMethodsSupport.java:33|src/main/org/codehaus/groovy/runtime/EncodingGroovyMethodsSupport.java:35|src/main/org/codehaus/groovy/runtime/EncodingGroovyMethodsSupport.java:37|src/main/org/codehaus/groovy/runtime/EncodingGroovyMethodsSupport.java:39|src/main/org/codehaus/groovy/runtime/EncodingGroovyMethodsSupport.java:41|src/main/org/codehaus/groovy/runtime/EncodingGroovyMethodsSupport.java:43|src/main/org/codehaus/groovy/runtime/EncodingGroovyMethodsSupport.java:45|src/main/org/codehaus/groovy/runtime/EncodingGroovyMethodsSupport.java:47|src/main/org/codehaus/groovy/runtime/EncodingGroovyMethodsSupport.java:49|src/main/org/codehaus/groovy/runtime/EncodingGroovyMethodsSupport.java:51|src/main/org/codehaus/groovy/runtime/EncodingGroovyMethodsSupport.java:53|src/main/org/codehaus/groovy/runtime/EncodingGroovyMethodsSupport.java:55|src/main/org/codehaus/groovy/runtime/EncodingGroovyMethodsSupport.java:57
82fbec46312a0f5b74f36b6194d7d2c425a52075:src/main/org/codehaus/groovy/classgen/asm/sc/StaticTypesCallSiteWriter.java:142|src/main/org/codehaus/groovy/classgen/asm/sc/StaticTypesCallSiteWriter.java:143|src/main/org/codehaus/groovy/classgen/asm/sc/StaticTypesCallSiteWriter.java:144|src/main/org/codehaus/groovy/classgen/asm/sc/StaticTypesCallSiteWriter.java:145|src/main/org/codehaus/groovy/classgen/asm/sc/StaticTypesCallSiteWriter.java:146
5886dd20447fa9becec75d2a8cbab6ee39524c7d:src/main/org/codehaus/groovy/classgen/Verifier.java:1309
d965023c2668991e744c213c5125c5adcc677cd9:src/main/org/codehaus/groovy/transform/stc/StaticTypeCheckingSupport.java:349|src/main/org/codehaus/groovy/transform/stc/StaticTypeCheckingSupport.java:350|src/main/org/codehaus/groovy/transform/stc/StaticTypeCheckingSupport.java:351|src/main/org/codehaus/groovy/transform/stc/StaticTypeCheckingSupport.java:352|src/main/org/codehaus/groovy/transform/stc/StaticTypeCheckingSupport.java:353|src/main/org/codehaus/groovy/transform/stc/StaticTypeCheckingSupport.java:354|src/main/org/codehaus/groovy/transform/stc/StaticTypeCheckingSupport.java:355|src/main/org/codehaus/groovy/transform/stc/StaticTypeCheckingSupport.java:358|src/main/org/codehaus/groovy/transform/stc/StaticTypeCheckingSupport.java:359|src/main/org/codehaus/groovy/transform/stc/StaticTypeCheckingSupport.java:360|src/main/org/codehaus/groovy/transform/stc/StaticTypeCheckingSupport.java:364|src/main/org/codehaus/groovy/transform/stc/StaticTypeCheckingSupport.java:365|src/main/org/codehaus/groovy/transform/stc/StaticTypeCheckingSupport.java:366|src/main/org/codehaus/groovy/transform/stc/StaticTypeCheckingSupport.java:371|src/main/org/codehaus/groovy/transform/stc/StaticTypeCheckingSupport.java:372|src/main/org/codehaus/groovy/transform/stc/StaticTypeCheckingSupport.java:373|src/main/org/codehaus/groovy/transform/stc/StaticTypeCheckingSupport.java:374
e2660dbe6a6b5c68eb39e0c1e7e572cd329e3507:src/main/org/codehaus/groovy/vmplugin/v7/Selector.java:499
00b3161ddb3923178a7a28d5e33637e7eb3e5db1:src/main/org/codehaus/groovy/runtime/ResourceGroovyMethods.java:1053|src/main/org/codehaus/groovy/runtime/ResourceGroovyMethods.java:1108|src/main/org/codehaus/groovy/runtime/ResourceGroovyMethods.java:1109|src/main/org/codehaus/groovy/runtime/ResourceGroovyMethods.java:1110|src/main/org/codehaus/groovy/runtime/ResourceGroovyMethods.java:1111|src/main/org/codehaus/groovy/runtime/ResourceGroovyMethods.java:1113|src/main/org/codehaus/groovy/runtime/ResourceGroovyMethods.java:1137|src/main/org/codehaus/groovy/runtime/ResourceGroovyMethods.java:1138|src/main/org/codehaus/groovy/runtime/ResourceGroovyMethods.java:1146|src/main/org/codehaus/groovy/runtime/ResourceGroovyMethods.java:1181|src/main/org/codehaus/groovy/runtime/ResourceGroovyMethods.java:1257|src/main/org/codehaus/groovy/runtime/ResourceGroovyMethods.java:1258|src/main/org/codehaus/groovy/runtime/ResourceGroovyMethods.java:1262|src/main/org/codehaus/groovy/runtime/ResourceGroovyMethods.java:1281|src/main/org/codehaus/groovy/runtime/ResourceGroovyMethods.java:1351|src/main/org/codehaus/groovy/runtime/ResourceGroovyMethods.java:1352|src/main/org/codehaus/groovy/runtime/ResourceGroovyMethods.java:1353|src/main/org/codehaus/groovy/runtime/ResourceGroovyMethods.java:1355|src/main/org/codehaus/groovy/runtime/ResourceGroovyMethods.java:1356|src/main/org/codehaus/groovy/runtime/ResourceGroovyMethods.java:1367|src/main/org/codehaus/groovy/runtime/ResourceGroovyMethods.java:1368|src/main/org/codehaus/groovy/runtime/ResourceGroovyMethods.java:1369|src/main/org/codehaus/groovy/runtime/ResourceGroovyMethods.java:1371|src/main/org/codehaus/groovy/runtime/ResourceGroovyMethods.java:1402|src/main/org/codehaus/groovy/runtime/ResourceGroovyMethods.java:1433|src/main/org/codehaus/groovy/runtime/ResourceGroovyMethods.java:1452|subprojects/groovy-nio/src/main/java/org/codehaus/groovy/runtime/NioGroovyMethods.java:763|subprojects/groovy-nio/src/main/java/org/codehaus/groovy/runtime/NioGroovyMethods.java:817|subprojects/groovy-nio/src/main/java/org/codehaus/groovy/runtime/NioGroovyMethods.java:818|subprojects/groovy-nio/src/main/java/org/codehaus/groovy/runtime/NioGroovyMethods.java:819|subprojects/groovy-nio/src/main/java/org/codehaus/groovy/runtime/NioGroovyMethods.java:820|subprojects/groovy-nio/src/main/java/org/codehaus/groovy/runtime/NioGroovyMethods.java:822|subprojects/groovy-nio/src/main/java/org/codehaus/groovy/runtime/NioGroovyMethods.java:845|subprojects/groovy-nio/src/main/java/org/codehaus/groovy/runtime/NioGroovyMethods.java:846|subprojects/groovy-nio/src/main/java/org/codehaus/groovy/runtime/NioGroovyMethods.java:889|subprojects/groovy-nio/src/main/java/org/codehaus/groovy/runtime/NioGroovyMethods.java:966|subprojects/groovy-nio/src/main/java/org/codehaus/groovy/runtime/NioGroovyMethods.java:967|subprojects/groovy-nio/src/main/java/org/codehaus/groovy/runtime/NioGroovyMethods.java:971|subprojects/groovy-nio/src/main/java/org/codehaus/groovy/runtime/NioGroovyMethods.java:990|subprojects/groovy-nio/src/main/java/org/codehaus/groovy/runtime/NioGroovyMethods.java:1065|subprojects/groovy-nio/src/main/java/org/codehaus/groovy/runtime/NioGroovyMethods.java:1066|subprojects/groovy-nio/src/main/java/org/codehaus/groovy/runtime/NioGroovyMethods.java:1067|subprojects/groovy-nio/src/main/java/org/codehaus/groovy/runtime/NioGroovyMethods.java:1069|subprojects/groovy-nio/src/main/java/org/codehaus/groovy/runtime/NioGroovyMethods.java:1070|subprojects/groovy-nio/src/main/java/org/codehaus/groovy/runtime/NioGroovyMethods.java:1081|subprojects/groovy-nio/src/main/java/org/codehaus/groovy/runtime/NioGroovyMethods.java:1082|subprojects/groovy-nio/src/main/java/org/codehaus/groovy/runtime/NioGroovyMethods.java:1083|subprojects/groovy-nio/src/main/java/org/codehaus/groovy/runtime/NioGroovyMethods.java:1085|subprojects/groovy-nio/src/main/java/org/codehaus/groovy/runtime/NioGroovyMethods.java:1116|subprojects/groovy-nio/src/main/java/org/codehaus/groovy/runtime/NioGroovyMethods.java:1147|subprojects/groovy-nio/src/main/java/org/codehaus/groovy/runtime/NioGroovyMethods.java:1166
37a8ef9204686658a628a60d58efddd0edfc61ee:src/main/org/codehaus/groovy/runtime/CurriedClosure.java:42|src/main/org/codehaus/groovy/runtime/CurriedClosure.java:43|src/main/org/codehaus/groovy/runtime/CurriedClosure.java:47
694be97a3f674a93f4bff0dc142d02ff32ad0ef3:src/main/org/codehaus/groovy/transform/MemoizedASTTransformation.java:130|src/main/org/codehaus/groovy/transform/MemoizedASTTransformation.java:131
84e9303ee6f3007490a3b99ebbe96645ded67c0b:src/main/groovy/lang/MetaClassImpl.java:155|src/main/org/codehaus/groovy/runtime/metaclass/ClosureMetaClass.java:56
47b8f5ee7dad52175bd06f818e77abce616faa77:src/main/org/codehaus/groovy/transform/stc/StaticTypeCheckingVisitor.java:469|src/main/org/codehaus/groovy/transform/stc/StaticTypeCheckingVisitor.java:3186|src/main/org/codehaus/groovy/transform/stc/StaticTypeCheckingVisitor.java:3379|src/main/org/codehaus/groovy/transform/stc/StaticTypeCheckingVisitor.java:3381|src/main/org/codehaus/groovy/transform/stc/StaticTypeCheckingVisitor.java:3385|src/main/org/codehaus/groovy/transform/stc/StaticTypeCheckingVisitor.java:3386
db95406246428ac02566ea35dc3ea561736fcaa0:src/main/org/codehaus/groovy/classgen/VariableScopeVisitor.java:41|src/main/org/codehaus/groovy/classgen/VariableScopeVisitor.java:42
bddf72728ef84bb714acb6219a6677be1b08738c:src/main/org/codehaus/groovy/transform/stc/StaticTypeCheckingVisitor.java:125|src/main/org/codehaus/groovy/transform/stc/StaticTypeCheckingVisitor.java:126|src/main/org/codehaus/groovy/transform/stc/StaticTypeCheckingVisitor.java:127
2e4413812fff5d2033e9eb163d734b539b079b6b:src/main/org/codehaus/groovy/transform/stc/StaticTypeCheckingVisitor.java:4004
0a5440e0f92b884bb17ccc51eb098bd244a4938a:subprojects/groovy-sql/src/main/java/groovy/sql/BatchingStatementWrapper.java:78|subprojects/groovy-sql/src/main/java/groovy/sql/BatchingStatementWrapper.java:79
f5b02227426a4b9c135fd7b1b1d98b1532dc97bf:src/main/org/codehaus/groovy/transform/stc/StaticTypeCheckingVisitor.java:927
423d47d35cfd255b6e5dbe5ad2aac5498a64e5ed:src/main/org/codehaus/groovy/transform/stc/StaticTypeCheckingVisitor.java:4009
9b6b4ab38511a1d36d1e3475b590e031159ea978:src/main/org/codehaus/groovy/transform/stc/StaticTypeCheckingVisitor.java:2425|src/main/org/codehaus/groovy/transform/stc/StaticTypeCheckingVisitor.java:2426|src/main/org/codehaus/groovy/transform/stc/StaticTypeCheckingVisitor.java:2431|src/main/org/codehaus/groovy/transform/stc/StaticTypeCheckingVisitor.java:2433
1c395602ee4929959d451e918015fc7ebf258dec:src/main/org/codehaus/groovy/transform/stc/StaticTypeCheckingSupport.java:1171|src/main/org/codehaus/groovy/transform/stc/StaticTypeCheckingSupport.java:1173
c2ac65ecc7a7a5562d3ddffec6f64bc4a47c9326:src/main/org/codehaus/groovy/transform/sc/transformers/MethodCallExpressionTransformer.java:163|src/main/org/codehaus/groovy/transform/sc/transformers/MethodCallExpressionTransformer.java:164
7efefa41e70706d7c6553716aa03aab87aabec9e:src/main/org/codehaus/groovy/transform/NewifyASTTransformation.java:182
df0f99b6bb3b81c120835da24898f934e34ee7cc:src/main/groovy/lang/Newify.java:31|src/main/groovy/lang/Newify.java:103
3c73e43350d98f44690ac4f6c0b1924680ceae85:src/main/org/codehaus/groovy/runtime/DefaultGroovyMethods.java:9459|src/main/org/codehaus/groovy/runtime/DefaultGroovyMethods.java:9534
3b20e11351dd5dd8131fbeb74f413c70a72acdfe:src/main/groovy/grape/GrabAnnotationTransformation.java:260|src/main/groovy/grape/GrabAnnotationTransformation.java:262
9601fdaea1e8504111729f879f0dbc16ff2b92cb:src/main/org/codehaus/groovy/ast/stmt/ExpressionStatement.java:54
9aae804b0625d2c091e7487a541d2c0b1da15dbb:src/main/org/codehaus/groovy/classgen/AsmClassGenerator.java:1209|src/main/org/codehaus/groovy/classgen/AsmClassGenerator.java:1233|src/main/org/codehaus/groovy/classgen/AsmClassGenerator.java:1242|src/main/org/codehaus/groovy/classgen/AsmClassGenerator.java:1246
2f6c23154db479aa8acb5e1358ff730f922e344a:src/main/org/codehaus/groovy/transform/stc/StaticTypeCheckingVisitor.java:3809
2aa9aec98a81b5b8b517e1287f0d383eef0bbbe3:subprojects/groovy-console/src/main/groovy/groovy/ui/text/GroovyFilter.java:60
ff43b289a2e62daafd865ae0e17ea5cb7d33a531:src/main/org/codehaus/groovy/classgen/asm/CompileStack.java:32|src/main/org/codehaus/groovy/classgen/asm/CompileStack.java:570|src/main/org/codehaus/groovy/classgen/asm/CompileStack.java:636|src/main/org/codehaus/groovy/classgen/asm/CompileStack.java:638|src/main/org/codehaus/groovy/classgen/asm/CompileStack.java:640|src/main/org/codehaus/groovy/classgen/asm/CompileStack.java:709|src/main/org/codehaus/groovy/classgen/asm/CompileStack.java:771
460fa7ab69cb8ae1bc131f8e1f550bde5df1d2be:src/main/groovy/lang/GroovyCodeSource.java:24|src/main/groovy/lang/GroovyCodeSource.java:176
e33a4e0c65bc8b58f4dccb8b3ba433d002078e7f:src/main/org/codehaus/groovy/ast/ClassHelper.java:42|src/main/org/codehaus/groovy/ast/ClassHelper.java:43|src/main/org/codehaus/groovy/ast/ClassHelper.java:44|src/main/org/codehaus/groovy/ast/ClassHelper.java:45|src/main/org/codehaus/groovy/ast/ClassHelper.java:46|src/main/org/codehaus/groovy/ast/ClassHelper.java:50|src/main/org/codehaus/groovy/ast/ClassHelper.java:51|src/main/org/codehaus/groovy/ast/ClassHelper.java:52|src/main/org/codehaus/groovy/ast/ClassHelper.java:53|src/main/org/codehaus/groovy/ast/ClassHelper.java:54|src/main/org/codehaus/groovy/ast/ClassHelper.java:55|src/main/org/codehaus/groovy/ast/ClassHelper.java:56|src/main/org/codehaus/groovy/ast/ClassHelper.java:57|src/main/org/codehaus/groovy/ast/ClassHelper.java:58|src/main/org/codehaus/groovy/ast/ClassHelper.java:61|src/main/org/codehaus/groovy/ast/ClassHelper.java:62|src/main/org/codehaus/groovy/ast/ClassHelper.java:63|src/main/org/codehaus/groovy/ast/ClassHelper.java:66|src/main/org/codehaus/groovy/ast/ClassHelper.java:67|src/main/org/codehaus/groovy/ast/ClassHelper.java:68|src/main/org/codehaus/groovy/ast/ClassHelper.java:69|src/main/org/codehaus/groovy/ast/ClassHelper.java:70|src/main/org/codehaus/groovy/ast/ClassHelper.java:71|src/main/org/codehaus/groovy/ast/ClassHelper.java:72|src/main/org/codehaus/groovy/ast/ClassHelper.java:73|src/main/org/codehaus/groovy/ast/ClassHelper.java:75|src/main/org/codehaus/groovy/ast/ClassHelper.java:76|src/main/org/codehaus/groovy/ast/ClassHelper.java:77|src/main/org/codehaus/groovy/ast/ClassHelper.java:78|src/main/org/codehaus/groovy/ast/ClassHelper.java:79|src/main/org/codehaus/groovy/ast/ClassHelper.java:80|src/main/org/codehaus/groovy/ast/ClassHelper.java:81|src/main/org/codehaus/groovy/ast/ClassHelper.java:82|src/main/org/codehaus/groovy/ast/ClassHelper.java:83|src/main/org/codehaus/groovy/ast/ClassHelper.java:84|src/main/org/codehaus/groovy/ast/ClassHelper.java:85|src/main/org/codehaus/groovy/ast/ClassHelper.java:87|src/main/org/codehaus/groovy/ast/ClassHelper.java:88|src/main/org/codehaus/groovy/ast/ClassHelper.java:90|src/main/org/codehaus/groovy/ast/ClassHelper.java:91|src/main/org/codehaus/groovy/ast/ClassHelper.java:92|src/main/org/codehaus/groovy/ast/ClassHelper.java:93|src/main/org/codehaus/groovy/ast/ClassHelper.java:94|src/main/org/codehaus/groovy/ast/ClassHelper.java:100|src/main/org/codehaus/groovy/ast/ClassHelper.java:109|src/main/org/codehaus/groovy/ast/ClassHelper.java:110|src/main/org/codehaus/groovy/ast/ClassHelper.java:111|src/main/org/codehaus/groovy/ast/ClassHelper.java:112|src/main/org/codehaus/groovy/ast/ClassHelper.java:113|src/main/org/codehaus/groovy/ast/ClassHelper.java:114|src/main/org/codehaus/groovy/ast/ClassHelper.java:115|src/main/org/codehaus/groovy/ast/ClassHelper.java:116|src/main/org/codehaus/groovy/ast/ClassHelper.java:117|src/main/org/codehaus/groovy/ast/ClassHelper.java:118|src/main/org/codehaus/groovy/ast/ClassHelper.java:119|src/main/org/codehaus/groovy/ast/ClassHelper.java:120|src/main/org/codehaus/groovy/ast/ClassHelper.java:123|src/main/org/codehaus/groovy/ast/ClassHelper.java:124|src/main/org/codehaus/groovy/ast/ClassHelper.java:131|src/main/org/codehaus/groovy/ast/ClassHelper.java:146|src/main/org/codehaus/groovy/ast/ClassHelper.java:154|src/main/org/codehaus/groovy/ast/ClassHelper.java:165|src/main/org/codehaus/groovy/ast/ClassHelper.java:170|src/main/org/codehaus/groovy/ast/ClassHelper.java:174|src/main/org/codehaus/groovy/ast/ClassHelper.java:175|src/main/org/codehaus/groovy/ast/ClassHelper.java:178|src/main/org/codehaus/groovy/ast/ClassHelper.java:181|src/main/org/codehaus/groovy/ast/ClassHelper.java:184|src/main/org/codehaus/groovy/ast/ClassHelper.java:185|src/main/org/codehaus/groovy/ast/ClassHelper.java:188|src/main/org/codehaus/groovy/ast/ClassHelper.java:190|src/main/org/codehaus/groovy/ast/ClassHelper.java:197|src/main/org/codehaus/groovy/ast/ClassHelper.java:198|src/main/org/codehaus/groovy/ast/ClassHelper.java:212|src/main/org/codehaus/groovy/ast/ClassHelper.java:216|src/main/org/codehaus/groovy/ast/ClassHelper.java:217|src/main/org/codehaus/groovy/ast/ClassHelper.java:222|src/main/org/codehaus/groovy/ast/ClassHelper.java:223|src/main/org/codehaus/groovy/ast/ClassHelper.java:226|src/main/org/codehaus/groovy/ast/ClassHelper.java:232|src/main/org/codehaus/groovy/ast/ClassHelper.java:236|src/main/org/codehaus/groovy/ast/ClassHelper.java:239|src/main/org/codehaus/groovy/ast/ClassHelper.java:244|src/main/org/codehaus/groovy/ast/ClassHelper.java:247|src/main/org/codehaus/groovy/ast/ClassHelper.java:252|src/main/org/codehaus/groovy/ast/ClassHelper.java:253|src/main/org/codehaus/groovy/ast/ClassHelper.java:254|src/main/org/codehaus/groovy/ast/ClassHelper.java:255|src/main/org/codehaus/groovy/ast/ClassHelper.java:258|src/main/org/codehaus/groovy/ast/ClassHelper.java:263|src/main/org/codehaus/groovy/ast/ClassHelper.java:265|src/main/org/codehaus/groovy/ast/ClassHelper.java:267|src/main/org/codehaus/groovy/ast/ClassHelper.java:269|src/main/org/codehaus/groovy/ast/ClassHelper.java:271|src/main/org/codehaus/groovy/ast/ClassHelper.java:273|src/main/org/codehaus/groovy/ast/ClassHelper.java:275|src/main/org/codehaus/groovy/ast/ClassHelper.java:277|src/main/org/codehaus/groovy/ast/ClassHelper.java:279|src/main/org/codehaus/groovy/ast/ClassHelper.java:281|src/main/org/codehaus/groovy/ast/ClassHelper.java:282|src/main/org/codehaus/groovy/ast/ClassHelper.java:290|src/main/org/codehaus/groovy/ast/ClassHelper.java:292|src/main/org/codehaus/groovy/ast/ClassHelper.java:294|src/main/org/codehaus/groovy/ast/ClassHelper.java:296|src/main/org/codehaus/groovy/ast/ClassHelper.java:298|src/main/org/codehaus/groovy/ast/ClassHelper.java:300|src/main/org/codehaus/groovy/ast/ClassHelper.java:302|src/main/org/codehaus/groovy/ast/ClassHelper.java:304|src/main/org/codehaus/groovy/ast/ClassHelper.java:306|src/main/org/codehaus/groovy/ast/ClassHelper.java:307|src/main/org/codehaus/groovy/ast/ClassHelper.java:317|src/main/org/codehaus/groovy/ast/ClassHelper.java:324|src/main/org/codehaus/groovy/ast/ClassHelper.java:338|src/main/org/codehaus/groovy/ast/ClassHelper.java:348|src/main/org/codehaus/groovy/ast/ClassHelper.java:360|src/main/org/codehaus/groovy/ast/ClassHelper.java:402|src/main/org/codehaus/groovy/ast/ClassHelper.java:409|src/main/org/codehaus/groovy/ast/ClassHelper.java:412|src/main/org/codehaus/groovy/ast/ClassHelper.java:421|src/main/org/codehaus/groovy/ast/ClassHelper.java:424|src/main/org/codehaus/groovy/ast/ClassHelper.java:434|src/main/org/codehaus/groovy/ast/ClassHelper.java:436|src/main/org/codehaus/groovy/ast/ClassHelper.java:439|src/main/org/codehaus/groovy/ast/ClassHelper.java:447|src/main/org/codehaus/groovy/ast/ClassHelper.java:453|src/main/org/codehaus/groovy/ast/ClassHelper.java:454|src/main/org/codehaus/groovy/ast/ClassHelper.java:468|src/main/org/codehaus/groovy/ast/ClassHelper.java:469|src/main/org/codehaus/groovy/ast/ClassHelper.java:470
506683d0095558822da4375a3922b26862b1fe3d:src/main/org/codehaus/groovy/transform/NewifyASTTransformation.java:52|src/main/org/codehaus/groovy/transform/NewifyASTTransformation.java:53|src/main/org/codehaus/groovy/transform/NewifyASTTransformation.java:54
0ad49d6ab15c0051a0c812c6f5ad8080e7615e7b:src/main/org/codehaus/groovy/runtime/GroovyCategorySupport.java:43|src/main/org/codehaus/groovy/runtime/GroovyCategorySupport.java:75|src/main/org/codehaus/groovy/runtime/GroovyCategorySupport.java:76|src/main/org/codehaus/groovy/runtime/GroovyCategorySupport.java:98|src/main/org/codehaus/groovy/runtime/GroovyCategorySupport.java:100|src/main/org/codehaus/groovy/runtime/GroovyCategorySupport.java:265|src/main/org/codehaus/groovy/runtime/GroovyCategorySupport.java:271
8223b98afc050ef9375c313511bee3c7fb0c42e6:src/main/org/codehaus/groovy/transform/trait/TraitReceiverTransformer.java:149|src/main/org/codehaus/groovy/transform/trait/TraitReceiverTransformer.java:150|src/main/org/codehaus/groovy/transform/trait/TraitReceiverTransformer.java:152|src/main/org/codehaus/groovy/transform/trait/TraitReceiverTransformer.java:155|src/main/org/codehaus/groovy/transform/trait/TraitReceiverTransformer.java:156|src/main/org/codehaus/groovy/transform/trait/TraitReceiverTransformer.java:158
3460704001f17fb8a2e9664553d29b24be9dd93e:src/main/org/codehaus/groovy/transform/AnnotationCollectorTransform.java:242|src/main/org/codehaus/groovy/transform/trait/Traits.java:158|src/main/org/codehaus/groovy/transform/trait/Traits.java:160
50b06f1f160575ccec4d87c32ba1b6d909328480:src/main/org/codehaus/groovy/classgen/asm/sc/StaticTypesCallSiteWriter.java:214|src/main/org/codehaus/groovy/classgen/asm/sc/StaticTypesCallSiteWriter.java:215|src/main/org/codehaus/groovy/classgen/asm/sc/StaticTypesCallSiteWriter.java:217|src/main/org/codehaus/groovy/classgen/asm/sc/StaticTypesCallSiteWriter.java:218|src/main/org/codehaus/groovy/classgen/asm/sc/StaticTypesCallSiteWriter.java:220|src/main/org/codehaus/groovy/classgen/asm/sc/StaticTypesCallSiteWriter.java:221|src/main/org/codehaus/groovy/classgen/asm/sc/StaticTypesCallSiteWriter.java:222|src/main/org/codehaus/groovy/classgen/asm/sc/StaticTypesCallSiteWriter.java:223|src/main/org/codehaus/groovy/classgen/asm/sc/StaticTypesCallSiteWriter.java:224|src/main/org/codehaus/groovy/classgen/asm/sc/StaticTypesCallSiteWriter.java:225|src/main/org/codehaus/groovy/classgen/asm/sc/StaticTypesCallSiteWriter.java:226
c3220ee5e2422073fed6353790e85af4a3983c3b:src/main/org/codehaus/groovy/control/customizers/SecureASTCustomizer.java:701
3ab66db22e59baf69aa2977c838881f2e93d16bc:src/main/org/codehaus/groovy/transform/trait/TraitASTTransformation.java:72|src/main/org/codehaus/groovy/transform/trait/TraitASTTransformation.java:73|src/main/org/codehaus/groovy/transform/trait/TraitASTTransformation.java:74|src/main/org/codehaus/groovy/transform/trait/TraitASTTransformation.java:447|src/main/org/codehaus/groovy/transform/trait/TraitComposer.java:253
2bd2405b90310d97934616c6ee8f5bc74a40c993:subprojects/groovy-groovydoc/src/main/java/org/codehaus/groovy/tools/groovydoc/SimpleGroovyClassDocAssembler.java:31
a69a2ce31fa577dda818ebe11d56a76171538c0b:subprojects/groovy-groovydoc/src/main/java/org/codehaus/groovy/tools/groovydoc/SimpleGroovyClassDocAssembler.java:689
6d0ca01b430201ef6a05f25f1cfd3cf72c973da1:src/main/org/codehaus/groovy/runtime/metaclass/MetaMethodIndex.java:384|src/main/org/codehaus/groovy/runtime/metaclass/MetaMethodIndex.java:416
715e99a5844639595b9b90c7351eba5616ae8770:src/main/org/codehaus/groovy/transform/DelegateASTTransformation.java:161|src/main/org/codehaus/groovy/transform/DelegateASTTransformation.java:188|src/main/org/codehaus/groovy/transform/DelegateASTTransformation.java:190|src/main/org/codehaus/groovy/transform/DelegateASTTransformation.java:191|src/main/org/codehaus/groovy/transform/DelegateASTTransformation.java:192|src/main/org/codehaus/groovy/transform/DelegateASTTransformation.java:193|src/main/org/codehaus/groovy/transform/DelegateASTTransformation.java:194|src/main/org/codehaus/groovy/transform/DelegateASTTransformation.java:195|src/main/org/codehaus/groovy/transform/DelegateASTTransformation.java:196|src/main/org/codehaus/groovy/transform/DelegateASTTransformation.java:197
22f327f6f76be62d67d121e77bcec76751ba69a2:src/main/groovy/lang/MetaClassImpl.java:501|src/main/groovy/lang/MetaClassImpl.java:502|src/main/groovy/lang/MetaClassImpl.java:503|src/main/groovy/lang/MetaClassImpl.java:504
f77e2c7d0347840cb893462bc837ace7d1db7e32:src/main/org/codehaus/groovy/classgen/asm/OptimizingStatementWriter.java:378|src/main/org/codehaus/groovy/classgen/asm/OptimizingStatementWriter.java:379
c6fec8aee12f6b5f54863db7b867e2a2ca966457:src/main/org/codehaus/groovy/transform/trait/TraitASTTransformation.java:418|src/main/org/codehaus/groovy/transform/trait/TraitASTTransformation.java:419|src/main/org/codehaus/groovy/transform/trait/TraitASTTransformation.java:420|src/main/org/codehaus/groovy/transform/trait/TraitASTTransformation.java:421|src/main/org/codehaus/groovy/transform/trait/TraitASTTransformation.java:422|src/main/org/codehaus/groovy/transform/trait/TraitASTTransformation.java:423|src/main/org/codehaus/groovy/transform/trait/TraitASTTransformation.java:424|src/main/org/codehaus/groovy/transform/trait/TraitASTTransformation.java:425|src/main/org/codehaus/groovy/transform/trait/TraitASTTransformation.java:426|src/main/org/codehaus/groovy/transform/trait/TraitASTTransformation.java:427|src/main/org/codehaus/groovy/transform/trait/TraitASTTransformation.java:428|src/main/org/codehaus/groovy/transform/trait/TraitComposer.java:217|src/main/org/codehaus/groovy/transform/trait/TraitComposer.java:218|src/main/org/codehaus/groovy/transform/trait/TraitComposer.java:219|src/main/org/codehaus/groovy/transform/trait/TraitComposer.java:220|src/main/org/codehaus/groovy/transform/trait/TraitComposer.java:222|src/main/org/codehaus/groovy/transform/trait/TraitComposer.java:223|src/main/org/codehaus/groovy/transform/trait/TraitComposer.java:224|src/main/org/codehaus/groovy/transform/trait/TraitComposer.java:225|src/main/org/codehaus/groovy/transform/trait/TraitComposer.java:228|src/main/org/codehaus/groovy/transform/trait/TraitComposer.java:230|src/main/org/codehaus/groovy/transform/trait/TraitComposer.java:231|src/main/org/codehaus/groovy/transform/trait/TraitComposer.java:232|src/main/org/codehaus/groovy/transform/trait/TraitComposer.java:233|src/main/org/codehaus/groovy/transform/trait/TraitComposer.java:234|src/main/org/codehaus/groovy/transform/trait/TraitComposer.java:235|src/main/org/codehaus/groovy/transform/trait/TraitComposer.java:236|src/main/org/codehaus/groovy/transform/trait/TraitComposer.java:237|src/main/org/codehaus/groovy/transform/trait/TraitComposer.java:238|src/main/org/codehaus/groovy/transform/trait/TraitComposer.java:239|src/main/org/codehaus/groovy/transform/trait/TraitComposer.java:240|src/main/org/codehaus/groovy/transform/trait/TraitComposer.java:241|src/main/org/codehaus/groovy/transform/trait/TraitComposer.java:244|src/main/org/codehaus/groovy/transform/trait/TraitComposer.java:269|src/main/org/codehaus/groovy/transform/trait/TraitComposer.java:275|src/main/org/codehaus/groovy/transform/trait/TraitComposer.java:276|src/main/org/codehaus/groovy/transform/trait/TraitComposer.java:277|src/main/org/codehaus/groovy/transform/trait/TraitComposer.java:278|src/main/org/codehaus/groovy/transform/trait/TraitComposer.java:279|src/main/org/codehaus/groovy/transform/trait/TraitComposer.java:280|src/main/org/codehaus/groovy/transform/trait/TraitComposer.java:281|src/main/org/codehaus/groovy/transform/trait/TraitComposer.java:282|src/main/org/codehaus/groovy/transform/trait/TraitComposer.java:283|src/main/org/codehaus/groovy/transform/trait/TraitComposer.java:284|src/main/org/codehaus/groovy/transform/trait/TraitComposer.java:285|src/main/org/codehaus/groovy/transform/trait/TraitComposer.java:286|src/main/org/codehaus/groovy/transform/trait/TraitComposer.java:287|src/main/org/codehaus/groovy/transform/trait/TraitComposer.java:288|src/main/org/codehaus/groovy/transform/trait/TraitComposer.java:289
131b3dfb78ad2c4db1be625aac2664668d62797d:src/main/org/codehaus/groovy/transform/stc/StaticTypeCheckingVisitor.java:552
3f66cfccda150bd51a71c4cf976d3eaa0c327cae:src/main/org/codehaus/groovy/transform/ImmutableASTTransformation.java:251|src/main/org/codehaus/groovy/transform/ImmutableASTTransformation.java:252|src/main/org/codehaus/groovy/transform/trait/TraitASTTransformation.java:557|src/main/org/codehaus/groovy/transform/trait/TraitASTTransformation.java:558|src/main/org/codehaus/groovy/transform/trait/TraitASTTransformation.java:559
b549062485cbd82dfde5537a16ddee126cc7fcfc:src/main/org/codehaus/groovy/classgen/asm/CompileStack.java:260|src/main/org/codehaus/groovy/classgen/asm/CompileStack.java:775|src/main/org/codehaus/groovy/classgen/asm/CompileStack.java:776|src/main/org/codehaus/groovy/classgen/asm/CompileStack.java:777|src/main/org/codehaus/groovy/classgen/asm/CompileStack.java:778|src/main/org/codehaus/groovy/classgen/asm/CompileStack.java:792|src/main/org/codehaus/groovy/classgen/asm/CompileStack.java:793
9329568955e8365ab45bf24181951f6f36a483a5:subprojects/groovy-sql/src/main/java/groovy/sql/Sql.java:4442
b18062a9e524512769e370b1e204a6df5a35c03e:src/main/org/codehaus/groovy/reflection/ClassInfo.java:77|src/main/org/codehaus/groovy/reflection/ClassInfo.java:113|src/main/org/codehaus/groovy/reflection/ClassInfo.java:114|src/main/org/codehaus/groovy/reflection/ClassInfo.java:115|src/main/org/codehaus/groovy/reflection/ClassInfo.java:116|src/main/org/codehaus/groovy/reflection/ClassInfo.java:117|src/main/org/codehaus/groovy/reflection/ClassInfo.java:118|src/main/org/codehaus/groovy/reflection/ClassInfo.java:190|src/main/org/codehaus/groovy/reflection/ClassInfo.java:191|src/main/org/codehaus/groovy/reflection/ClassInfo.java:192|src/main/org/codehaus/groovy/reflection/ClassInfo.java:193|src/main/org/codehaus/groovy/reflection/ClassInfo.java:194|src/main/org/codehaus/groovy/reflection/ClassInfo.java:195|src/main/org/codehaus/groovy/reflection/ClassInfo.java:204|src/main/org/codehaus/groovy/reflection/ClassInfo.java:205|src/main/org/codehaus/groovy/reflection/ClassInfo.java:206|src/main/org/codehaus/groovy/reflection/ClassInfo.java:207|src/main/org/codehaus/groovy/reflection/ClassInfo.java:208|src/main/org/codehaus/groovy/reflection/ClassInfo.java:209|src/main/org/codehaus/groovy/reflection/ClassInfo.java:210|src/main/org/codehaus/groovy/reflection/ClassInfo.java:211|src/main/org/codehaus/groovy/reflection/ClassInfo.java:212|src/main/org/codehaus/groovy/reflection/ClassInfo.java:460|src/main/org/codehaus/groovy/reflection/ClassInfo.java:462|src/main/org/codehaus/groovy/reflection/ClassInfo.java:463|src/main/org/codehaus/groovy/reflection/ClassInfo.java:464|src/main/org/codehaus/groovy/reflection/ClassInfo.java:466|src/main/org/codehaus/groovy/reflection/ClassInfo.java:467|src/main/org/codehaus/groovy/reflection/ClassInfo.java:468|src/main/org/codehaus/groovy/reflection/ClassInfo.java:470|src/main/org/codehaus/groovy/reflection/ClassInfo.java:471|src/main/org/codehaus/groovy/reflection/ClassInfo.java:472|src/main/org/codehaus/groovy/reflection/ClassInfo.java:473|src/main/org/codehaus/groovy/reflection/ClassInfo.java:474|src/main/org/codehaus/groovy/reflection/ClassInfo.java:476|src/main/org/codehaus/groovy/reflection/ClassInfo.java:477|src/main/org/codehaus/groovy/reflection/ClassInfo.java:478|src/main/org/codehaus/groovy/reflection/ClassInfo.java:479|src/main/org/codehaus/groovy/reflection/ClassInfo.java:480|src/main/org/codehaus/groovy/runtime/metaclass/MetaClassRegistryImpl.java:31|src/main/org/codehaus/groovy/runtime/metaclass/MetaClassRegistryImpl.java:65|src/main/org/codehaus/groovy/runtime/metaclass/MetaClassRegistryImpl.java:450|src/main/org/codehaus/groovy/runtime/metaclass/MetaClassRegistryImpl.java:451|src/main/org/codehaus/groovy/runtime/metaclass/MetaClassRegistryImpl.java:452|src/main/org/codehaus/groovy/runtime/metaclass/MetaClassRegistryImpl.java:453
ba83e3b29335101a1224da968723c99de18a4328:src/main/org/codehaus/groovy/transform/trait/TraitASTTransformation.java:207|src/main/org/codehaus/groovy/transform/trait/TraitASTTransformation.java:388|src/main/org/codehaus/groovy/transform/trait/TraitASTTransformation.java:391|src/main/org/codehaus/groovy/transform/trait/TraitASTTransformation.java:392|src/main/org/codehaus/groovy/transform/trait/TraitASTTransformation.java:393|src/main/org/codehaus/groovy/transform/trait/TraitASTTransformation.java:394|src/main/org/codehaus/groovy/transform/trait/TraitASTTransformation.java:395|src/main/org/codehaus/groovy/transform/trait/TraitASTTransformation.java:396|src/main/org/codehaus/groovy/transform/trait/TraitASTTransformation.java:397|src/main/org/codehaus/groovy/transform/trait/TraitASTTransformation.java:398|src/main/org/codehaus/groovy/transform/trait/TraitASTTransformation.java:399|src/main/org/codehaus/groovy/transform/trait/TraitASTTransformation.java:400|src/main/org/codehaus/groovy/transform/trait/TraitASTTransformation.java:401|src/main/org/codehaus/groovy/transform/trait/TraitASTTransformation.java:402|src/main/org/codehaus/groovy/transform/trait/TraitASTTransformation.java:403|src/main/org/codehaus/groovy/transform/trait/TraitASTTransformation.java:408|src/main/org/codehaus/groovy/transform/trait/TraitASTTransformation.java:409|src/main/org/codehaus/groovy/transform/trait/TraitASTTransformation.java:410|src/main/org/codehaus/groovy/transform/trait/TraitASTTransformation.java:412|src/main/org/codehaus/groovy/transform/trait/TraitASTTransformation.java:414|src/main/org/codehaus/groovy/transform/trait/TraitASTTransformation.java:415|src/main/org/codehaus/groovy/transform/trait/TraitASTTransformation.java:416
f54a5abb6d8e54c41b80ca5a8c7bd56982d8af42:subprojects/groovy-sql/src/main/java/groovy/sql/Sql.java:580|subprojects/groovy-sql/src/main/java/groovy/sql/Sql.java:581|subprojects/groovy-sql/src/main/java/groovy/sql/Sql.java:582
538f20074ace913fae4ac98703be8e6033906b68:src/main/groovy/lang/MetaClassImpl.java:2681|src/main/groovy/lang/MetaClassImpl.java:2682|src/main/groovy/lang/MetaClassImpl.java:2683|src/main/groovy/lang/MetaClassImpl.java:2684|src/main/groovy/lang/MetaClassImpl.java:2685|src/main/groovy/lang/MetaClassImpl.java:2686|src/main/groovy/lang/MetaClassImpl.java:2687
a602a866d9e60bf2fdb4364bbeaad6d3aab5b20f:src/main/org/codehaus/groovy/transform/trait/SuperCallTraitTransformer.java:142|src/main/org/codehaus/groovy/transform/trait/SuperCallTraitTransformer.java:143|src/main/org/codehaus/groovy/transform/trait/SuperCallTraitTransformer.java:144|src/main/org/codehaus/groovy/transform/trait/SuperCallTraitTransformer.java:145|src/main/org/codehaus/groovy/transform/trait/SuperCallTraitTransformer.java:146|src/main/org/codehaus/groovy/transform/trait/SuperCallTraitTransformer.java:147|src/main/org/codehaus/groovy/transform/trait/SuperCallTraitTransformer.java:148|src/main/org/codehaus/groovy/transform/trait/SuperCallTraitTransformer.java:149|src/main/org/codehaus/groovy/transform/trait/SuperCallTraitTransformer.java:150|src/main/org/codehaus/groovy/transform/trait/SuperCallTraitTransformer.java:151|src/main/org/codehaus/groovy/transform/trait/SuperCallTraitTransformer.java:152
c29f252f35cc83c2e77c7eabc79f2d7e8623a65c:src/main/org/codehaus/groovy/transform/trait/SuperCallTraitTransformer.java:37|src/main/org/codehaus/groovy/transform/trait/SuperCallTraitTransformer.java:59|src/main/org/codehaus/groovy/transform/trait/SuperCallTraitTransformer.java:60|src/main/org/codehaus/groovy/transform/trait/SuperCallTraitTransformer.java:61|src/main/org/codehaus/groovy/transform/trait/SuperCallTraitTransformer.java:77|src/main/org/codehaus/groovy/transform/trait/SuperCallTraitTransformer.java:82|src/main/org/codehaus/groovy/transform/trait/SuperCallTraitTransformer.java:109|src/main/org/codehaus/groovy/transform/trait/SuperCallTraitTransformer.java:110|src/main/org/codehaus/groovy/transform/trait/SuperCallTraitTransformer.java:111|src/main/org/codehaus/groovy/transform/trait/SuperCallTraitTransformer.java:126|src/main/org/codehaus/groovy/transform/trait/SuperCallTraitTransformer.java:130|src/main/org/codehaus/groovy/transform/trait/Traits.java:139
8cff58c2d4c111a698010566df8815db75e86c20:src/main/org/codehaus/groovy/transform/LogASTTransformation.java:132|src/main/org/codehaus/groovy/transform/LogASTTransformation.java:134|src/main/org/codehaus/groovy/transform/LogASTTransformation.java:139|src/main/org/codehaus/groovy/transform/LogASTTransformation.java:142|src/main/org/codehaus/groovy/transform/LogASTTransformation.java:143|src/main/org/codehaus/groovy/transform/LogASTTransformation.java:147|src/main/org/codehaus/groovy/transform/LogASTTransformation.java:149