f5d2ba66d6253fb54811d3ceb40d4ef4591dfb20:bookkeeper-server/src/main/java/org/apache/bookkeeper/net/DNSToSwitchMapping.java|bookkeeper-server/src/main/java/org/apache/bookkeeper/net/ScriptBasedMapping.java
e988a3cb876b5939e103e36b985ddab05173569c:bookkeeper-server/src/main/java/org/apache/bookkeeper/client/LedgerHandleAdv.java|bookkeeper-server/src/main/java/org/apache/bookkeeper/util/Main.java
24ac8ead6240aaaaa845afccb4e606fbe0da1602:bookkeeper-server/src/main/java/org/apache/bookkeeper/bookie/EntryLogger.java
f47dd4272f54bb95fd38abdd6c492dbe199dd7a4:bookkeeper-server/src/main/java/org/apache/bookkeeper/tools/BookKeeperTools.java
dd08ce1a644de00967dd5fe34ce15caa9789d775:bookkeeper-server/src/main/java/org/apache/bookkeeper/bookie/Bookie.java|bookkeeper-server/src/main/java/org/apache/bookkeeper/bookie/BookieBean.java|bookkeeper-server/src/main/java/org/apache/bookkeeper/bookie/BookieMXBean.java|bookkeeper-server/src/main/java/org/apache/bookkeeper/bookie/InterleavedLedgerStorage.java|bookkeeper-server/src/main/java/org/apache/bookkeeper/bookie/LedgerCache.java|bookkeeper-server/src/main/java/org/apache/bookkeeper/bookie/LedgerCacheBean.java|bookkeeper-server/src/main/java/org/apache/bookkeeper/bookie/LedgerCacheImpl.java|bookkeeper-server/src/main/java/org/apache/bookkeeper/bookie/LedgerCacheMXBean.java|bookkeeper-server/src/main/java/org/apache/bookkeeper/bookie/LedgerStorage.java|bookkeeper-server/src/main/java/org/apache/bookkeeper/jmx/BKMBeanInfo.java|bookkeeper-server/src/main/java/org/apache/bookkeeper/jmx/BKMBeanRegistry.java|bookkeeper-server/src/main/java/org/apache/bookkeeper/proto/BookieServer.java|bookkeeper-server/src/main/java/org/apache/bookkeeper/proto/BookieServerBean.java|bookkeeper-server/src/main/java/org/apache/bookkeeper/proto/BookieServerMXBean.java
da70648719679fd1db001c74ad873bf134f16198:bookkeeper-server/src/main/java/org/apache/bookkeeper/proto/BookieNettyServer.java
fc51f73cbc9cdaae9876bc08cafa3e7a80826207:bookkeeper-stats-providers/twitter-ostrich-provider/src/main/java/org/apache/bookkeeper/stats/twitter/ostrich/OpStatsLoggerImpl.java|bookkeeper-stats-providers/twitter-ostrich-provider/src/main/java/org/apache/bookkeeper/stats/twitter/ostrich/OstrichProvider.java|bookkeeper-stats-providers/twitter-science-provider/src/main/java/org/apache/bookkeeper/stats/twitter/science/TwitterStatsProvider.java|bookkeeper-stats/src/main/java/org/apache/bookkeeper/stats/StatsLogger.java
6698912e4d35119a2e85a6ea3877c6771073489c:bookkeeper-server/src/main/java/org/apache/bookkeeper/conf/ServerConfiguration.java|bookkeeper-server/src/main/java/org/apache/bookkeeper/util/LocalBookKeeper.java
64bedc2f92d5bb17783c6ea2a2db7ea29170f264:bookkeeper-server/src/main/java/org/apache/bookkeeper/client/LedgerMetadata.java
5d43260e84c6121df72c0ee4c844651bfb726638:bookkeeper-server/src/main/java/org/apache/bookkeeper/client/BookieWatcher.java
811ece53a1c975c4e768422f3d622ac9de6b3e41:bookkeeper-server/src/main/java/org/apache/bookkeeper/replication/BookieLedgerIndexer.java
d5af77c05256d5942c19aff2654c5d8f5ac1eb79:bookkeeper-server/src/main/java/org/apache/bookkeeper/meta/AbstractZkLedgerManager.java
f74d07d6b96ba3e6f1270d053fa36676cf680304:bookkeeper-server/src/main/java/org/apache/bookkeeper/proto/PerChannelBookieClient.java
48aa69dd0ba41f5ba7bb2b04f31172c919be4391:bookkeeper-server/src/main/java/org/apache/bookkeeper/replication/ReplicationWorker.java
9001e300ce0d5d2655d437e3eaa52f91487caed6:bookkeeper-server/src/main/java/org/apache/bookkeeper/proto/PerChannelBookieClient.java
bf8ef14bc1bfdde6c6c8edcd7f380b4beca023f6:bookkeeper-server/src/main/java/org/apache/bookkeeper/bookie/Bookie.java|bookkeeper-server/src/main/java/org/apache/bookkeeper/bookie/HandleFactoryImpl.java
3d3340be7d754af1738a117ee07e3bed04ec5547:bookkeeper-server/src/main/java/org/apache/bookkeeper/client/LedgerHandle.java|bookkeeper-server/src/main/java/org/apache/bookkeeper/client/ReadOnlyLedgerHandle.java|bookkeeper-server/src/main/java/org/apache/bookkeeper/conf/ServerConfiguration.java
32ebf0ad68f85daffdec571e28206339a4d09443:bookkeeper-server/src/main/java/org/apache/bookkeeper/client/BookKeeper.java
13d668f2208bf472e4938cfdfd2de912eaa11275:bookkeeper-server/src/main/java/org/apache/bookkeeper/auth/AuthProviderFactoryFactory.java|bookkeeper-server/src/main/java/org/apache/bookkeeper/auth/BookieAuthProvider.java|bookkeeper-server/src/main/java/org/apache/bookkeeper/auth/ClientAuthProvider.java|bookkeeper-server/src/main/java/org/apache/bookkeeper/conf/ClientConfiguration.java|bookkeeper-server/src/main/java/org/apache/bookkeeper/proto/AuthHandler.java|bookkeeper-server/src/main/java/org/apache/bookkeeper/proto/BookieClient.java|bookkeeper-server/src/main/java/org/apache/bookkeeper/proto/BookieNettyServer.java|bookkeeper-server/src/main/java/org/apache/bookkeeper/proto/BookkeeperProtocol.java|bookkeeper-server/src/main/java/org/apache/bookkeeper/proto/PerChannelBookieClient.java|bookkeeper-server/src/main/java/org/apache/bookkeeper/replication/Auditor.java
ca7e5fd80662745e7f64ee8f70c66dc9734f6e3a:bookkeeper-server/src/main/java/org/apache/bookkeeper/bookie/BookieShell.java
6e738d0c02ebe6710a24aad505e2fd9386bb8821:bookkeeper-server/src/main/java/org/apache/bookkeeper/bookie/EntryMemTable.java|bookkeeper-server/src/main/java/org/apache/bookkeeper/bookie/SortedLedgerStorage.java
4cf097871d28b70a53f8c6bffaf1c2022e9953b2:bookkeeper-server/src/main/java/org/apache/bookkeeper/client/BookKeeperAdmin.java
8f0bed9f8401001abd683c420757610996cf96d8:bookkeeper-server/src/main/java/org/apache/bookkeeper/client/LedgerHandleAdv.java
cc3d2701687ce1a4ff14502e2214a381b43aed5f:bookkeeper-server/src/main/java/org/apache/bookkeeper/meta/HierarchicalLedgerManager.java
bf4a4d6a07f9d615752054c6743035cebd86716e:bookkeeper-server/src/main/java/org/apache/bookkeeper/client/BookKeeper.java|bookkeeper-server/src/main/java/org/apache/bookkeeper/client/BookKeeperAdmin.java|bookkeeper-server/src/main/java/org/apache/bookkeeper/client/LedgerHandle.java|bookkeeper-server/src/main/java/org/apache/bookkeeper/client/LedgerHandleAdv.java
64f596f4563436b3e4cfe0f57714fc3012778b4c:bookkeeper-server/src/main/java/org/apache/bookkeeper/client/LedgerOpenOp.java
8324632b2983beba1528ab53a999340756c7f563:bookkeeper-server/src/main/java/org/apache/bookkeeper/conf/AbstractConfiguration.java
1f7e47005588eedd879d0b9d163b4f125c6a0d59:bookkeeper-server/src/main/java/org/apache/bookkeeper/client/LedgerHandleAdv.java
2f71beb5e4b06691d4fd6c2601b78632236b3533:bookkeeper-benchmark/src/main/java/org/apache/bookkeeper/benchmark/BenchBookie.java|bookkeeper-benchmark/src/main/java/org/apache/bookkeeper/benchmark/BenchReadThroughputLatency.java|bookkeeper-benchmark/src/main/java/org/apache/bookkeeper/benchmark/BenchThroughputLatency.java|bookkeeper-benchmark/src/main/java/org/apache/bookkeeper/benchmark/TestClient.java|bookkeeper-server/src/main/java/org/apache/bookkeeper/bookie/Bookie.java|bookkeeper-server/src/main/java/org/apache/bookkeeper/bookie/EntryLogger.java|bookkeeper-server/src/main/java/org/apache/bookkeeper/bookie/FileSystemUpgrade.java|bookkeeper-server/src/main/java/org/apache/bookkeeper/bookie/GarbageCollectorThread.java|bookkeeper-server/src/main/java/org/apache/bookkeeper/bookie/IndexPersistenceMgr.java|bookkeeper-server/src/main/java/org/apache/bookkeeper/client/LedgerMetadata.java|bookkeeper-server/src/main/java/org/apache/bookkeeper/meta/LedgerLayout.java|bookkeeper-server/src/main/java/org/apache/bookkeeper/meta/ZkLedgerUnderreplicationManager.java|bookkeeper-server/src/main/java/org/apache/bookkeeper/metastore/MetastoreTable.java|bookkeeper-server/src/main/java/org/apache/bookkeeper/metastore/Value.java|bookkeeper-server/src/main/java/org/apache/bookkeeper/replication/AuditorElector.java
e789023c1a86507212559652f60fba49a8800f34:bookkeeper-server/src/main/java/org/apache/bookkeeper/net/DNSToSwitchMapping.java|bookkeeper-server/src/main/java/org/apache/bookkeeper/net/ScriptBasedMapping.java
f465358083c1df77353b1585cc19ea1e5b9cff6e:bookkeeper-server/src/main/java/org/apache/bookkeeper/client/LedgerHandleAdv.java|bookkeeper-server/src/main/java/org/apache/bookkeeper/util/Main.java