35193c2ddcbe8f24ea09eeabd9e90f7bc52097d5:src/plugin/parse-html/src/java/org/apache/nutch/parse/html/DOMContentUtils.java:204|src/plugin/parse-html/src/java/org/apache/nutch/parse/html/DOMContentUtils.java:226|src/plugin/parse-html/src/java/org/apache/nutch/parse/html/DOMContentUtils.java:227|src/plugin/parse-html/src/java/org/apache/nutch/parse/html/HtmlParser.java:178|src/plugin/parse-tika/src/java/org/apache/nutch/parse/tika/DOMContentUtils.java:204|src/plugin/parse-tika/src/java/org/apache/nutch/parse/tika/DOMContentUtils.java:226|src/plugin/parse-tika/src/java/org/apache/nutch/parse/tika/DOMContentUtils.java:227
d758a31bbee0807bcbc92a591668076cfa95aeb1:src/java/org/apache/nutch/crawl/CrawlDbReader.java:170|src/java/org/apache/nutch/crawl/CrawlDbReader.java:176|src/java/org/apache/nutch/crawl/CrawlDbReader.java:177|src/java/org/apache/nutch/crawl/CrawlDbReader.java:178|src/java/org/apache/nutch/crawl/CrawlDbReader.java:180|src/java/org/apache/nutch/crawl/CrawlDbReader.java:182|src/java/org/apache/nutch/crawl/CrawlDbReader.java:183|src/java/org/apache/nutch/crawl/CrawlDbReader.java:198|src/java/org/apache/nutch/crawl/CrawlDbReader.java:199|src/java/org/apache/nutch/crawl/CrawlDbReader.java:200|src/java/org/apache/nutch/crawl/CrawlDbReader.java:209|src/java/org/apache/nutch/crawl/CrawlDbReader.java:217|src/java/org/apache/nutch/crawl/CrawlDbReader.java:218|src/java/org/apache/nutch/crawl/CrawlDbReader.java:219|src/java/org/apache/nutch/crawl/CrawlDbReader.java:221|src/java/org/apache/nutch/crawl/CrawlDbReader.java:222|src/java/org/apache/nutch/crawl/CrawlDbReader.java:225|src/java/org/apache/nutch/crawl/CrawlDbReader.java:226|src/java/org/apache/nutch/crawl/CrawlDbReader.java:229|src/java/org/apache/nutch/crawl/CrawlDbReader.java:232|src/java/org/apache/nutch/crawl/CrawlDbReader.java:239|src/java/org/apache/nutch/crawl/CrawlDbReader.java:242
607e7d950a2f3399db161b5a6770b40bf1d60c1a:src/plugin/parse-html/src/java/org/apache/nutch/parse/html/DOMContentUtils.java:204|src/plugin/parse-html/src/java/org/apache/nutch/parse/html/DOMContentUtils.java:226|src/plugin/parse-html/src/java/org/apache/nutch/parse/html/DOMContentUtils.java:227|src/plugin/parse-html/src/java/org/apache/nutch/parse/html/HtmlParser.java:178|src/plugin/parse-tika/src/java/org/apache/nutch/parse/tika/DOMContentUtils.java:204|src/plugin/parse-tika/src/java/org/apache/nutch/parse/tika/DOMContentUtils.java:226|src/plugin/parse-tika/src/java/org/apache/nutch/parse/tika/DOMContentUtils.java:227
12e14ac0604298e09672287ba20ccb13a56d4fd7:src/java/org/apache/nutch/crawl/CrawlDbReader.java:170|src/java/org/apache/nutch/crawl/CrawlDbReader.java:176|src/java/org/apache/nutch/crawl/CrawlDbReader.java:177|src/java/org/apache/nutch/crawl/CrawlDbReader.java:178|src/java/org/apache/nutch/crawl/CrawlDbReader.java:180|src/java/org/apache/nutch/crawl/CrawlDbReader.java:182|src/java/org/apache/nutch/crawl/CrawlDbReader.java:183|src/java/org/apache/nutch/crawl/CrawlDbReader.java:198|src/java/org/apache/nutch/crawl/CrawlDbReader.java:199|src/java/org/apache/nutch/crawl/CrawlDbReader.java:200|src/java/org/apache/nutch/crawl/CrawlDbReader.java:209|src/java/org/apache/nutch/crawl/CrawlDbReader.java:217|src/java/org/apache/nutch/crawl/CrawlDbReader.java:218|src/java/org/apache/nutch/crawl/CrawlDbReader.java:219|src/java/org/apache/nutch/crawl/CrawlDbReader.java:221|src/java/org/apache/nutch/crawl/CrawlDbReader.java:222|src/java/org/apache/nutch/crawl/CrawlDbReader.java:225|src/java/org/apache/nutch/crawl/CrawlDbReader.java:226|src/java/org/apache/nutch/crawl/CrawlDbReader.java:229|src/java/org/apache/nutch/crawl/CrawlDbReader.java:232|src/java/org/apache/nutch/crawl/CrawlDbReader.java:239|src/java/org/apache/nutch/crawl/CrawlDbReader.java:242
a7bc1a8c5a3a5ab9c72574afd98089a354bf0484:src/java/org/apache/nutch/indexer/IndexerMapReduce.java:245|src/java/org/apache/nutch/indexer/IndexerMapReduce.java:266|src/java/org/apache/nutch/indexer/IndexerMapReduce.java:267|src/java/org/apache/nutch/indexer/IndexerMapReduce.java:269
b8580b3dd3d47c8f0157d9860f8dab8d1dc8607c:src/plugin/headings/src/java/org/apache/nutch/parse/headings/HeadingsParseFilter.java:108|src/plugin/headings/src/java/org/apache/nutch/parse/headings/HeadingsParseFilter.java:110|src/plugin/headings/src/java/org/apache/nutch/parse/headings/HeadingsParseFilter.java:111|src/plugin/headings/src/java/org/apache/nutch/parse/headings/HeadingsParseFilter.java:112
2352f9a4f47693cd8ca653f0b0629d186593fc4a:src/java/org/apache/nutch/util/domain/DomainStatistics.java:125|src/java/org/apache/nutch/util/domain/DomainStatistics.java:126
106a215cbd430a13e29ee590e948e198abf6445c:src/plugin/indexer-elastic/src/java/org/apache/nutch/indexwriter/elastic/ElasticIndexWriter.java:108|src/plugin/indexer-elastic/src/java/org/apache/nutch/indexwriter/elastic/ElasticIndexWriter.java:110
63037c71370cad1eba4152668f33b184c686d092:src/java/org/apache/nutch/crawl/URLPartitioner.java:67|src/java/org/apache/nutch/crawl/URLPartitioner.java:71|src/java/org/apache/nutch/crawl/URLPartitioner.java:78|src/plugin/index-more/src/java/org/apache/nutch/indexer/more/MoreIndexingFilter.java:335|src/plugin/urlnormalizer-host/src/java/org/apache/nutch/net/urlnormalizer/host/HostURLNormalizer.java:76
9f54d5b3ec5a0fd36f91ec8af762e52859f4eeea:src/plugin/lib-http/src/java/org/apache/nutch/protocol/http/api/HttpBase.java:264
4d67a77bde35a8af1b7d62e7cd281bdf13b11b80:src/java/org/apache/nutch/util/CommandRunner.java:117
61985f17998d1deaa47d8e56b46136e0fc1f4108:src/java/org/apache/nutch/net/URLNormalizers.java:55|src/java/org/apache/nutch/net/URLNormalizers.java:56|src/java/org/apache/nutch/plugin/PluginRepository.java:59|src/java/org/apache/nutch/segment/SegmentMerger.java:70|src/java/org/apache/nutch/segment/SegmentMerger.java:72|src/java/org/apache/nutch/segment/SegmentMerger.java:111|src/java/org/apache/nutch/segment/SegmentPart.java:56|src/java/org/apache/nutch/tools/arc/ArcRecordReader.java:39|src/java/org/apache/nutch/util/EncodingDetector.java:51|src/java/org/apache/nutch/util/EncodingDetector.java:63|src/java/org/apache/nutch/util/MimeUtil.java:222|src/java/org/apache/nutch/util/MimeUtil.java:223|src/java/org/apache/nutch/util/PrefixStringMatcher.java:72|src/java/org/apache/nutch/util/PrefixStringMatcher.java:73|src/java/org/apache/nutch/util/PrefixStringMatcher.java:88|src/java/org/apache/nutch/util/PrefixStringMatcher.java:89|src/java/org/apache/nutch/util/SuffixStringMatcher.java:69|src/java/org/apache/nutch/util/SuffixStringMatcher.java:70|src/java/org/apache/nutch/util/SuffixStringMatcher.java:85|src/java/org/apache/nutch/util/SuffixStringMatcher.java:86|src/java/org/apache/nutch/util/TrieStringMatcher.java:193|src/java/org/apache/nutch/util/TrieStringMatcher.java:194|src/java/org/apache/nutch/util/TrieStringMatcher.java:200|src/java/org/apache/nutch/util/TrieStringMatcher.java:201|src/java/org/apache/nutch/util/URLUtil.java:279|src/java/org/apache/nutch/util/URLUtil.java:282|src/java/org/apache/nutch/util/URLUtil.java:283|src/java/org/apache/nutch/util/URLUtil.java:286|src/java/org/apache/nutch/util/URLUtil.java:309|src/java/org/apache/nutch/util/URLUtil.java:310|src/java/org/apache/nutch/util/URLUtil.java:311|src/java/org/apache/nutch/util/URLUtil.java:312|src/plugin/index-anchor/src/java/org/apache/nutch/indexer/anchor/AnchorIndexingFilter.java:35|src/plugin/lib-regex-filter/src/java/org/apache/nutch/urlfilter/api/RegexURLFilterBase.java:52|src/plugin/parse-zip/src/java/org/apache/nutch/parse/zip/ZipTextExtractor.java:48|src/plugin/subcollection/src/java/org/apache/nutch/collection/CollectionManager.java:202|src/plugin/urlfilter-domain/src/java/org/apache/nutch/urlfilter/domain/DomainURLFilter.java:99|src/plugin/urlfilter-domain/src/java/org/apache/nutch/urlfilter/domain/DomainURLFilter.java:100|src/plugin/urlfilter-domainblacklist/src/java/org/apache/nutch/urlfilter/domainblacklist/DomainBlacklistURLFilter.java:99|src/plugin/urlfilter-domainblacklist/src/java/org/apache/nutch/urlfilter/domainblacklist/DomainBlacklistURLFilter.java:100|src/plugin/urlfilter-suffix/src/java/org/apache/nutch/urlfilter/suffix/SuffixURLFilter.java:82|src/plugin/urlfilter-suffix/src/java/org/apache/nutch/urlfilter/suffix/SuffixURLFilter.java:100|src/plugin/urlfilter-suffix/src/java/org/apache/nutch/urlfilter/suffix/SuffixURLFilter.java:120|src/plugin/urlfilter-suffix/src/java/org/apache/nutch/urlfilter/suffix/SuffixURLFilter.java:121|src/plugin/urlmeta/src/java/org/apache/nutch/indexer/urlmeta/URLMetaIndexingFilter.java:55|src/plugin/urlmeta/src/java/org/apache/nutch/indexer/urlmeta/URLMetaIndexingFilter.java:57|src/plugin/urlmeta/src/java/org/apache/nutch/indexer/urlmeta/URLMetaIndexingFilter.java:62|src/plugin/urlmeta/src/java/org/apache/nutch/scoring/urlmeta/URLMetaScoringFilter.java:42
b88930e4f1a5f6178a55123379d7f976b4b8d81a:src/java/org/apache/nutch/parse/ParseResult.java:56|src/java/org/apache/nutch/parse/ParseResult.java:145|src/java/org/apache/nutch/parse/ParseUtil.java:39|src/java/org/apache/nutch/parse/ParseUtil.java:40|src/java/org/apache/nutch/parse/ParseUtil.java:41
4a8ad9541c2d2d70f28cfef65282f1f3e6209a07:src/java/org/apache/nutch/parse/ParseUtil.java:164
bef8d8e5e7fafc57e6f042c31998f1efb728867d:src/java/org/apache/nutch/crawl/CrawlDbReader.java:353
fa1ae9b89b08e3104d537299d526cd28a7ea9d76:src/java/org/apache/nutch/parse/ParserFactory.java:138
107b364b7f99d89cec76af8c1acc6623fe19a810:src/plugin/parse-tika/src/java/org/apache/nutch/parse/tika/HTMLMetaProcessor.java:130|src/plugin/parse-tika/src/java/org/apache/nutch/parse/tika/HTMLMetaProcessor.java:131|src/plugin/parse-tika/src/java/org/apache/nutch/parse/tika/HTMLMetaProcessor.java:132|src/plugin/parse-tika/src/java/org/apache/nutch/parse/tika/HTMLMetaProcessor.java:133|src/plugin/parse-tika/src/java/org/apache/nutch/parse/tika/HTMLMetaProcessor.java:135|src/plugin/parse-tika/src/java/org/apache/nutch/parse/tika/HTMLMetaProcessor.java:136|src/plugin/parse-tika/src/java/org/apache/nutch/parse/tika/HTMLMetaProcessor.java:137|src/plugin/parse-tika/src/java/org/apache/nutch/parse/tika/HTMLMetaProcessor.java:138|src/plugin/parse-tika/src/java/org/apache/nutch/parse/tika/HTMLMetaProcessor.java:139|src/plugin/parse-tika/src/java/org/apache/nutch/parse/tika/HTMLMetaProcessor.java:140|src/plugin/parse-tika/src/java/org/apache/nutch/parse/tika/HTMLMetaProcessor.java:141|src/plugin/parse-tika/src/java/org/apache/nutch/parse/tika/HTMLMetaProcessor.java:142|src/plugin/parse-tika/src/java/org/apache/nutch/parse/tika/HTMLMetaProcessor.java:143|src/plugin/parse-tika/src/java/org/apache/nutch/parse/tika/HTMLMetaProcessor.java:144|src/plugin/parse-tika/src/java/org/apache/nutch/parse/tika/HTMLMetaProcessor.java:146|src/plugin/parse-tika/src/java/org/apache/nutch/parse/tika/HTMLMetaProcessor.java:148|src/plugin/parse-tika/src/java/org/apache/nutch/parse/tika/HTMLMetaProcessor.java:149|src/plugin/parse-tika/src/java/org/apache/nutch/parse/tika/HTMLMetaProcessor.java:150|src/plugin/parse-tika/src/java/org/apache/nutch/parse/tika/HTMLMetaProcessor.java:151|src/plugin/parse-tika/src/java/org/apache/nutch/parse/tika/HTMLMetaProcessor.java:152|src/plugin/parse-tika/src/java/org/apache/nutch/parse/tika/HTMLMetaProcessor.java:153|src/plugin/parse-tika/src/java/org/apache/nutch/parse/tika/HTMLMetaProcessor.java:154|src/plugin/parse-tika/src/java/org/apache/nutch/parse/tika/HTMLMetaProcessor.java:155|src/plugin/parse-tika/src/java/org/apache/nutch/parse/tika/HTMLMetaProcessor.java:156|src/plugin/parse-tika/src/java/org/apache/nutch/parse/tika/HTMLMetaProcessor.java:157|src/plugin/parse-tika/src/java/org/apache/nutch/parse/tika/HTMLMetaProcessor.java:158|src/plugin/parse-tika/src/java/org/apache/nutch/parse/tika/HTMLMetaProcessor.java:159|src/plugin/parse-tika/src/java/org/apache/nutch/parse/tika/HTMLMetaProcessor.java:160|src/plugin/parse-tika/src/java/org/apache/nutch/parse/tika/HTMLMetaProcessor.java:161|src/plugin/parse-tika/src/java/org/apache/nutch/parse/tika/HTMLMetaProcessor.java:162|src/plugin/parse-tika/src/java/org/apache/nutch/parse/tika/HTMLMetaProcessor.java:163|src/plugin/parse-tika/src/java/org/apache/nutch/parse/tika/HTMLMetaProcessor.java:164|src/plugin/parse-tika/src/java/org/apache/nutch/parse/tika/HTMLMetaProcessor.java:165|src/plugin/parse-tika/src/java/org/apache/nutch/parse/tika/HTMLMetaProcessor.java:166|src/plugin/parse-tika/src/java/org/apache/nutch/parse/tika/HTMLMetaProcessor.java:167|src/plugin/parse-tika/src/java/org/apache/nutch/parse/tika/HTMLMetaProcessor.java:168|src/plugin/parse-tika/src/java/org/apache/nutch/parse/tika/HTMLMetaProcessor.java:169|src/plugin/parse-tika/src/java/org/apache/nutch/parse/tika/HTMLMetaProcessor.java:170|src/plugin/parse-tika/src/java/org/apache/nutch/parse/tika/HTMLMetaProcessor.java:171|src/plugin/parse-tika/src/java/org/apache/nutch/parse/tika/HTMLMetaProcessor.java:172|src/plugin/parse-tika/src/java/org/apache/nutch/parse/tika/HTMLMetaProcessor.java:173|src/plugin/parse-tika/src/java/org/apache/nutch/parse/tika/HTMLMetaProcessor.java:174
fb47207c3b11cc1f3937fd68ea37b4cb2f2e6d4b:src/java/org/apache/nutch/scoring/webgraph/LinkDumper.java:389|src/java/org/apache/nutch/scoring/webgraph/LinkDumper.java:412|src/java/org/apache/nutch/scoring/webgraph/LinkRank.java:116|src/java/org/apache/nutch/scoring/webgraph/LinkRank.java:124|src/java/org/apache/nutch/scoring/webgraph/LinkRank.java:174|src/java/org/apache/nutch/scoring/webgraph/LinkRank.java:226|src/java/org/apache/nutch/scoring/webgraph/LinkRank.java:275|src/java/org/apache/nutch/scoring/webgraph/LinkRank.java:319|src/java/org/apache/nutch/scoring/webgraph/LinkRank.java:320|src/java/org/apache/nutch/scoring/webgraph/NodeDumper.java:325|src/java/org/apache/nutch/scoring/webgraph/ScoreUpdater.java:189|src/java/org/apache/nutch/scoring/webgraph/WebGraph.java:418|src/java/org/apache/nutch/scoring/webgraph/WebGraph.java:419|src/java/org/apache/nutch/scoring/webgraph/WebGraph.java:593|src/java/org/apache/nutch/scoring/webgraph/WebGraph.java:594|src/java/org/apache/nutch/scoring/webgraph/WebGraph.java:595|src/java/org/apache/nutch/scoring/webgraph/WebGraph.java:596|src/java/org/apache/nutch/scoring/webgraph/WebGraph.java:597|src/java/org/apache/nutch/scoring/webgraph/WebGraph.java:632|src/java/org/apache/nutch/scoring/webgraph/WebGraph.java:633|src/java/org/apache/nutch/scoring/webgraph/WebGraph.java:634|src/java/org/apache/nutch/scoring/webgraph/WebGraph.java:636|src/java/org/apache/nutch/scoring/webgraph/WebGraph.java:673|src/java/org/apache/nutch/scoring/webgraph/WebGraph.java:674|src/java/org/apache/nutch/scoring/webgraph/WebGraph.java:675|src/java/org/apache/nutch/scoring/webgraph/WebGraph.java:677
a18d4b6672801cea2141c0469eca8a1b93c90fbd:src/java/org/apache/nutch/crawl/LinkDbReader.java:26|src/java/org/apache/nutch/crawl/LinkDbReader.java:48|src/java/org/apache/nutch/segment/SegmentReader.java:69|src/java/org/apache/nutch/segment/SegmentReader.java:157
ac02d82af823b623c02167e543571e2c16a289be:src/java/org/apache/nutch/fetcher/FetcherOutputFormat.java:54
cee42e8cb6257d399a7d18303c5d95f44d5978b3:src/java/org/apache/nutch/crawl/Generator.java:318
5907604b341f3eda1aae924606fce9022446132c:src/java/org/apache/nutch/crawl/CrawlDb.java:107|src/java/org/apache/nutch/crawl/CrawlDb.java:108|src/java/org/apache/nutch/crawl/Generator.java:604|src/java/org/apache/nutch/crawl/Generator.java:605|src/java/org/apache/nutch/crawl/LinkDb.java:196|src/java/org/apache/nutch/crawl/LinkDb.java:197|src/java/org/apache/nutch/crawl/LinkDb.java:198|src/java/org/apache/nutch/tools/FreeGenerator.java:188
dc516b700f9e7b735db5af2b5fb439681f3a0e87:src/java/org/apache/nutch/crawl/LinkDb.java:20|src/java/org/apache/nutch/crawl/LinkDb.java:22|src/java/org/apache/nutch/crawl/LinkDb.java:23|src/java/org/apache/nutch/crawl/LinkDb.java:25|src/java/org/apache/nutch/crawl/LinkDb.java:29|src/java/org/apache/nutch/crawl/LinkDb.java:30|src/java/org/apache/nutch/crawl/LinkDb.java:32|src/java/org/apache/nutch/crawl/LinkDb.java:34|src/java/org/apache/nutch/crawl/LinkDb.java:38|src/java/org/apache/nutch/crawl/LinkDb.java:164|src/java/org/apache/nutch/crawl/LinkDb.java:165|src/java/org/apache/nutch/crawl/LinkDb.java:166|src/java/org/apache/nutch/crawl/LinkDb.java:167|src/java/org/apache/nutch/crawl/LinkDb.java:175|src/java/org/apache/nutch/crawl/LinkDb.java:187|src/java/org/apache/nutch/crawl/LinkDb.java:230|src/java/org/apache/nutch/crawl/LinkDb.java:283|src/java/org/apache/nutch/crawl/LinkDb.java:286|src/java/org/apache/nutch/crawl/LinkDb.java:288|src/java/org/apache/nutch/crawl/LinkDb.java:290|src/java/org/apache/nutch/crawl/LinkDb.java:298|src/java/org/apache/nutch/segment/SegmentMerger.java:205|src/java/org/apache/nutch/segment/SegmentMerger.java:206|src/java/org/apache/nutch/segment/SegmentMerger.java:207|src/java/org/apache/nutch/segment/SegmentMerger.java:208|src/java/org/apache/nutch/segment/SegmentMerger.java:209|src/java/org/apache/nutch/segment/SegmentMerger.java:210|src/java/org/apache/nutch/segment/SegmentMerger.java:221|src/java/org/apache/nutch/segment/SegmentMerger.java:222|src/java/org/apache/nutch/segment/SegmentMerger.java:225|src/java/org/apache/nutch/segment/SegmentMerger.java:227|src/java/org/apache/nutch/segment/SegmentMerger.java:228|src/java/org/apache/nutch/segment/SegmentMerger.java:233|src/java/org/apache/nutch/segment/SegmentMerger.java:234|src/java/org/apache/nutch/segment/SegmentMerger.java:242|src/java/org/apache/nutch/segment/SegmentMerger.java:243|src/java/org/apache/nutch/segment/SegmentMerger.java:245|src/java/org/apache/nutch/segment/SegmentMerger.java:246|src/java/org/apache/nutch/segment/SegmentMerger.java:571|src/java/org/apache/nutch/segment/SegmentMerger.java:577|src/java/org/apache/nutch/segment/SegmentMerger.java:592|src/java/org/apache/nutch/segment/SegmentMerger.java:600|src/java/org/apache/nutch/segment/SegmentMerger.java:663|src/java/org/apache/nutch/segment/SegmentMerger.java:665|src/java/org/apache/nutch/segment/SegmentMerger.java:669|src/java/org/apache/nutch/segment/SegmentMerger.java:671|src/java/org/apache/nutch/segment/SegmentMerger.java:673|src/java/org/apache/nutch/segment/SegmentMerger.java:679
87c7a2e57bdde875a0ab36f8586fb607970a4e1d:src/java/org/apache/nutch/fetcher/FetcherOutputFormat.java:48|src/java/org/apache/nutch/fetcher/FetcherOutputFormat.java:54|src/java/org/apache/nutch/parse/ParseOutputFormat.java:79
03475276204cb0a31f1f5f0b6a547d3c92c6a799:src/java/org/apache/nutch/scoring/webgraph/LinkRank.java:123|src/java/org/apache/nutch/scoring/webgraph/LinkRank.java:125
45a66f7c217143cd050643b7e69616dc20957f75:src/java/org/apache/nutch/crawl/TextProfileSignature.java:66|src/java/org/apache/nutch/crawl/TextProfileSignature.java:151|src/java/org/apache/nutch/crawl/TextProfileSignature.java:153
b1c46c48451bdfeacec730693ab49b07b7b95812:src/java/org/apache/nutch/util/TrieStringMatcher.java:112
23fb95cac04fd8d5f6e91a2b1e60f1ee5725747f:src/java/org/apache/nutch/segment/SegmentReader.java:234|src/java/org/apache/nutch/segment/SegmentReader.java:238|src/java/org/apache/nutch/segment/SegmentReader.java:251|src/java/org/apache/nutch/segment/SegmentReader.java:252
89b16ce29f3bf6618ec2bf9df0807b24c1e40339:src/java/org/apache/nutch/fetcher/Fetcher.java:31|src/java/org/apache/nutch/fetcher/Fetcher.java:32
a6de472556c0bf3e38006999a3b5eb8ad67020b6:src/java/org/apache/nutch/fetcher/Fetcher.java:31|src/java/org/apache/nutch/fetcher/Fetcher.java:32
d3864d66c0d859ce93b51d9bc13e4f912b36c0f1:src/plugin/index-more/src/java/org/apache/nutch/indexer/more/MoreIndexingFilter.java:102
497db003ff6df1e1bfe381fea7d01efd2482f8d8:src/java/org/apache/nutch/scoring/webgraph/NodeDumper.java:274|src/java/org/apache/nutch/scoring/webgraph/WebGraph.java:512|src/java/org/apache/nutch/scoring/webgraph/WebGraph.java:536|src/java/org/apache/nutch/scoring/webgraph/WebGraph.java:537
113c58e85f23ebbe2031ec56cca2dd194523f9ef:src/java/org/apache/nutch/crawl/Generator.java:355|src/java/org/apache/nutch/crawl/Generator.java:356|src/java/org/apache/nutch/crawl/Generator.java:389|src/java/org/apache/nutch/crawl/Generator.java:390
2021ca62c1f9bce2cee266ff6e38e4b1d1ee57c2:src/java/org/apache/nutch/plugin/Pluggable.java:26
aa3a2a617c5c30d40a165025e98c50a0ea839224:src/plugin/parse-html/src/java/org/apache/nutch/parse/html/HTMLMetaProcessor.java:82|src/plugin/parse-tika/src/java/org/apache/nutch/parse/tika/HTMLMetaProcessor.java:68|src/plugin/parse-tika/src/java/org/apache/nutch/parse/tika/HTMLMetaProcessor.java:82|src/plugin/parse-tika/src/java/org/apache/nutch/parse/tika/HTMLMetaProcessor.java:121|src/plugin/parse-tika/src/java/org/apache/nutch/parse/tika/HTMLMetaProcessor.java:125
f971ca1b22a46c0ee722e3fae61f8c7efd0df9fa:src/plugin/urlfilter-prefix/src/java/org/apache/nutch/urlfilter/prefix/PrefixURLFilter.java:144|src/plugin/urlfilter-suffix/src/java/org/apache/nutch/urlfilter/suffix/SuffixURLFilter.java:272|src/plugin/urlnormalizer-host/src/java/org/apache/nutch/net/urlnormalizer/host/HostURLNormalizer.java:124|src/plugin/urlnormalizer-host/src/java/org/apache/nutch/net/urlnormalizer/host/HostURLNormalizer.java:130|src/plugin/urlnormalizer-host/src/java/org/apache/nutch/net/urlnormalizer/host/HostURLNormalizer.java:131
b543b8b22eecefc48e1ce09e704322ad1cc0f017:src/plugin/urlfilter-domain/src/java/org/apache/nutch/urlfilter/domain/DomainURLFilter.java:39|src/plugin/urlfilter-domain/src/java/org/apache/nutch/urlfilter/domain/DomainURLFilter.java:61|src/plugin/urlfilter-domain/src/java/org/apache/nutch/urlfilter/domain/DomainURLFilter.java:71|src/plugin/urlfilter-domain/src/java/org/apache/nutch/urlfilter/domain/DomainURLFilter.java:88|src/plugin/urlfilter-domain/src/java/org/apache/nutch/urlfilter/domain/DomainURLFilter.java:89|src/plugin/urlfilter-domain/src/java/org/apache/nutch/urlfilter/domain/DomainURLFilter.java:91|src/plugin/urlfilter-domain/src/java/org/apache/nutch/urlfilter/domain/DomainURLFilter.java:93|src/plugin/urlfilter-domain/src/java/org/apache/nutch/urlfilter/domain/DomainURLFilter.java:95|src/plugin/urlfilter-domain/src/java/org/apache/nutch/urlfilter/domain/DomainURLFilter.java:96|src/plugin/urlfilter-domain/src/java/org/apache/nutch/urlfilter/domain/DomainURLFilter.java:97|src/plugin/urlfilter-domain/src/java/org/apache/nutch/urlfilter/domain/DomainURLFilter.java:102|src/plugin/urlfilter-domain/src/java/org/apache/nutch/urlfilter/domain/DomainURLFilter.java:103|src/plugin/urlfilter-domain/src/java/org/apache/nutch/urlfilter/domain/DomainURLFilter.java:104|src/plugin/urlfilter-domain/src/java/org/apache/nutch/urlfilter/domain/DomainURLFilter.java:124|src/plugin/urlfilter-domain/src/java/org/apache/nutch/urlfilter/domain/DomainURLFilter.java:125|src/plugin/urlfilter-domain/src/java/org/apache/nutch/urlfilter/domain/DomainURLFilter.java:130|src/plugin/urlfilter-domain/src/java/org/apache/nutch/urlfilter/domain/DomainURLFilter.java:131|src/plugin/urlfilter-domain/src/java/org/apache/nutch/urlfilter/domain/DomainURLFilter.java:133|src/plugin/urlfilter-domain/src/java/org/apache/nutch/urlfilter/domain/DomainURLFilter.java:136|src/plugin/urlfilter-domain/src/java/org/apache/nutch/urlfilter/domain/DomainURLFilter.java:137|src/plugin/urlfilter-domain/src/java/org/apache/nutch/urlfilter/domain/DomainURLFilter.java:139|src/plugin/urlfilter-domain/src/java/org/apache/nutch/urlfilter/domain/DomainURLFilter.java:142|src/plugin/urlfilter-domain/src/java/org/apache/nutch/urlfilter/domain/DomainURLFilter.java:145|src/plugin/urlfilter-domain/src/java/org/apache/nutch/urlfilter/domain/DomainURLFilter.java:146|src/plugin/urlfilter-domain/src/java/org/apache/nutch/urlfilter/domain/DomainURLFilter.java:149|src/plugin/urlfilter-domain/src/java/org/apache/nutch/urlfilter/domain/DomainURLFilter.java:150|src/plugin/urlfilter-domain/src/java/org/apache/nutch/urlfilter/domain/DomainURLFilter.java:164|src/plugin/urlfilter-domainblacklist/src/java/org/apache/nutch/urlfilter/domainblacklist/DomainBlacklistURLFilter.java:61|src/plugin/urlfilter-domainblacklist/src/java/org/apache/nutch/urlfilter/domainblacklist/DomainBlacklistURLFilter.java:71|src/plugin/urlfilter-domainblacklist/src/java/org/apache/nutch/urlfilter/domainblacklist/DomainBlacklistURLFilter.java:88|src/plugin/urlfilter-domainblacklist/src/java/org/apache/nutch/urlfilter/domainblacklist/DomainBlacklistURLFilter.java:89|src/plugin/urlfilter-domainblacklist/src/java/org/apache/nutch/urlfilter/domainblacklist/DomainBlacklistURLFilter.java:91|src/plugin/urlfilter-domainblacklist/src/java/org/apache/nutch/urlfilter/domainblacklist/DomainBlacklistURLFilter.java:93|src/plugin/urlfilter-domainblacklist/src/java/org/apache/nutch/urlfilter/domainblacklist/DomainBlacklistURLFilter.java:95|src/plugin/urlfilter-domainblacklist/src/java/org/apache/nutch/urlfilter/domainblacklist/DomainBlacklistURLFilter.java:96|src/plugin/urlfilter-domainblacklist/src/java/org/apache/nutch/urlfilter/domainblacklist/DomainBlacklistURLFilter.java:97|src/plugin/urlfilter-domainblacklist/src/java/org/apache/nutch/urlfilter/domainblacklist/DomainBlacklistURLFilter.java:102|src/plugin/urlfilter-domainblacklist/src/java/org/apache/nutch/urlfilter/domainblacklist/DomainBlacklistURLFilter.java:103|src/plugin/urlfilter-domainblacklist/src/java/org/apache/nutch/urlfilter/domainblacklist/DomainBlacklistURLFilter.java:104|src/plugin/urlfilter-domainblacklist/src/java/org/apache/nutch/urlfilter/domainblacklist/DomainBlacklistURLFilter.java:124|src/plugin/urlfilter-domainblacklist/src/java/org/apache/nutch/urlfilter/domainblacklist/DomainBlacklistURLFilter.java:125|src/plugin/urlfilter-domainblacklist/src/java/org/apache/nutch/urlfilter/domainblacklist/DomainBlacklistURLFilter.java:130|src/plugin/urlfilter-domainblacklist/src/java/org/apache/nutch/urlfilter/domainblacklist/DomainBlacklistURLFilter.java:131|src/plugin/urlfilter-domainblacklist/src/java/org/apache/nutch/urlfilter/domainblacklist/DomainBlacklistURLFilter.java:133|src/plugin/urlfilter-domainblacklist/src/java/org/apache/nutch/urlfilter/domainblacklist/DomainBlacklistURLFilter.java:136|src/plugin/urlfilter-domainblacklist/src/java/org/apache/nutch/urlfilter/domainblacklist/DomainBlacklistURLFilter.java:137|src/plugin/urlfilter-domainblacklist/src/java/org/apache/nutch/urlfilter/domainblacklist/DomainBlacklistURLFilter.java:139|src/plugin/urlfilter-domainblacklist/src/java/org/apache/nutch/urlfilter/domainblacklist/DomainBlacklistURLFilter.java:142|src/plugin/urlfilter-domainblacklist/src/java/org/apache/nutch/urlfilter/domainblacklist/DomainBlacklistURLFilter.java:145|src/plugin/urlfilter-domainblacklist/src/java/org/apache/nutch/urlfilter/domainblacklist/DomainBlacklistURLFilter.java:146|src/plugin/urlfilter-domainblacklist/src/java/org/apache/nutch/urlfilter/domainblacklist/DomainBlacklistURLFilter.java:149|src/plugin/urlfilter-domainblacklist/src/java/org/apache/nutch/urlfilter/domainblacklist/DomainBlacklistURLFilter.java:150|src/plugin/urlfilter-domainblacklist/src/java/org/apache/nutch/urlfilter/domainblacklist/DomainBlacklistURLFilter.java:164|src/plugin/urlfilter-prefix/src/java/org/apache/nutch/urlfilter/prefix/PrefixURLFilter.java:133|src/plugin/urlfilter-prefix/src/java/org/apache/nutch/urlfilter/prefix/PrefixURLFilter.java:134|src/plugin/urlfilter-prefix/src/java/org/apache/nutch/urlfilter/prefix/PrefixURLFilter.java:135|src/plugin/urlfilter-prefix/src/java/org/apache/nutch/urlfilter/prefix/PrefixURLFilter.java:136|src/plugin/urlfilter-prefix/src/java/org/apache/nutch/urlfilter/prefix/PrefixURLFilter.java:137|src/plugin/urlfilter-prefix/src/java/org/apache/nutch/urlfilter/prefix/PrefixURLFilter.java:138|src/plugin/urlfilter-prefix/src/java/org/apache/nutch/urlfilter/prefix/PrefixURLFilter.java:141|src/plugin/urlfilter-prefix/src/java/org/apache/nutch/urlfilter/prefix/PrefixURLFilter.java:146|src/plugin/urlfilter-prefix/src/java/org/apache/nutch/urlfilter/prefix/PrefixURLFilter.java:148|src/plugin/urlfilter-prefix/src/java/org/apache/nutch/urlfilter/prefix/PrefixURLFilter.java:163|src/plugin/urlfilter-prefix/src/java/org/apache/nutch/urlfilter/prefix/PrefixURLFilter.java:164|src/plugin/urlfilter-suffix/src/java/org/apache/nutch/urlfilter/suffix/SuffixURLFilter.java:51|src/plugin/urlfilter-suffix/src/java/org/apache/nutch/urlfilter/suffix/SuffixURLFilter.java:52|src/plugin/urlfilter-suffix/src/java/org/apache/nutch/urlfilter/suffix/SuffixURLFilter.java:175|src/plugin/urlfilter-suffix/src/java/org/apache/nutch/urlfilter/suffix/SuffixURLFilter.java:176|src/plugin/urlfilter-suffix/src/java/org/apache/nutch/urlfilter/suffix/SuffixURLFilter.java:177|src/plugin/urlfilter-suffix/src/java/org/apache/nutch/urlfilter/suffix/SuffixURLFilter.java:262|src/plugin/urlfilter-suffix/src/java/org/apache/nutch/urlfilter/suffix/SuffixURLFilter.java:264|src/plugin/urlfilter-suffix/src/java/org/apache/nutch/urlfilter/suffix/SuffixURLFilter.java:265|src/plugin/urlfilter-suffix/src/java/org/apache/nutch/urlfilter/suffix/SuffixURLFilter.java:266|src/plugin/urlfilter-suffix/src/java/org/apache/nutch/urlfilter/suffix/SuffixURLFilter.java:269|src/plugin/urlfilter-suffix/src/java/org/apache/nutch/urlfilter/suffix/SuffixURLFilter.java:274|src/plugin/urlfilter-suffix/src/java/org/apache/nutch/urlfilter/suffix/SuffixURLFilter.java:287|src/plugin/urlnormalizer-host/src/java/org/apache/nutch/net/urlnormalizer/host/HostURLNormalizer.java:56|src/plugin/urlnormalizer-host/src/java/org/apache/nutch/net/urlnormalizer/host/HostURLNormalizer.java:61|src/plugin/urlnormalizer-host/src/java/org/apache/nutch/net/urlnormalizer/host/HostURLNormalizer.java:62|src/plugin/urlnormalizer-host/src/java/org/apache/nutch/net/urlnormalizer/host/HostURLNormalizer.java:63|src/plugin/urlnormalizer-host/src/java/org/apache/nutch/net/urlnormalizer/host/HostURLNormalizer.java:123|src/plugin/urlnormalizer-host/src/java/org/apache/nutch/net/urlnormalizer/host/HostURLNormalizer.java:126|src/plugin/urlnormalizer-host/src/java/org/apache/nutch/net/urlnormalizer/host/HostURLNormalizer.java:127|src/plugin/urlnormalizer-host/src/java/org/apache/nutch/net/urlnormalizer/host/HostURLNormalizer.java:145
75e4e63823e5ea2a086dca9b1ba5824c77058985:src/java/org/apache/nutch/plugin/Pluggable.java:26
fa319a60f30dbb0efcd67e306c611d66b7b379f1:src/plugin/parse-html/src/java/org/apache/nutch/parse/html/HTMLMetaProcessor.java:82|src/plugin/parse-tika/src/java/org/apache/nutch/parse/tika/HTMLMetaProcessor.java:68|src/plugin/parse-tika/src/java/org/apache/nutch/parse/tika/HTMLMetaProcessor.java:82|src/plugin/parse-tika/src/java/org/apache/nutch/parse/tika/HTMLMetaProcessor.java:121|src/plugin/parse-tika/src/java/org/apache/nutch/parse/tika/HTMLMetaProcessor.java:125
83011a08b98c55406583eb068d516ccb9f137266:src/plugin/urlfilter-prefix/src/java/org/apache/nutch/urlfilter/prefix/PrefixURLFilter.java:144|src/plugin/urlfilter-suffix/src/java/org/apache/nutch/urlfilter/suffix/SuffixURLFilter.java:272|src/plugin/urlnormalizer-host/src/java/org/apache/nutch/net/urlnormalizer/host/HostURLNormalizer.java:124|src/plugin/urlnormalizer-host/src/java/org/apache/nutch/net/urlnormalizer/host/HostURLNormalizer.java:130|src/plugin/urlnormalizer-host/src/java/org/apache/nutch/net/urlnormalizer/host/HostURLNormalizer.java:131
79f3c0ad54025c4d3f87c625faecc807be2a04b9:src/plugin/urlfilter-domain/src/java/org/apache/nutch/urlfilter/domain/DomainURLFilter.java:39|src/plugin/urlfilter-domain/src/java/org/apache/nutch/urlfilter/domain/DomainURLFilter.java:61|src/plugin/urlfilter-domain/src/java/org/apache/nutch/urlfilter/domain/DomainURLFilter.java:71|src/plugin/urlfilter-domain/src/java/org/apache/nutch/urlfilter/domain/DomainURLFilter.java:88|src/plugin/urlfilter-domain/src/java/org/apache/nutch/urlfilter/domain/DomainURLFilter.java:89|src/plugin/urlfilter-domain/src/java/org/apache/nutch/urlfilter/domain/DomainURLFilter.java:91|src/plugin/urlfilter-domain/src/java/org/apache/nutch/urlfilter/domain/DomainURLFilter.java:93|src/plugin/urlfilter-domain/src/java/org/apache/nutch/urlfilter/domain/DomainURLFilter.java:95|src/plugin/urlfilter-domain/src/java/org/apache/nutch/urlfilter/domain/DomainURLFilter.java:96|src/plugin/urlfilter-domain/src/java/org/apache/nutch/urlfilter/domain/DomainURLFilter.java:97|src/plugin/urlfilter-domain/src/java/org/apache/nutch/urlfilter/domain/DomainURLFilter.java:102|src/plugin/urlfilter-domain/src/java/org/apache/nutch/urlfilter/domain/DomainURLFilter.java:103|src/plugin/urlfilter-domain/src/java/org/apache/nutch/urlfilter/domain/DomainURLFilter.java:104|src/plugin/urlfilter-domain/src/java/org/apache/nutch/urlfilter/domain/DomainURLFilter.java:124|src/plugin/urlfilter-domain/src/java/org/apache/nutch/urlfilter/domain/DomainURLFilter.java:125|src/plugin/urlfilter-domain/src/java/org/apache/nutch/urlfilter/domain/DomainURLFilter.java:130|src/plugin/urlfilter-domain/src/java/org/apache/nutch/urlfilter/domain/DomainURLFilter.java:131|src/plugin/urlfilter-domain/src/java/org/apache/nutch/urlfilter/domain/DomainURLFilter.java:133|src/plugin/urlfilter-domain/src/java/org/apache/nutch/urlfilter/domain/DomainURLFilter.java:136|src/plugin/urlfilter-domain/src/java/org/apache/nutch/urlfilter/domain/DomainURLFilter.java:137|src/plugin/urlfilter-domain/src/java/org/apache/nutch/urlfilter/domain/DomainURLFilter.java:139|src/plugin/urlfilter-domain/src/java/org/apache/nutch/urlfilter/domain/DomainURLFilter.java:142|src/plugin/urlfilter-domain/src/java/org/apache/nutch/urlfilter/domain/DomainURLFilter.java:145|src/plugin/urlfilter-domain/src/java/org/apache/nutch/urlfilter/domain/DomainURLFilter.java:146|src/plugin/urlfilter-domain/src/java/org/apache/nutch/urlfilter/domain/DomainURLFilter.java:149|src/plugin/urlfilter-domain/src/java/org/apache/nutch/urlfilter/domain/DomainURLFilter.java:150|src/plugin/urlfilter-domain/src/java/org/apache/nutch/urlfilter/domain/DomainURLFilter.java:164|src/plugin/urlfilter-domainblacklist/src/java/org/apache/nutch/urlfilter/domainblacklist/DomainBlacklistURLFilter.java:61|src/plugin/urlfilter-domainblacklist/src/java/org/apache/nutch/urlfilter/domainblacklist/DomainBlacklistURLFilter.java:71|src/plugin/urlfilter-domainblacklist/src/java/org/apache/nutch/urlfilter/domainblacklist/DomainBlacklistURLFilter.java:88|src/plugin/urlfilter-domainblacklist/src/java/org/apache/nutch/urlfilter/domainblacklist/DomainBlacklistURLFilter.java:89|src/plugin/urlfilter-domainblacklist/src/java/org/apache/nutch/urlfilter/domainblacklist/DomainBlacklistURLFilter.java:91|src/plugin/urlfilter-domainblacklist/src/java/org/apache/nutch/urlfilter/domainblacklist/DomainBlacklistURLFilter.java:93|src/plugin/urlfilter-domainblacklist/src/java/org/apache/nutch/urlfilter/domainblacklist/DomainBlacklistURLFilter.java:95|src/plugin/urlfilter-domainblacklist/src/java/org/apache/nutch/urlfilter/domainblacklist/DomainBlacklistURLFilter.java:96|src/plugin/urlfilter-domainblacklist/src/java/org/apache/nutch/urlfilter/domainblacklist/DomainBlacklistURLFilter.java:97|src/plugin/urlfilter-domainblacklist/src/java/org/apache/nutch/urlfilter/domainblacklist/DomainBlacklistURLFilter.java:102|src/plugin/urlfilter-domainblacklist/src/java/org/apache/nutch/urlfilter/domainblacklist/DomainBlacklistURLFilter.java:103|src/plugin/urlfilter-domainblacklist/src/java/org/apache/nutch/urlfilter/domainblacklist/DomainBlacklistURLFilter.java:104|src/plugin/urlfilter-domainblacklist/src/java/org/apache/nutch/urlfilter/domainblacklist/DomainBlacklistURLFilter.java:124|src/plugin/urlfilter-domainblacklist/src/java/org/apache/nutch/urlfilter/domainblacklist/DomainBlacklistURLFilter.java:125|src/plugin/urlfilter-domainblacklist/src/java/org/apache/nutch/urlfilter/domainblacklist/DomainBlacklistURLFilter.java:130|src/plugin/urlfilter-domainblacklist/src/java/org/apache/nutch/urlfilter/domainblacklist/DomainBlacklistURLFilter.java:131|src/plugin/urlfilter-domainblacklist/src/java/org/apache/nutch/urlfilter/domainblacklist/DomainBlacklistURLFilter.java:133|src/plugin/urlfilter-domainblacklist/src/java/org/apache/nutch/urlfilter/domainblacklist/DomainBlacklistURLFilter.java:136|src/plugin/urlfilter-domainblacklist/src/java/org/apache/nutch/urlfilter/domainblacklist/DomainBlacklistURLFilter.java:137|src/plugin/urlfilter-domainblacklist/src/java/org/apache/nutch/urlfilter/domainblacklist/DomainBlacklistURLFilter.java:139|src/plugin/urlfilter-domainblacklist/src/java/org/apache/nutch/urlfilter/domainblacklist/DomainBlacklistURLFilter.java:142|src/plugin/urlfilter-domainblacklist/src/java/org/apache/nutch/urlfilter/domainblacklist/DomainBlacklistURLFilter.java:145|src/plugin/urlfilter-domainblacklist/src/java/org/apache/nutch/urlfilter/domainblacklist/DomainBlacklistURLFilter.java:146|src/plugin/urlfilter-domainblacklist/src/java/org/apache/nutch/urlfilter/domainblacklist/DomainBlacklistURLFilter.java:149|src/plugin/urlfilter-domainblacklist/src/java/org/apache/nutch/urlfilter/domainblacklist/DomainBlacklistURLFilter.java:150|src/plugin/urlfilter-domainblacklist/src/java/org/apache/nutch/urlfilter/domainblacklist/DomainBlacklistURLFilter.java:164|src/plugin/urlfilter-prefix/src/java/org/apache/nutch/urlfilter/prefix/PrefixURLFilter.java:133|src/plugin/urlfilter-prefix/src/java/org/apache/nutch/urlfilter/prefix/PrefixURLFilter.java:134|src/plugin/urlfilter-prefix/src/java/org/apache/nutch/urlfilter/prefix/PrefixURLFilter.java:135|src/plugin/urlfilter-prefix/src/java/org/apache/nutch/urlfilter/prefix/PrefixURLFilter.java:136|src/plugin/urlfilter-prefix/src/java/org/apache/nutch/urlfilter/prefix/PrefixURLFilter.java:137|src/plugin/urlfilter-prefix/src/java/org/apache/nutch/urlfilter/prefix/PrefixURLFilter.java:138|src/plugin/urlfilter-prefix/src/java/org/apache/nutch/urlfilter/prefix/PrefixURLFilter.java:141|src/plugin/urlfilter-prefix/src/java/org/apache/nutch/urlfilter/prefix/PrefixURLFilter.java:146|src/plugin/urlfilter-prefix/src/java/org/apache/nutch/urlfilter/prefix/PrefixURLFilter.java:148|src/plugin/urlfilter-prefix/src/java/org/apache/nutch/urlfilter/prefix/PrefixURLFilter.java:163|src/plugin/urlfilter-prefix/src/java/org/apache/nutch/urlfilter/prefix/PrefixURLFilter.java:164|src/plugin/urlfilter-suffix/src/java/org/apache/nutch/urlfilter/suffix/SuffixURLFilter.java:51|src/plugin/urlfilter-suffix/src/java/org/apache/nutch/urlfilter/suffix/SuffixURLFilter.java:52|src/plugin/urlfilter-suffix/src/java/org/apache/nutch/urlfilter/suffix/SuffixURLFilter.java:175|src/plugin/urlfilter-suffix/src/java/org/apache/nutch/urlfilter/suffix/SuffixURLFilter.java:176|src/plugin/urlfilter-suffix/src/java/org/apache/nutch/urlfilter/suffix/SuffixURLFilter.java:177|src/plugin/urlfilter-suffix/src/java/org/apache/nutch/urlfilter/suffix/SuffixURLFilter.java:262|src/plugin/urlfilter-suffix/src/java/org/apache/nutch/urlfilter/suffix/SuffixURLFilter.java:264|src/plugin/urlfilter-suffix/src/java/org/apache/nutch/urlfilter/suffix/SuffixURLFilter.java:265|src/plugin/urlfilter-suffix/src/java/org/apache/nutch/urlfilter/suffix/SuffixURLFilter.java:266|src/plugin/urlfilter-suffix/src/java/org/apache/nutch/urlfilter/suffix/SuffixURLFilter.java:269|src/plugin/urlfilter-suffix/src/java/org/apache/nutch/urlfilter/suffix/SuffixURLFilter.java:274|src/plugin/urlfilter-suffix/src/java/org/apache/nutch/urlfilter/suffix/SuffixURLFilter.java:287|src/plugin/urlnormalizer-host/src/java/org/apache/nutch/net/urlnormalizer/host/HostURLNormalizer.java:56|src/plugin/urlnormalizer-host/src/java/org/apache/nutch/net/urlnormalizer/host/HostURLNormalizer.java:61|src/plugin/urlnormalizer-host/src/java/org/apache/nutch/net/urlnormalizer/host/HostURLNormalizer.java:62|src/plugin/urlnormalizer-host/src/java/org/apache/nutch/net/urlnormalizer/host/HostURLNormalizer.java:63|src/plugin/urlnormalizer-host/src/java/org/apache/nutch/net/urlnormalizer/host/HostURLNormalizer.java:123|src/plugin/urlnormalizer-host/src/java/org/apache/nutch/net/urlnormalizer/host/HostURLNormalizer.java:126|src/plugin/urlnormalizer-host/src/java/org/apache/nutch/net/urlnormalizer/host/HostURLNormalizer.java:127|src/plugin/urlnormalizer-host/src/java/org/apache/nutch/net/urlnormalizer/host/HostURLNormalizer.java:145
88cd3698a5814d0255639c7d21b91345844a09fc:src/java/org/apache/nutch/net/protocols/HttpDateFormat.java:28|src/java/org/apache/nutch/net/protocols/HttpDateFormat.java:30|src/java/org/apache/nutch/net/protocols/HttpDateFormat.java:32|src/java/org/apache/nutch/net/protocols/HttpDateFormat.java:43
ecce5ab72371466fc4e181a1a1b36d1924c56b04:src/java/org/apache/nutch/parse/ParseSegment.java:108
167ba46cf545f5e1eed089f11c1c19e948c0baa6:src/plugin/parse-html/src/java/org/apache/nutch/parse/html/HtmlParser.java:24|src/plugin/parse-html/src/java/org/apache/nutch/parse/html/HtmlParser.java:50|src/plugin/parse-html/src/java/org/apache/nutch/parse/html/HtmlParser.java:86|src/plugin/parse-html/src/java/org/apache/nutch/parse/html/HtmlParser.java:87|src/plugin/parse-html/src/java/org/apache/nutch/parse/html/HtmlParser.java:90|src/plugin/parse-html/src/java/org/apache/nutch/parse/html/HtmlParser.java:92|src/plugin/parse-html/src/java/org/apache/nutch/parse/html/HtmlParser.java:93
f4c063ff59ee05aee05de7098da705b38fad2a39:src/java/org/apache/nutch/crawl/Generator.java:519|src/java/org/apache/nutch/crawl/Generator.java:521
7b87ac998005aad3dab718c15ba5af9953d9332a:src/java/org/apache/nutch/util/domain/DomainStatistics.java:107
6fe59f89d7a56caf5b88a8152df77b6010c52f87:src/plugin/protocol-httpclient/src/java/org/apache/nutch/protocol/httpclient/Http.java:172
5f606e3e669448b352e522a5f03702a407b5639e:src/java/org/apache/nutch/segment/SegmentReader.java:466|src/java/org/apache/nutch/segment/SegmentReader.java:468|src/java/org/apache/nutch/segment/SegmentReader.java:469|src/java/org/apache/nutch/segment/SegmentReader.java:470|src/java/org/apache/nutch/segment/SegmentReader.java:471|src/java/org/apache/nutch/segment/SegmentReader.java:472|src/java/org/apache/nutch/segment/SegmentReader.java:473|src/java/org/apache/nutch/segment/SegmentReader.java:474|src/java/org/apache/nutch/segment/SegmentReader.java:475|src/java/org/apache/nutch/segment/SegmentReader.java:476|src/java/org/apache/nutch/segment/SegmentReader.java:478|src/java/org/apache/nutch/segment/SegmentReader.java:479|src/java/org/apache/nutch/segment/SegmentReader.java:484|src/java/org/apache/nutch/segment/SegmentReader.java:486|src/java/org/apache/nutch/segment/SegmentReader.java:487|src/java/org/apache/nutch/segment/SegmentReader.java:488|src/java/org/apache/nutch/segment/SegmentReader.java:490|src/java/org/apache/nutch/segment/SegmentReader.java:491|src/java/org/apache/nutch/segment/SegmentReader.java:492|src/java/org/apache/nutch/segment/SegmentReader.java:493|src/java/org/apache/nutch/segment/SegmentReader.java:494|src/java/org/apache/nutch/segment/SegmentReader.java:496|src/java/org/apache/nutch/segment/SegmentReader.java:497|src/java/org/apache/nutch/segment/SegmentReader.java:498|src/java/org/apache/nutch/segment/SegmentReader.java:501|src/java/org/apache/nutch/segment/SegmentReader.java:503|src/java/org/apache/nutch/segment/SegmentReader.java:504
473add00cd38019e7185639dfd0ac910a25dc6cd:src/java/org/apache/nutch/indexer/IndexerMapReduce.java:26|src/java/org/apache/nutch/indexer/IndexerMapReduce.java:246|src/java/org/apache/nutch/indexer/IndexerMapReduce.java:276|src/java/org/apache/nutch/indexer/IndexerMapReduce.java:282|src/java/org/apache/nutch/indexer/IndexerMapReduce.java:302
255fcb2ae9c059b5eee55962a63804740c954701:src/java/org/apache/nutch/crawl/CrawlDbReader.java:526
36d2a6bb642f3017fe2d1802aa5cedb74ce0e3ae:src/java/org/apache/nutch/crawl/MimeAdaptiveFetchSchedule.java:111|src/java/org/apache/nutch/crawl/MimeAdaptiveFetchSchedule.java:112
10503ed297d8baee41bb193405a49bc84f109357:src/java/org/apache/nutch/plugin/PluginManifestParser.java:96|src/java/org/apache/nutch/plugin/PluginManifestParser.java:97|src/java/org/apache/nutch/plugin/PluginManifestParser.java:98|src/java/org/apache/nutch/plugin/PluginManifestParser.java:99|src/java/org/apache/nutch/plugin/PluginManifestParser.java:100|src/java/org/apache/nutch/plugin/PluginManifestParser.java:101|src/java/org/apache/nutch/plugin/PluginManifestParser.java:102|src/java/org/apache/nutch/plugin/PluginManifestParser.java:103
859ddd1b1766a694c710ff63bd858682e7f4ffc5:src/java/org/apache/nutch/parse/ParserChecker.java:135|src/java/org/apache/nutch/parse/ParserChecker.java:148|src/java/org/apache/nutch/parse/ParserChecker.java:149
7af530f50c9b7f3a61a102d7438ef554732b1e1e:src/plugin/protocol-http/src/java/org/apache/nutch/protocol/http/HttpResponse.java:230|src/plugin/protocol-http/src/java/org/apache/nutch/protocol/http/HttpResponse.java:231
eec91cf69c232aaac56c20ff65299e6df10a6470:src/java/org/apache/nutch/util/URLUtil.java:473|src/plugin/protocol-file/src/java/org/apache/nutch/protocol/file/File.java:110|src/plugin/protocol-file/src/java/org/apache/nutch/protocol/file/File.java:112|src/plugin/protocol-file/src/java/org/apache/nutch/protocol/file/File.java:166
e8b755a13dcc637eed5f7f137055b562c85885f3:src/plugin/indexer-solr/src/java/org/apache/nutch/indexwriter/solr/SolrIndexWriter.java:202|src/plugin/indexer-solr/src/java/org/apache/nutch/indexwriter/solr/SolrIndexWriter.java:203
71733df83d70024f0e553e2d2301ed311c40405a:src/java/org/apache/nutch/crawl/Generator.java:716
914c5be48bc829d3667abb0f9cf776b1e1f661fb:src/java/org/apache/nutch/parse/ParseOutputFormat.java:169|src/java/org/apache/nutch/parse/ParseOutputFormat.java:170|src/java/org/apache/nutch/parse/ParseOutputFormat.java:171|src/java/org/apache/nutch/parse/ParseOutputFormat.java:172|src/java/org/apache/nutch/parse/ParseOutputFormat.java:173|src/java/org/apache/nutch/parse/ParseOutputFormat.java:175|src/java/org/apache/nutch/parse/ParseOutputFormat.java:176|src/java/org/apache/nutch/parse/ParseOutputFormat.java:177|src/java/org/apache/nutch/parse/ParseOutputFormat.java:178|src/java/org/apache/nutch/parse/ParseOutputFormat.java:179|src/java/org/apache/nutch/parse/ParseOutputFormat.java:180|src/java/org/apache/nutch/parse/ParseOutputFormat.java:181|src/java/org/apache/nutch/parse/ParseOutputFormat.java:182|src/java/org/apache/nutch/parse/ParseOutputFormat.java:184|src/java/org/apache/nutch/parse/ParseOutputFormat.java:185|src/java/org/apache/nutch/parse/ParseOutputFormat.java:186|src/java/org/apache/nutch/parse/ParseOutputFormat.java:188|src/java/org/apache/nutch/parse/ParseOutputFormat.java:189|src/java/org/apache/nutch/parse/ParseOutputFormat.java:190|src/java/org/apache/nutch/parse/ParseOutputFormat.java:191|src/java/org/apache/nutch/parse/ParseOutputFormat.java:192|src/java/org/apache/nutch/parse/ParseOutputFormat.java:193|src/java/org/apache/nutch/parse/ParseOutputFormat.java:194|src/java/org/apache/nutch/parse/ParseOutputFormat.java:195|src/java/org/apache/nutch/parse/ParseOutputFormat.java:196|src/java/org/apache/nutch/parse/ParseOutputFormat.java:197|src/java/org/apache/nutch/parse/ParseOutputFormat.java:198|src/java/org/apache/nutch/parse/ParseOutputFormat.java:199|src/java/org/apache/nutch/parse/ParseOutputFormat.java:200|src/java/org/apache/nutch/parse/ParseOutputFormat.java:202|src/java/org/apache/nutch/parse/ParseOutputFormat.java:203|src/java/org/apache/nutch/parse/ParseOutputFormat.java:209|src/java/org/apache/nutch/parse/ParseOutputFormat.java:210|src/java/org/apache/nutch/parse/ParseOutputFormat.java:211|src/java/org/apache/nutch/parse/ParseOutputFormat.java:212|src/java/org/apache/nutch/parse/ParseOutputFormat.java:213|src/java/org/apache/nutch/parse/ParseOutputFormat.java:214|src/java/org/apache/nutch/parse/ParseOutputFormat.java:215|src/java/org/apache/nutch/parse/ParseOutputFormat.java:216|src/java/org/apache/nutch/parse/ParseOutputFormat.java:217|src/java/org/apache/nutch/parse/ParseOutputFormat.java:293|src/java/org/apache/nutch/parse/ParseOutputFormat.java:312
1b46ce6cad851eef37d33eb290a4aac49449f84c:src/java/org/apache/nutch/crawl/CrawlDbReducer.java:209
9cc0f7b47d69bd9f0c4fc8d821d491d61f17479a:src/java/org/apache/nutch/util/MimeUtil.java:28|src/java/org/apache/nutch/util/MimeUtil.java:131|src/java/org/apache/nutch/util/MimeUtil.java:132|src/java/org/apache/nutch/util/MimeUtil.java:133|src/java/org/apache/nutch/util/MimeUtil.java:134|src/java/org/apache/nutch/util/MimeUtil.java:148|src/java/org/apache/nutch/util/MimeUtil.java:152|src/java/org/apache/nutch/util/MimeUtil.java:153|src/java/org/apache/nutch/util/MimeUtil.java:155|src/java/org/apache/nutch/util/MimeUtil.java:156|src/java/org/apache/nutch/util/MimeUtil.java:157|src/java/org/apache/nutch/util/MimeUtil.java:158|src/java/org/apache/nutch/util/MimeUtil.java:161|src/java/org/apache/nutch/util/MimeUtil.java:163|src/java/org/apache/nutch/util/MimeUtil.java:164|src/java/org/apache/nutch/util/MimeUtil.java:165|src/java/org/apache/nutch/util/MimeUtil.java:174|src/java/org/apache/nutch/util/MimeUtil.java:175|src/java/org/apache/nutch/util/MimeUtil.java:191|src/java/org/apache/nutch/util/MimeUtil.java:193|src/java/org/apache/nutch/util/MimeUtil.java:194
02fda7de9b7d27c65a8ff8f14fbbf769623fc3e2:src/java/org/apache/nutch/util/URLUtil.java:31|src/java/org/apache/nutch/util/URLUtil.java:32|src/java/org/apache/nutch/util/URLUtil.java:33|src/java/org/apache/nutch/util/URLUtil.java:43|src/java/org/apache/nutch/util/URLUtil.java:44|src/java/org/apache/nutch/util/URLUtil.java:45|src/java/org/apache/nutch/util/URLUtil.java:47|src/java/org/apache/nutch/util/URLUtil.java:85|src/java/org/apache/nutch/util/URLUtil.java:86|src/java/org/apache/nutch/util/URLUtil.java:87|src/java/org/apache/nutch/util/URLUtil.java:88|src/java/org/apache/nutch/util/URLUtil.java:89|src/java/org/apache/nutch/util/URLUtil.java:90|src/java/org/apache/nutch/util/URLUtil.java:91|src/java/org/apache/nutch/util/URLUtil.java:92|src/java/org/apache/nutch/util/URLUtil.java:93|src/java/org/apache/nutch/util/URLUtil.java:94|src/java/org/apache/nutch/util/URLUtil.java:95|src/java/org/apache/nutch/util/URLUtil.java:96|src/java/org/apache/nutch/util/URLUtil.java:97|src/java/org/apache/nutch/util/URLUtil.java:98|src/java/org/apache/nutch/util/URLUtil.java:99|src/java/org/apache/nutch/util/URLUtil.java:100|src/java/org/apache/nutch/util/URLUtil.java:101|src/java/org/apache/nutch/util/URLUtil.java:102|src/java/org/apache/nutch/util/URLUtil.java:103|src/java/org/apache/nutch/util/URLUtil.java:106|src/java/org/apache/nutch/util/URLUtil.java:108|src/java/org/apache/nutch/util/URLUtil.java:109|src/java/org/apache/nutch/util/URLUtil.java:110|src/java/org/apache/nutch/util/URLUtil.java:111|src/java/org/apache/nutch/util/URLUtil.java:112|src/java/org/apache/nutch/util/URLUtil.java:114|src/java/org/apache/nutch/util/URLUtil.java:115|src/java/org/apache/nutch/util/URLUtil.java:116|src/java/org/apache/nutch/util/URLUtil.java:117|src/java/org/apache/nutch/util/URLUtil.java:119|src/java/org/apache/nutch/util/URLUtil.java:120|src/java/org/apache/nutch/util/URLUtil.java:121|src/java/org/apache/nutch/util/URLUtil.java:122|src/java/org/apache/nutch/util/URLUtil.java:123|src/java/org/apache/nutch/util/URLUtil.java:124|src/java/org/apache/nutch/util/URLUtil.java:125|src/java/org/apache/nutch/util/URLUtil.java:126|src/java/org/apache/nutch/util/URLUtil.java:127|src/java/org/apache/nutch/util/URLUtil.java:129|src/java/org/apache/nutch/util/URLUtil.java:130
c9a91f527cac841f5e9355e0d8aac67b2aa3cd6a:src/java/org/apache/nutch/fetcher/Fetcher.java:1387|src/java/org/apache/nutch/fetcher/Fetcher.java:1388|src/java/org/apache/nutch/fetcher/Fetcher.java:1389|src/java/org/apache/nutch/fetcher/Fetcher.java:1398|src/java/org/apache/nutch/fetcher/Fetcher.java:1400|src/java/org/apache/nutch/fetcher/Fetcher.java:1401|src/java/org/apache/nutch/fetcher/Fetcher.java:1402|src/java/org/apache/nutch/fetcher/Fetcher.java:1403|src/java/org/apache/nutch/fetcher/Fetcher.java:1404|src/java/org/apache/nutch/fetcher/Fetcher.java:1405|src/java/org/apache/nutch/fetcher/Fetcher.java:1406|src/java/org/apache/nutch/fetcher/Fetcher.java:1408|src/java/org/apache/nutch/fetcher/Fetcher.java:1409|src/java/org/apache/nutch/fetcher/Fetcher.java:1410|src/java/org/apache/nutch/fetcher/Fetcher.java:1411|src/java/org/apache/nutch/fetcher/Fetcher.java:1412|src/java/org/apache/nutch/fetcher/Fetcher.java:1413|src/java/org/apache/nutch/fetcher/Fetcher.java:1414|src/java/org/apache/nutch/fetcher/Fetcher.java:1415|src/java/org/apache/nutch/fetcher/Fetcher.java:1416|src/java/org/apache/nutch/protocol/RobotRulesParser.java:88|src/java/org/apache/nutch/protocol/RobotRulesParser.java:92|src/java/org/apache/nutch/protocol/RobotRulesParser.java:93|src/java/org/apache/nutch/protocol/RobotRulesParser.java:94|src/java/org/apache/nutch/protocol/RobotRulesParser.java:95|src/java/org/apache/nutch/protocol/RobotRulesParser.java:96|src/java/org/apache/nutch/protocol/RobotRulesParser.java:97|src/java/org/apache/nutch/protocol/RobotRulesParser.java:99|src/java/org/apache/nutch/protocol/RobotRulesParser.java:100|src/java/org/apache/nutch/protocol/RobotRulesParser.java:101|src/java/org/apache/nutch/protocol/RobotRulesParser.java:102|src/java/org/apache/nutch/protocol/RobotRulesParser.java:104|src/java/org/apache/nutch/protocol/RobotRulesParser.java:105|src/java/org/apache/nutch/protocol/RobotRulesParser.java:106|src/java/org/apache/nutch/protocol/RobotRulesParser.java:107|src/java/org/apache/nutch/protocol/RobotRulesParser.java:108|src/java/org/apache/nutch/protocol/RobotRulesParser.java:109|src/java/org/apache/nutch/protocol/RobotRulesParser.java:110|src/java/org/apache/nutch/protocol/RobotRulesParser.java:113|src/java/org/apache/nutch/protocol/RobotRulesParser.java:114|src/java/org/apache/nutch/protocol/RobotRulesParser.java:115|src/java/org/apache/nutch/protocol/RobotRulesParser.java:116|src/java/org/apache/nutch/protocol/RobotRulesParser.java:119|src/java/org/apache/nutch/protocol/RobotRulesParser.java:120|src/java/org/apache/nutch/protocol/RobotRulesParser.java:121|src/java/org/apache/nutch/protocol/RobotRulesParser.java:122|src/java/org/apache/nutch/protocol/RobotRulesParser.java:126|src/java/org/apache/nutch/protocol/RobotRulesParser.java:142|src/java/org/apache/nutch/protocol/RobotRulesParser.java:143|src/java/org/apache/nutch/protocol/RobotRulesParser.java:165|src/java/org/apache/nutch/protocol/RobotRulesParser.java:170|src/java/org/apache/nutch/protocol/RobotRulesParser.java:175|src/java/org/apache/nutch/protocol/RobotRulesParser.java:177|src/java/org/apache/nutch/protocol/RobotRulesParser.java:179|src/java/org/apache/nutch/protocol/RobotRulesParser.java:182|src/java/org/apache/nutch/protocol/RobotRulesParser.java:187|src/java/org/apache/nutch/protocol/RobotRulesParser.java:188
67e29cf34cf36cb9639ac83d08251dba9251f64e:src/plugin/lib-http/src/java/org/apache/nutch/protocol/http/api/HttpRobotRulesParser.java:47|src/plugin/lib-http/src/java/org/apache/nutch/protocol/http/api/HttpRobotRulesParser.java:48
c0999c2a4d11aa8e8829c6ef58144799468f6c78:src/plugin/protocol-http/src/java/org/apache/nutch/protocol/http/HttpResponse.java:160
38bfb64f150a609c0ae8ef742117220ac9677592:src/java/org/apache/nutch/crawl/CrawlDb.java:183|src/java/org/apache/nutch/crawl/CrawlDb.java:184|src/java/org/apache/nutch/crawl/CrawlDb.java:186|src/java/org/apache/nutch/crawl/CrawlDb.java:188
ace04938e127bb0ede1ba99b8978105fed411fda:src/plugin/lib-http/src/java/org/apache/nutch/protocol/http/api/HttpRobotRulesParser.java:52|src/plugin/lib-http/src/java/org/apache/nutch/protocol/http/api/HttpRobotRulesParser.java:53|src/plugin/lib-http/src/java/org/apache/nutch/protocol/http/api/HttpRobotRulesParser.java:54|src/plugin/lib-http/src/java/org/apache/nutch/protocol/http/api/HttpRobotRulesParser.java:55|src/plugin/lib-http/src/java/org/apache/nutch/protocol/http/api/HttpRobotRulesParser.java:57|src/plugin/lib-http/src/java/org/apache/nutch/protocol/http/api/HttpRobotRulesParser.java:58|src/plugin/lib-http/src/java/org/apache/nutch/protocol/http/api/HttpRobotRulesParser.java:59|src/plugin/lib-http/src/java/org/apache/nutch/protocol/http/api/HttpRobotRulesParser.java:60|src/plugin/lib-http/src/java/org/apache/nutch/protocol/http/api/HttpRobotRulesParser.java:64|src/plugin/lib-http/src/java/org/apache/nutch/protocol/http/api/HttpRobotRulesParser.java:65|src/plugin/lib-http/src/java/org/apache/nutch/protocol/http/api/HttpRobotRulesParser.java:67|src/plugin/lib-http/src/java/org/apache/nutch/protocol/http/api/HttpRobotRulesParser.java:117|src/plugin/lib-http/src/java/org/apache/nutch/protocol/http/api/HttpRobotRulesParser.java:118|src/plugin/lib-http/src/java/org/apache/nutch/protocol/http/api/HttpRobotRulesParser.java:120
237d8cac045d2fe3109830aa7737f612572dca41:src/plugin/protocol-httpclient/src/java/org/apache/nutch/protocol/httpclient/Http.java:83
f0c0031d30cee8d20cc177b783a898fa521b58ac:src/java/org/apache/nutch/fetcher/Fetcher.java:1194
c3dd2cfa95a43f30aacba30d451b68216a6b07c4:src/java/org/apache/nutch/crawl/CrawlDbReader.java:522
3c2c3c1ec10e1731e20465b1b26ff22864e5f417:src/plugin/parse-html/src/java/org/apache/nutch/parse/html/HtmlParser.java:69|src/plugin/parse-html/src/java/org/apache/nutch/parse/html/HtmlParser.java:70|src/plugin/parse-html/src/java/org/apache/nutch/parse/html/HtmlParser.java:71|src/plugin/parse-html/src/java/org/apache/nutch/parse/html/HtmlParser.java:72|src/plugin/parse-html/src/java/org/apache/nutch/parse/html/HtmlParser.java:73
3a4afbaf8f597448575e827dcefe9395b607a5c7:src/java/org/apache/nutch/indexer/IndexingFiltersChecker.java:20|src/java/org/apache/nutch/indexer/IndexingFiltersChecker.java:23|src/java/org/apache/nutch/indexer/IndexingFiltersChecker.java:24|src/java/org/apache/nutch/indexer/IndexingFiltersChecker.java:32|src/java/org/apache/nutch/indexer/IndexingFiltersChecker.java:33|src/java/org/apache/nutch/indexer/IndexingFiltersChecker.java:34
d04f2c7116eabf3d0d06fd1aa195b986058f7005:src/java/org/apache/nutch/indexer/IndexerMapReduce.java:188|src/java/org/apache/nutch/indexer/IndexerMapReduce.java:189|src/java/org/apache/nutch/indexer/IndexerMapReduce.java:191|src/java/org/apache/nutch/indexer/IndexerMapReduce.java:193|src/java/org/apache/nutch/indexer/IndexerMapReduce.java:195|src/java/org/apache/nutch/indexer/IndexerMapReduce.java:196|src/java/org/apache/nutch/indexer/IndexerMapReduce.java:197|src/java/org/apache/nutch/indexer/IndexerMapReduce.java:198|src/java/org/apache/nutch/indexer/IndexerMapReduce.java:200|src/java/org/apache/nutch/indexer/IndexerMapReduce.java:202|src/java/org/apache/nutch/indexer/IndexerMapReduce.java:203|src/java/org/apache/nutch/indexer/IndexerMapReduce.java:204|src/java/org/apache/nutch/indexer/IndexerMapReduce.java:205|src/java/org/apache/nutch/indexer/IndexerMapReduce.java:206
e332b0ba575f3bc9be512279bc59bbca5082b755:src/java/org/apache/nutch/crawl/NutchWritable.java:50
6e5f94f8b28dbfc4ff9e9c6a314b2d67619b22e3:src/java/org/apache/nutch/segment/SegmentMerger.java:411|src/java/org/apache/nutch/segment/SegmentMerger.java:412|src/java/org/apache/nutch/segment/SegmentMerger.java:413|src/java/org/apache/nutch/segment/SegmentMerger.java:414
d7fb075590a22b7b467432a187fd626907959fbe:src/java/org/apache/nutch/protocol/RobotRulesParser.java:124|src/java/org/apache/nutch/protocol/RobotRulesParser.java:125
141e56cc08c9138f03ecfc64a9ba9687bcfc1b9c:src/java/org/apache/nutch/plugin/Extension.java:36|src/java/org/apache/nutch/plugin/Extension.java:55|src/java/org/apache/nutch/plugin/Extension.java:152|src/java/org/apache/nutch/plugin/Extension.java:153|src/java/org/apache/nutch/plugin/Extension.java:154|src/java/org/apache/nutch/plugin/Extension.java:157|src/java/org/apache/nutch/plugin/PluginRepository.java:65|src/java/org/apache/nutch/plugin/PluginRepository.java:68|src/java/org/apache/nutch/plugin/PluginRepository.java:267|src/java/org/apache/nutch/plugin/PluginRepository.java:268|src/java/org/apache/nutch/plugin/PluginRepository.java:296|src/java/org/apache/nutch/plugin/PluginRepository.java:304
9d3edd77eafc76ac9b8e688e85703f14b65f8f4c:src/java/org/apache/nutch/util/URLUtil.java:472|src/java/org/apache/nutch/util/URLUtil.java:489|src/java/org/apache/nutch/util/URLUtil.java:490|src/java/org/apache/nutch/util/URLUtil.java:491|src/java/org/apache/nutch/util/URLUtil.java:492|src/java/org/apache/nutch/util/URLUtil.java:493|src/java/org/apache/nutch/util/URLUtil.java:494|src/java/org/apache/nutch/util/URLUtil.java:495|src/java/org/apache/nutch/util/URLUtil.java:497
7e6498c9d941c8b430b16f41ff8ce1550f144876:src/java/org/apache/nutch/indexer/solr/SolrDeleteDuplicates.java:270|src/java/org/apache/nutch/indexer/solr/SolrDeleteDuplicates.java:271
6136d94dc19af27d3e5521cb90b2dd49a1010582:src/java/org/apache/nutch/crawl/CrawlDbReducer.java:246|src/java/org/apache/nutch/crawl/CrawlDbReducer.java:247|src/java/org/apache/nutch/crawl/CrawlDbReducer.java:248|src/java/org/apache/nutch/crawl/CrawlDbReducer.java:249|src/java/org/apache/nutch/crawl/CrawlDbReducer.java:250
0f89d76013b2e9f2cabd5da8e679d5f4899c4902:src/java/org/apache/nutch/indexer/IndexingFilters.java:20|src/java/org/apache/nutch/indexer/IndexingFilters.java:21|src/java/org/apache/nutch/indexer/IndexingFilters.java:27|src/java/org/apache/nutch/indexer/IndexingFilters.java:29|src/java/org/apache/nutch/indexer/IndexingFilters.java:46|src/java/org/apache/nutch/indexer/IndexingFilters.java:47|src/java/org/apache/nutch/indexer/IndexingFilters.java:48|src/java/org/apache/nutch/indexer/IndexingFilters.java:49|src/java/org/apache/nutch/indexer/IndexingFilters.java:50|src/java/org/apache/nutch/indexer/IndexingFilters.java:51|src/java/org/apache/nutch/indexer/IndexingFilters.java:52|src/java/org/apache/nutch/indexer/IndexingFilters.java:53|src/java/org/apache/nutch/indexer/IndexingFilters.java:55|src/java/org/apache/nutch/indexer/IndexingFilters.java:56|src/java/org/apache/nutch/indexer/IndexingFilters.java:57|src/java/org/apache/nutch/indexer/IndexingFilters.java:58|src/java/org/apache/nutch/indexer/IndexingFilters.java:59|src/java/org/apache/nutch/indexer/IndexingFilters.java:60|src/java/org/apache/nutch/indexer/IndexingFilters.java:61|src/java/org/apache/nutch/indexer/IndexingFilters.java:63|src/java/org/apache/nutch/indexer/IndexingFilters.java:64|src/java/org/apache/nutch/indexer/IndexingFilters.java:65|src/java/org/apache/nutch/indexer/IndexingFilters.java:66|src/java/org/apache/nutch/indexer/IndexingFilters.java:67|src/java/org/apache/nutch/indexer/IndexingFilters.java:68|src/java/org/apache/nutch/indexer/IndexingFilters.java:69|src/java/org/apache/nutch/indexer/IndexingFilters.java:70|src/java/org/apache/nutch/indexer/IndexingFilters.java:71|src/java/org/apache/nutch/indexer/IndexingFilters.java:72|src/java/org/apache/nutch/indexer/IndexingFilters.java:73|src/java/org/apache/nutch/indexer/IndexingFilters.java:74|src/java/org/apache/nutch/indexer/IndexingFilters.java:75|src/java/org/apache/nutch/indexer/IndexingFilters.java:76|src/java/org/apache/nutch/indexer/IndexingFilters.java:77|src/java/org/apache/nutch/indexer/IndexingFilters.java:78|src/java/org/apache/nutch/indexer/IndexingFilters.java:80|src/java/org/apache/nutch/indexer/IndexingFilters.java:81|src/java/org/apache/nutch/indexer/IndexingFilters.java:82|src/java/org/apache/nutch/indexer/IndexingFilters.java:83|src/java/org/apache/nutch/indexer/IndexingFilters.java:85|src/java/org/apache/nutch/indexer/IndexingFilters.java:86|src/java/org/apache/nutch/indexer/IndexingFilters.java:87|src/java/org/apache/nutch/indexer/IndexingFilters.java:88|src/java/org/apache/nutch/indexer/IndexingFilters.java:89|src/java/org/apache/nutch/indexer/IndexingFilters.java:90|src/java/org/apache/nutch/indexer/IndexingFilters.java:91|src/java/org/apache/nutch/indexer/IndexingFilters.java:92|src/java/org/apache/nutch/indexer/IndexingFilters.java:93|src/java/org/apache/nutch/indexer/IndexingFilters.java:94|src/java/org/apache/nutch/indexer/IndexingFilters.java:95|src/java/org/apache/nutch/indexer/IndexingFilters.java:96|src/java/org/apache/nutch/indexer/IndexingFilters.java:97|src/java/org/apache/nutch/indexer/IndexingFilters.java:98|src/java/org/apache/nutch/indexer/IndexingFilters.java:99|src/java/org/apache/nutch/indexer/IndexingFilters.java:100|src/java/org/apache/nutch/indexer/IndexingFilters.java:101|src/java/org/apache/nutch/indexer/IndexingFilters.java:102|src/java/org/apache/nutch/indexer/IndexingFilters.java:103|src/java/org/apache/nutch/net/URLFilters.java:20|src/java/org/apache/nutch/net/URLFilters.java:21|src/java/org/apache/nutch/net/URLFilters.java:22|src/java/org/apache/nutch/net/URLFilters.java:24|src/java/org/apache/nutch/net/URLFilters.java:25|src/java/org/apache/nutch/net/URLFilters.java:26|src/java/org/apache/nutch/net/URLFilters.java:28|src/java/org/apache/nutch/net/URLFilters.java:30|src/java/org/apache/nutch/net/URLFilters.java:38|src/java/org/apache/nutch/net/URLFilters.java:39|src/java/org/apache/nutch/net/URLFilters.java:40|src/java/org/apache/nutch/net/URLFilters.java:42|src/java/org/apache/nutch/net/URLFilters.java:43|src/java/org/apache/nutch/net/URLFilters.java:44|src/java/org/apache/nutch/net/URLFilters.java:45|src/java/org/apache/nutch/net/URLFilters.java:46|src/java/org/apache/nutch/net/URLFilters.java:48|src/java/org/apache/nutch/net/URLFilters.java:49|src/java/org/apache/nutch/net/URLFilters.java:50|src/java/org/apache/nutch/net/URLFilters.java:52|src/java/org/apache/nutch/net/URLFilters.java:53|src/java/org/apache/nutch/net/URLFilters.java:54|src/java/org/apache/nutch/net/URLFilters.java:55|src/java/org/apache/nutch/net/URLFilters.java:56|src/java/org/apache/nutch/net/URLFilters.java:57|src/java/org/apache/nutch/net/URLFilters.java:58|src/java/org/apache/nutch/net/URLFilters.java:59|src/java/org/apache/nutch/net/URLFilters.java:60|src/java/org/apache/nutch/net/URLFilters.java:61|src/java/org/apache/nutch/net/URLFilters.java:62|src/java/org/apache/nutch/net/URLFilters.java:63|src/java/org/apache/nutch/net/URLFilters.java:64|src/java/org/apache/nutch/net/URLFilters.java:65|src/java/org/apache/nutch/net/URLFilters.java:66|src/java/org/apache/nutch/net/URLFilters.java:67|src/java/org/apache/nutch/net/URLFilters.java:68|src/java/org/apache/nutch/net/URLFilters.java:69|src/java/org/apache/nutch/net/URLFilters.java:70|src/java/org/apache/nutch/net/URLFilters.java:71|src/java/org/apache/nutch/net/URLFilters.java:72|src/java/org/apache/nutch/net/URLFilters.java:73|src/java/org/apache/nutch/net/URLFilters.java:74|src/java/org/apache/nutch/net/URLFilters.java:75|src/java/org/apache/nutch/net/URLFilters.java:76|src/java/org/apache/nutch/net/URLFilters.java:77|src/java/org/apache/nutch/net/URLFilters.java:78|src/java/org/apache/nutch/net/URLFilters.java:79|src/java/org/apache/nutch/net/URLFilters.java:80|src/java/org/apache/nutch/parse/HtmlParseFilters.java:20|src/java/org/apache/nutch/parse/HtmlParseFilters.java:21|src/java/org/apache/nutch/parse/HtmlParseFilters.java:24|src/java/org/apache/nutch/parse/HtmlParseFilters.java:25|src/java/org/apache/nutch/parse/HtmlParseFilters.java:38|src/java/org/apache/nutch/parse/HtmlParseFilters.java:39|src/java/org/apache/nutch/parse/HtmlParseFilters.java:40|src/java/org/apache/nutch/parse/HtmlParseFilters.java:41|src/java/org/apache/nutch/parse/HtmlParseFilters.java:42|src/java/org/apache/nutch/parse/HtmlParseFilters.java:43|src/java/org/apache/nutch/parse/HtmlParseFilters.java:44|src/java/org/apache/nutch/parse/HtmlParseFilters.java:46|src/java/org/apache/nutch/parse/HtmlParseFilters.java:47|src/java/org/apache/nutch/parse/HtmlParseFilters.java:48|src/java/org/apache/nutch/parse/HtmlParseFilters.java:49|src/java/org/apache/nutch/parse/HtmlParseFilters.java:50|src/java/org/apache/nutch/parse/HtmlParseFilters.java:51|src/java/org/apache/nutch/parse/HtmlParseFilters.java:52|src/java/org/apache/nutch/parse/HtmlParseFilters.java:53|src/java/org/apache/nutch/parse/HtmlParseFilters.java:55|src/java/org/apache/nutch/parse/HtmlParseFilters.java:56|src/java/org/apache/nutch/parse/HtmlParseFilters.java:57|src/java/org/apache/nutch/parse/HtmlParseFilters.java:58|src/java/org/apache/nutch/parse/HtmlParseFilters.java:59|src/java/org/apache/nutch/parse/HtmlParseFilters.java:60|src/java/org/apache/nutch/parse/HtmlParseFilters.java:61|src/java/org/apache/nutch/parse/HtmlParseFilters.java:62|src/java/org/apache/nutch/parse/HtmlParseFilters.java:63|src/java/org/apache/nutch/parse/HtmlParseFilters.java:64|src/java/org/apache/nutch/parse/HtmlParseFilters.java:65|src/java/org/apache/nutch/parse/HtmlParseFilters.java:66|src/java/org/apache/nutch/parse/HtmlParseFilters.java:67|src/java/org/apache/nutch/parse/HtmlParseFilters.java:69|src/java/org/apache/nutch/parse/HtmlParseFilters.java:70|src/java/org/apache/nutch/parse/HtmlParseFilters.java:71|src/java/org/apache/nutch/parse/HtmlParseFilters.java:73|src/java/org/apache/nutch/parse/HtmlParseFilters.java:74|src/java/org/apache/nutch/parse/HtmlParseFilters.java:75|src/java/org/apache/nutch/parse/HtmlParseFilters.java:76|src/java/org/apache/nutch/parse/HtmlParseFilters.java:77|src/java/org/apache/nutch/parse/HtmlParseFilters.java:78|src/java/org/apache/nutch/parse/HtmlParseFilters.java:79|src/java/org/apache/nutch/parse/HtmlParseFilters.java:80|src/java/org/apache/nutch/parse/HtmlParseFilters.java:81|src/java/org/apache/nutch/parse/HtmlParseFilters.java:82|src/java/org/apache/nutch/parse/HtmlParseFilters.java:83|src/java/org/apache/nutch/parse/HtmlParseFilters.java:84|src/java/org/apache/nutch/parse/HtmlParseFilters.java:85|src/java/org/apache/nutch/parse/HtmlParseFilters.java:86|src/java/org/apache/nutch/parse/HtmlParseFilters.java:87|src/java/org/apache/nutch/parse/HtmlParseFilters.java:88|src/java/org/apache/nutch/parse/HtmlParseFilters.java:89|src/java/org/apache/nutch/parse/HtmlParseFilters.java:90|src/java/org/apache/nutch/scoring/ScoringFilters.java:21|src/java/org/apache/nutch/scoring/ScoringFilters.java:30|src/java/org/apache/nutch/scoring/ScoringFilters.java:31|src/java/org/apache/nutch/scoring/ScoringFilters.java:32|src/java/org/apache/nutch/scoring/ScoringFilters.java:35|src/java/org/apache/nutch/scoring/ScoringFilters.java:37|src/java/org/apache/nutch/scoring/ScoringFilters.java:38|src/java/org/apache/nutch/scoring/ScoringFilters.java:39|src/java/org/apache/nutch/scoring/ScoringFilters.java:52|src/java/org/apache/nutch/scoring/ScoringFilters.java:53|src/java/org/apache/nutch/scoring/ScoringFilters.java:54|src/java/org/apache/nutch/scoring/ScoringFilters.java:56|src/java/org/apache/nutch/scoring/ScoringFilters.java:57|src/java/org/apache/nutch/scoring/ScoringFilters.java:58|src/java/org/apache/nutch/scoring/ScoringFilters.java:59|src/java/org/apache/nutch/scoring/ScoringFilters.java:60|src/java/org/apache/nutch/scoring/ScoringFilters.java:62|src/java/org/apache/nutch/scoring/ScoringFilters.java:63|src/java/org/apache/nutch/scoring/ScoringFilters.java:64|src/java/org/apache/nutch/scoring/ScoringFilters.java:65|src/java/org/apache/nutch/scoring/ScoringFilters.java:66|src/java/org/apache/nutch/scoring/ScoringFilters.java:67|src/java/org/apache/nutch/scoring/ScoringFilters.java:68|src/java/org/apache/nutch/scoring/ScoringFilters.java:69|src/java/org/apache/nutch/scoring/ScoringFilters.java:70|src/java/org/apache/nutch/scoring/ScoringFilters.java:71|src/java/org/apache/nutch/scoring/ScoringFilters.java:72|src/java/org/apache/nutch/scoring/ScoringFilters.java:73|src/java/org/apache/nutch/scoring/ScoringFilters.java:74|src/java/org/apache/nutch/scoring/ScoringFilters.java:75|src/java/org/apache/nutch/scoring/ScoringFilters.java:76|src/java/org/apache/nutch/scoring/ScoringFilters.java:77|src/java/org/apache/nutch/scoring/ScoringFilters.java:78|src/java/org/apache/nutch/scoring/ScoringFilters.java:79|src/java/org/apache/nutch/scoring/ScoringFilters.java:80|src/java/org/apache/nutch/scoring/ScoringFilters.java:81|src/java/org/apache/nutch/scoring/ScoringFilters.java:82|src/java/org/apache/nutch/scoring/ScoringFilters.java:83|src/java/org/apache/nutch/scoring/ScoringFilters.java:84|src/java/org/apache/nutch/scoring/ScoringFilters.java:85|src/java/org/apache/nutch/scoring/ScoringFilters.java:86|src/java/org/apache/nutch/scoring/ScoringFilters.java:87|src/java/org/apache/nutch/scoring/ScoringFilters.java:88
222149781e149a31c894045fd367419d9af78572:src/java/org/apache/nutch/parse/ParseSegment.java:97
aa3b90afea7d8a4a780d29b614b1f1fc88514239:src/java/org/apache/nutch/indexer/IndexerMapReduce.java:192|src/java/org/apache/nutch/indexer/IndexerMapReduce.java:199
5798509f50a7cdd6dcdcde6b7de02cc532e512a1:src/java/org/apache/nutch/indexer/IndexerMapReduce.java:92|src/java/org/apache/nutch/indexer/IndexerMapReduce.java:270
5bfd1952e2d7fbe3ab05df0ba7a0960de05bc06e:src/java/org/apache/nutch/protocol/ProtocolFactory.java:23|src/java/org/apache/nutch/protocol/ProtocolFactory.java:62|src/java/org/apache/nutch/protocol/ProtocolFactory.java:66|src/java/org/apache/nutch/protocol/ProtocolFactory.java:71|src/java/org/apache/nutch/protocol/ProtocolFactory.java:75|src/java/org/apache/nutch/protocol/ProtocolFactory.java:76|src/java/org/apache/nutch/protocol/ProtocolFactory.java:77|src/java/org/apache/nutch/protocol/ProtocolFactory.java:78|src/java/org/apache/nutch/protocol/ProtocolFactory.java:79|src/java/org/apache/nutch/protocol/ProtocolFactory.java:80|src/java/org/apache/nutch/protocol/ProtocolFactory.java:81|src/java/org/apache/nutch/protocol/ProtocolFactory.java:83|src/java/org/apache/nutch/protocol/ProtocolFactory.java:85|src/java/org/apache/nutch/protocol/ProtocolFactory.java:110|src/java/org/apache/nutch/protocol/ProtocolFactory.java:111|src/java/org/apache/nutch/protocol/ProtocolFactory.java:112|src/java/org/apache/nutch/protocol/ProtocolFactory.java:113
4fe88bf1fef69613336cbde97ab1e2fdde4d0568:src/java/org/apache/nutch/segment/SegmentMerger.java:415|src/java/org/apache/nutch/segment/SegmentMerger.java:416|src/java/org/apache/nutch/segment/SegmentMerger.java:417|src/java/org/apache/nutch/segment/SegmentMerger.java:418
9f873a309a87d812c66cdf08cb0b396ce8394d45:src/plugin/headings/src/java/org/apache/nutch/parse/headings/HeadingsParseFilter.java:37|src/plugin/headings/src/java/org/apache/nutch/parse/headings/HeadingsParseFilter.java:42|src/plugin/headings/src/java/org/apache/nutch/parse/headings/HeadingsParseFilter.java:47|src/plugin/headings/src/java/org/apache/nutch/parse/headings/HeadingsParseFilter.java:79
9a2a3aa524994fc2bdee4c31288e1b4b010515c4:src/java/org/apache/nutch/crawl/Injector.java:219|src/java/org/apache/nutch/crawl/Injector.java:220|src/java/org/apache/nutch/crawl/Injector.java:221|src/java/org/apache/nutch/crawl/Injector.java:223|src/java/org/apache/nutch/crawl/Injector.java:224|src/java/org/apache/nutch/crawl/Injector.java:225|src/java/org/apache/nutch/crawl/Injector.java:226|src/java/org/apache/nutch/crawl/Injector.java:236|src/java/org/apache/nutch/crawl/Injector.java:237|src/java/org/apache/nutch/crawl/Injector.java:239|src/java/org/apache/nutch/crawl/Injector.java:240
350088d308e5948d52cce906f075e4ed52bc389c:src/plugin/index-static/src/java/org/apache/nutch/indexer/staticfield/StaticFieldIndexer.java:60